utt_id,session,pass,item_id,item_type,script_text,verbatim_text,was_corrected,wav_path,duration_sec,file,duration_s,f0_mean_hz,f0_median_hz,f0_sd_hz,f0_p10_hz,f0_p90_hz,f0_span_st,f0_floor_used,f0_ceiling_used,f0_n_frames,f0_window_s,f0_time_step_s,f0_octave_jump_cost,f0_shs_anchor_hz,f0_anchor_confidence,f0_octave_jump_rate,f0_frames_repaired,f0_frames_repaired_shs,f0_pct_voiced,f0_quality_flag,hnr_db,jitter_local_pct,shimmer_local_pct,shimmer_local_db,cpps_db,formant_ceiling_hz,formant_smoothness,f1_median_hz,f2_median_hz,f3_median_hz,formant_n_plausible_ceilings,formant_flag,shr_mean,shr_median,shr_p90,shr_doubling_rate,shr_octave_risk_rate,shr_n_frames,creak_sonorant_restricted,creak_low_f0_hz,creak_f0_irregularity_pct,creak_hnr_db,creak_period_doubling_shr,creak_doubling_rate,creak_subtype_hint,s_cog_mean_hz,s_cog_sd_hz,s_n,sh_cog_mean_hz,sh_cog_sd_hz,sh_n,h1_h2_db_mean,h1s_h2s_db_mean,h1_a3_db_mean,tilt_n_vowels,vot_mean_ms,vot_n,vot_k_mean_ms,vot_k_n,vot_kʰ_mean_ms,vot_kʰ_n,vot_t_mean_ms,vot_t_n,vot_tʰ_mean_ms,vot_tʰ_n,f0_tracking_failed
s01_A_modal_C001,s01,A_modal,C001,command,Set a timer for twelve minutes.,Set a timer for twelve minutes.,False,data/split/s01_A_modal_C001.wav,2.48,s01_A_modal_C001.wav,2.48,134.70283039169541,119.71946662491395,28.365845676888824,99.63079216183657,166.22559139488,8.861746931214803,84.06902391635843,243.18684981489707,85.0,0.07136992581202671,0.008921240726503339,0.35,118.18663370664198,0.6587544070963649,0.0,0.0,0.0,31.48148148148148,,4.799272688196776,3.0553470483522385,13.235504910328947,1.2791744897878563,6.834188806249407,5500.0,0.1965250563940842,760.8400162794701,1991.136789044089,2704.5814741698005,13,,0.31098881883255364,0.2842717892921133,0.5848903899749173,0.5102040816326531,0.3469387755102041,49,True,99.63079216183657,3.0553470483522385,4.799272688196776,0.2842717892921133,0.5102040816326531,multiply_pulsed;irregular_f0,7212.968781541769,1036.67172283784,2,,,0,-2.4131155666354855,-3.638141722184747,4.811078974736767,6,,0,,0,,0,,0,,0,False
s01_A_modal_C002,s01,A_modal,C002,command,Text Marcus that I'm running late.,Text Marcus that I'm running late.,False,data/split/s01_A_modal_C002.wav,2.63,s01_A_modal_C002.wav,2.63,122.23097420396464,118.53141849213463,31.929879221220176,70.30874870704704,165.8514814984464,14.857389303684815,62.642676168095605,211.88006185840402,93.0,0.09578134854742758,0.011972668568428447,0.8,118.20276036859981,0.9089579235750423,0.010869565217391304,0.0,0.0,43.867924528301884,,7.3647077701130375,2.3039633625154137,10.339269283533762,0.9395626754929038,8.221604668842982,4750.0,0.1434952789758274,601.9335121791974,1738.6653621546234,2532.1939760209934,13,,0.2414219913494246,0.1689573575133703,0.5974152925673795,0.25263157894736843,0.21052631578947367,95,True,70.30874870704704,2.3039633625154137,7.3647077701130375,0.1689573575133703,0.25263157894736843,,5961.529562017029,308.93024821911706,2,,,0,-1.1741335968991464,-3.3299341200156594,7.802826661090792,8,34.10076609738877,2,28.675585928849443,1,,0,39.52594626592809,1,,0,False
s01_A_modal_C003,s01,A_modal,C003,command,What's the weather in Newton tomorrow?,What's the weather in Newton tomorrow?,False,data/split/s01_A_modal_C003.wav,2.86,s01_A_modal_C003.wav,2.86,131.04208242325623,136.16744688702553,24.512443371532296,98.49929774327155,160.25891299574724,8.426631028690078,58.316350148298056,226.50661745647676,78.0,0.05144354871954472,0.01286088717988618,0.35,133.15785357540608,0.569334189968105,0.0,0.0,0.0,35.61643835616438,,6.036087877728553,2.914360638336448,12.510766975332674,1.265243140677991,6.603186075442295,4250.0,0.15224872938351394,486.1281869672432,1385.0331799613216,2312.5847740772842,13,,0.3149226620356203,0.2723185217115599,0.5863731874275667,0.4782608695652174,0.3804347826086957,92,True,98.49929774327155,2.914360638336448,6.036087877728553,0.2723185217115599,0.4782608695652174,,7450.415103536385,,1,,,0,-1.488986742277054,-3.385155479610956,8.06512377607195,8,54.66833801264093,1,,0,,0,54.66833801264093,1,,0,False
s01_A_modal_C004,s01,A_modal,C004,command,Play the new Noah Kahan album.,Play the new Noah Kahn album.,True,data/split/s01_A_modal_C004.wav,2.56,s01_A_modal_C004.wav,2.56,146.7628234591554,149.2098830347031,18.998821165325484,117.78363436017362,167.33767462586198,6.079478360993194,78.63552930999089,240.03490283674154,138.0,0.07630138758712064,0.00953767344839008,0.35,148.9258959875751,0.8342067625359506,0.0,0.0,0.0,52.87356321839081,,10.518990576381626,1.5572948350120934,10.226391133213223,0.9939039881801641,9.364162432983596,4250.0,0.15675203730120726,558.6773130232485,1409.3251845831358,2400.595285022637,13,,0.17233809909984935,0.10768244853926802,0.4079383003487689,0.19540229885057472,0.14942528735632185,87,True,117.78363436017362,1.5572948350120934,10.518990576381626,0.10768244853926802,0.19540229885057472,,,,0,,,0,-4.405397495894844,-11.0409680240011,13.04637410242849,6,,0,,0,,0,,0,,0,False
s01_A_modal_C005,s01,A_modal,C005,command,Remind me to email my advisor on Monday.,Remind me to email my advisor on Monday.,False,data/split/s01_A_modal_C005.wav,2.96,s01_A_modal_C005.wav,2.96,144.95754744312026,141.86465667750613,26.19791268349775,114.98785079212824,191.12052781433468,8.796015647888632,68.0816433133331,237.33786131094917,160.0,0.0881294826034988,0.01101618532543735,0.35,143.00949335734762,0.8784480328602475,0.0,1.0,1.0,61.30268199233716,,9.652888283370032,1.8212630759704247,10.846171990471664,0.9347618543917401,10.088437859982992,5000.0,0.19413182003515903,528.4776580025507,1708.6954366877762,2578.9545196513063,13,,0.19448622960659756,0.13846366249231185,0.3517624606367637,0.16339869281045752,0.10457516339869281,153,True,114.98785079212824,1.8212630759704247,9.652888283370032,0.13846366249231185,0.16339869281045752,,,,0,,,0,-3.4692833305445663,-7.374117261400381,12.991554890289034,10,,0,,0,,0,,0,,0,False
s01_A_modal_C006,s01,A_modal,C006,command,How long is the flight to Tokyo?,How long is the flight to Tokyo?,False,data/split/s01_A_modal_C006.wav,2.66,s01_A_modal_C006.wav,2.66,154.32302727677654,153.8360420431521,12.969774080499986,139.36931122148636,172.7001170307507,3.712273706706907,110.36683679540725,242.1705204443782,109.0,0.027182078304565854,0.006795519576141463,0.35,156.25953751501973,0.8334345769930673,0.0,0.0,0.0,28.09278350515464,,7.454991909724468,1.8323068727073917,14.447673868607167,1.3145418876639194,8.165448341982538,5250.0,0.1792640194578682,701.3546639277736,1891.768078238019,2606.184062821304,13,,0.20504802176863554,0.1392050546881258,0.46012858342795343,0.18461538461538463,0.15384615384615385,65,True,139.36931122148636,1.8323068727073917,7.454991909724468,0.1392050546881258,0.18461538461538463,,,,0,,,0,-4.083713969364103,-7.771069323471454,9.366447465052808,8,,0,,0,,0,,0,,0,False
s01_A_modal_C007,s01,A_modal,C007,command,Add oat milk to my grocery list.,Add oat milk to my grocery list.,False,data/split/s01_A_modal_C007.wav,3.08,s01_A_modal_C007.wav,3.08,140.69005269366494,142.04968657020555,20.424468592120636,110.46362493782402,169.19656616711146,7.381546956650594,95.32671661626506,231.77377110612213,152.0,0.0314707157289012,0.0078676789322253,0.35,141.91448055627222,0.9404028244405408,0.006622516556291391,0.0,0.0,39.175257731958766,,8.818062388419783,2.3865190329268824,10.936363199411984,1.0944699285023178,8.418514067250598,3750.0,0.15193411031553825,513.8198031056575,1411.6180039617561,2174.8675385856773,13,,0.22287429415945734,0.17843588731642276,0.4027031279228399,0.2702702702702703,0.1891891891891892,74,True,110.46362493782402,2.3865190329268824,8.818062388419783,0.17843588731642276,0.2702702702702703,,5312.837473786052,2.399892215879814,2,,,0,-4.843642401455943,-7.336789529410437,9.699359629225476,5,47.215569775804546,1,47.215569775804546,1,,0,,0,,0,False
s01_A_modal_C008,s01,A_modal,C008,command,Call the gelato shop on Orchard Street.,Call the gelato shop on Orchard Street.,False,data/split/s01_A_modal_C008.wav,2.7,s01_A_modal_C008.wav,2.7,134.38966273737884,140.12950559755,24.753198460535987,99.9211926754066,164.4734774363457,8.62790826094619,85.13349881847805,226.90236534467513,164.0,0.03523877253531669,0.008809693133829172,0.8,141.016049201453,0.8285875508966081,0.012269938650306749,3.0,2.0,54.12541254125413,,7.131870942563843,2.8047929688136204,14.184887238760846,1.301399069330536,8.389214173821486,3750.0,0.2013024503393996,508.72128450766263,1382.1112594504025,2200.3416959502165,13,,0.36162146273783824,0.2680611734800916,0.7333585370436855,0.4805194805194805,0.36363636363636365,77,True,99.9211926754066,2.8047929688136204,7.131870942563843,0.2680611734800916,0.4805194805194805,,6915.412715719921,,1,3880.9055351563275,,1,-3.0448150508068417,-5.216247667464734,7.624271549454607,6,,0,,0,,0,,0,,0,False
s01_A_modal_C009,s01,A_modal,C009,command,Turn off the bedroom lights.,Turn off the bedroom lights.,False,data/split/s01_A_modal_C009.wav,2.2,s01_A_modal_C009.wav,2.2,140.72124683165634,133.8063256564397,18.224532954193666,122.15734860359464,169.78271855886302,5.6993875980810795,95.29031773641417,344.0363969588653,128.0,0.03148273687467811,0.007870684218669528,0.8,133.96587142480692,0.8319632764487378,0.015748031496062992,3.0,0.0,46.3768115942029,,7.267465052447805,2.2326993797357435,12.05172406543169,1.1477944771920416,8.77321525657591,4750.0,0.18639537589234137,681.8583656137181,1624.3542902465954,2520.0343576214104,13,,0.2559821054443373,0.17865157256427677,0.5609860845226943,0.36764705882352944,0.27941176470588236,68,True,122.15734860359464,2.2326993797357435,7.267465052447805,0.17865157256427677,0.36764705882352944,,8043.57277920762,,1,,,0,0.07627120657811659,-1.7055970409081063,14.373176850312454,4,,0,,0,,0,,0,,0,False
s01_A_modal_C010,s01,A_modal,C010,command,What time does the library close today?,What time does the library close today?,False,data/split/s01_A_modal_C010.wav,2.42,s01_A_modal_C010.wav,2.42,137.43264829806913,127.98069568168037,40.4965194701631,102.69661827876756,185.8525580224441,10.269238435126573,61.29933858042449,330.8591756571401,86.0,0.0978803383355927,0.012235042291949088,0.35,129.33609205777216,0.9241586332828811,0.011764705882352941,0.0,0.0,45.26315789473684,,6.67596689596159,2.2129673694158485,13.993543789648335,1.2691715067879203,8.35665844399673,4250.0,0.19446488856575464,553.8022523417401,1434.6737815397987,2373.7600823995485,13,,0.3061583003109746,0.2009506462632665,0.6042614433921892,0.38028169014084506,0.323943661971831,71,True,102.69661827876756,2.2129673694158485,6.67596689596159,0.2009506462632665,0.38028169014084506,,5998.4943927966115,,1,,,0,-0.24704660613497254,-2.4232172233950173,3.283562201029632,4,,0,,0,,0,,0,,0,False
s01_A_modal_C011,s01,A_modal,C011,command,Navigate to Grand Central Terminal.,Navigate to Grand Central Terminal.,False,data/split/s01_A_modal_C011.wav,2.68,s01_A_modal_C011.wav,2.68,130.53923014436907,123.55788807704913,27.665219525015395,103.04159290922493,177.1386965745777,9.37983128570448,62.51987589178415,213.0345511983682,93.0,0.0479847401679541,0.011996185041988525,0.8,124.07717591534998,0.7586250480885395,0.0,0.0,0.0,42.27272727272727,,5.20162981869277,2.7099165335239705,14.59649322798774,1.3075470432443699,7.128486964362288,3500.0,0.2002694393193891,462.15818939655196,1227.1328347418737,1934.2431736844383,13,ceiling_at_search_edge,0.29232246922331323,0.23983316403243432,0.6563199881750548,0.44155844155844154,0.2727272727272727,77,True,103.04159290922493,2.7099165335239705,5.20162981869277,0.23983316403243432,0.44155844155844154,,7029.000577225341,,1,,,0,-3.6562494112179564,-5.9009370420753795,0.3868601312200302,6,3.725026463329062,1,,0,,0,3.725026463329062,1,,0,False
s01_A_modal_C012,s01,A_modal,C012,command,Send a photo to the choir group chat.,Send a photo to the choir group chat.,False,data/split/s01_A_modal_C012.wav,2.94,s01_A_modal_C012.wav,2.94,140.4566303877108,133.7922385211245,20.19906497522573,117.985296828963,174.13626875434818,6.7393155825541715,91.55327021548199,351.91206784152826,140.0,0.06553561643268728,0.00819195205408591,0.35,133.52759785487436,0.9685639740537835,0.0,0.0,0.0,39.88603988603989,,6.532055988616151,2.457944118242326,13.185338618595202,1.2575055423316805,7.7154891393269756,4250.0,0.139432307842048,580.8660723414746,1527.8534127470598,2378.9480490917986,13,,0.24439856071498406,0.21293721434819804,0.42433080640001924,0.375,0.20833333333333334,72,True,117.985296828963,2.457944118242326,6.532055988616151,0.21293721434819804,0.375,,6941.943421445922,,1,,,0,2.4609684954088573,0.9779261427914662,10.48494711426967,5,,0,,0,,0,,0,,0,False
s01_A_modal_C013,s01,A_modal,C013,command,Show me my calendar for next Thursday.,Show me a calendar for next Thursday.,True,data/split/s01_A_modal_C013.wav,2.72,s01_A_modal_C013.wav,2.72,142.68093777737712,144.00693848491608,17.305454289441155,120.50007646628019,167.99736436156357,5.752854448873871,97.6643394510599,228.16312946772396,165.0,0.03071745548950664,0.00767936387237666,0.35,143.77859419327237,0.9526706284901074,0.006097560975609756,0.0,0.0,47.00854700854701,,9.374625782721822,1.8009579365879052,9.23821124196132,0.893494994322901,8.98551590267223,3750.0,0.2076708687077592,471.2920927360866,1531.3507351510918,2203.0113905552043,13,,0.11541455323145995,0.0795295514708215,0.25397341339300644,0.078125,0.03125,64,True,120.50007646628019,1.8009579365879052,9.374625782721822,0.0795295514708215,0.078125,,7053.69291615951,,1,4873.418907053718,,1,-1.770208669139275,-5.311400888440536,10.094451782837227,5,,0,,0,,0,,0,,0,False
s01_A_modal_C014,s01,A_modal,C014,command,Convert eighty degrees Fahrenheit to Celsius.,Convert eighty degrees Fahrenheit to Celsius.,False,data/split/s01_A_modal_C014.wav,3.61,s01_A_modal_C014.wav,3.61,134.78607779022366,135.55062992462558,23.792363628056393,103.59294780882595,163.14641688865532,7.862898108280886,64.83496433509906,223.49751744835726,142.0,0.09254265906570168,0.01156783238321271,0.35,135.18495367164812,0.8523650144277218,0.014184397163120567,2.0,1.0,46.557377049180324,,7.131519337801444,2.1571586553534523,12.147509477636186,1.1731450913516033,8.222620358842871,4500.0,0.16360970377891118,469.08906609410064,1759.676612146735,2527.068273855354,13,,0.2244101787457718,0.1474584602409505,0.5993370353089376,0.21774193548387097,0.1774193548387097,124,True,103.59294780882595,2.1571586553534523,7.131519337801444,0.1474584602409505,0.21774193548387097,,6462.647202223634,1092.4431275017064,3,,,0,-2.4120475193065785,-8.275582134578862,2.655264117964549,11,23.643906794769794,3,3.3654251185646356,1,,0,57.48504609050897,1,10.081249175235785,1,False
s01_A_modal_C015,s01,A_modal,C015,command,Skip to the next song.,Skip to the next song.,False,data/split/s01_A_modal_C015.wav,1.41,s01_A_modal_C015.wav,1.41,117.662237030907,114.93427822640929,16.640407413354787,99.47134224078273,146.23045900885904,6.670691986542607,60.644689938814665,206.836879915496,52.0,0.09893693917890403,0.012367117397363004,0.35,114.99507837545497,0.9726661518108074,0.0,0.0,0.0,48.598130841121495,period_doubling_present,4.923020590003052,2.9887651923109675,14.90815435691831,1.4765090859971854,7.798614524807103,4250.0,0.09801610340994966,640.127366843705,1604.360471485756,2537.2448452496565,13,,0.3549332188472908,0.3097117304903343,0.6667319516959256,0.5869565217391305,0.41304347826086957,46,True,99.47134224078273,2.9887651923109675,4.923020590003052,0.3097117304903343,0.5869565217391305,multiply_pulsed,4633.751132949477,1723.7945768420163,3,,,0,-1.5996606105553823,-2.4696139251824256,4.310031317730964,4,,0,,0,,0,,0,,0,False
s01_A_modal_C016,s01,A_modal,C016,command,What's the score of the Mets game?,What's the score of the Mets game?,False,data/split/s01_A_modal_C016.wav,2.76,s01_A_modal_C016.wav,2.76,125.06652889035975,121.5005780938848,23.621530684842654,95.82392521178852,157.66116920918728,8.620434745272163,77.92512955275843,229.22328902659237,66.0,0.0769969845983735,0.009624623074796687,0.8,121.49155395227012,0.5208629321347564,0.015384615384615385,2.0,1.0,23.655913978494624,,5.310805282686358,3.997500627062093,14.965818910975596,1.3865395375906129,6.131599536512297,4000.0,0.15558210983332713,573.383895268202,1406.9283490696873,2296.626659553015,13,,0.33488409325057317,0.23476655366617716,0.6663497281500548,0.4166666666666667,0.2916666666666667,48,True,95.82392521178852,3.997500627062093,5.310805282686358,0.23476655366617716,0.4166666666666667,irregular_f0,7318.268419460546,1462.9958720633413,3,,,0,-2.387087976396163,-3.97251743898466,12.59791781847982,5,12.749228581967254,1,12.749228581967254,1,,0,,0,,0,False
s01_A_modal_C017,s01,A_modal,C017,command,Set an alarm for six forty-five.,Set an alarm for six forty-five.,False,data/split/s01_A_modal_C017.wav,2.395,s01_A_modal_C017.wav,2.395,123.07317013197492,119.0297949853251,18.910916091040857,99.34312433486015,156.25939170057038,7.84141053365167,81.3512215259278,210.20642696444384,124.0,0.03687713526273059,0.009219283815682648,0.35,118.63222717121312,0.9537535672578942,0.0,2.0,1.0,48.4375,,6.909237967070262,1.7392578247746853,11.482588657306978,1.1769933969323274,8.760375198150902,3750.0,0.1734813078916292,541.9419723499947,1348.231600538003,1978.5692971528756,13,,0.19301023313159538,0.1617903062023969,0.3546686046080664,0.2222222222222222,0.1111111111111111,99,True,99.34312433486015,1.7392578247746853,6.909237967070262,0.1617903062023969,0.2222222222222222,,6641.858011964608,870.0944831913944,3,,,0,-5.149302093285741,-7.832842657433602,9.517289976815485,8,,0,,0,,0,,0,,0,False
s01_A_modal_C018,s01,A_modal,C018,command,Find a ramen place open past midnight.,Find a ramen place open past midnight.,False,data/split/s01_A_modal_C018.wav,2.58,s01_A_modal_C018.wav,2.58,153.0674098964825,145.2618921343072,26.174816523902166,122.51804041473734,193.78923145377908,7.9379304889608395,71.82688503679155,259.5962985946916,130.0,0.041767090393288304,0.010441772598322076,0.35,144.2846816933298,0.8826813574797191,0.0,0.0,0.0,53.278688524590166,,7.780006284741791,2.66476195580401,13.839399729188658,1.2826350704907896,8.438816255614718,4750.0,0.18295051206398297,580.9126667113574,1650.3486446824245,2547.270505945664,13,,0.24813384410071912,0.18761981935262018,0.4885449125613913,0.2916666666666667,0.1875,96,True,122.51804041473734,2.66476195580401,7.780006284741791,0.18761981935262018,0.2916666666666667,,6126.5904943413125,399.773453604499,2,,,0,-1.2851257785114907,-3.9613881727448197,10.029200263514541,7,,0,,0,,0,,0,,0,False
s01_A_modal_C019,s01,A_modal,C019,command,Read my last message from Anjali.,Read my last message from Anjali.,False,data/split/s01_A_modal_C019.wav,3.49,s01_A_modal_C019.wav,3.49,149.15999566421823,143.41159111284165,27.06026732218058,120.38771137322237,191.16123370398523,8.005222171138549,95.40858219271375,254.47441957430783,203.0,0.06288742440256295,0.007860928050320369,0.35,142.2573182640875,0.7244761911595825,0.0,0.0,0.0,46.559633027522935,,7.058097217610233,2.4272229266711305,15.385654151074151,1.3360576494124519,8.98154378696905,4000.0,0.20683248298571466,523.4111431413262,1319.6615155682691,2289.13089654365,13,,0.21305445347780114,0.15933586088477858,0.38041155095439083,0.1875,0.140625,64,True,120.38771137322237,2.4272229266711305,7.058097217610233,0.15933586088477858,0.1875,,7282.71008814438,291.5057192015529,2,,,0,-2.7703959214943286,-8.836263015519185,12.60823635264978,5,,0,,0,,0,,0,,0,False
s01_A_modal_C020,s01,A_modal,C020,command,How do you say thank you in Japanese?,How do you say thank you in Japanese?,False,data/split/s01_A_modal_C020.wav,2.74,s01_A_modal_C020.wav,2.74,165.19259838620698,170.6510532443773,28.230178930431233,112.45507259119906,194.28802501809858,9.466178923240257,90.38783164236764,281.27134634941694,110.0,0.06638061662702405,0.008297577078378006,0.35,162.73551261842795,0.7386481427022232,0.009174311926605505,0.0,0.0,34.05572755417957,,7.140837489305443,2.2661741274242266,11.850187931734279,1.1473528281067762,7.333072397146104,5000.0,0.14546493022656207,559.3698906416938,1917.3034506381673,2630.112468431783,13,,0.21550078837878084,0.18371818863434763,0.46734866348297016,0.2345679012345679,0.1728395061728395,81,True,112.45507259119906,2.2661741274242266,7.140837489305443,0.18371818863434763,0.2345679012345679,,7048.035363056146,,1,,,0,-3.8481787557955247,-11.059976224532434,5.744191066070421,7,,0,,0,,0,,0,,0,False
s01_A_modal_C021,s01,A_modal,C021,command,Start a workout on my watch.,Start a workout on my watch.,False,data/split/s01_A_modal_C021.wav,2.55,s01_A_modal_C021.wav,2.55,129.59927628581048,124.77340158304094,22.8768083057523,100.93859448862439,156.26676453112756,7.566396832223237,79.5395181545199,225.01716349120966,117.0,0.037717100500558196,0.009429275125139549,0.8,124.34963187134996,0.8804924728267395,0.008620689655172414,3.0,1.0,43.82022471910113,period_doubling_present,6.684630845698295,2.675767138710143,12.73271515577119,1.2080725903175713,7.68720699166027,4250.0,0.18262767896150933,577.1730306854397,1358.1168657772469,2426.003037075702,13,,0.34111984516906607,0.311767398216451,0.6173285284792032,0.5714285714285714,0.4642857142857143,84,True,100.93859448862439,2.675767138710143,6.684630845698295,0.311767398216451,0.5714285714285714,multiply_pulsed,5318.514753678952,,1,,,0,-0.034083596143064554,-1.2545243117595994,9.812164010500446,5,5.969353621978406,3,2.918232535451315,1,,0,7.49491416524195,2,,0,False
s01_A_modal_C022,s01,A_modal,C022,command,Cancel my reminder about the dentist.,Cancel my reminder about the dentist.,False,data/split/s01_A_modal_C022.wav,2.4,s01_A_modal_C022.wav,2.4,133.71458947562272,134.39784003813844,24.97470999597258,103.97914950696122,165.08420689033872,8.002894183668001,64.71435751970854,229.55553314171232,97.0,0.09271512891359109,0.011589391114198886,0.8,134.12402238319373,0.8056282772770537,0.020833333333333332,0.0,0.0,48.5,,8.632307851076735,1.7949724448353082,11.403277559981943,1.0805914914402344,8.94827360563912,5250.0,0.146208274571238,592.2143249760657,1817.0460873117795,2652.2036421128337,13,,0.19774705895475278,0.14335831972666796,0.35278707359054223,0.20202020202020202,0.10101010101010101,99,True,103.97914950696122,1.7949724448353082,8.632307851076735,0.14335831972666796,0.20202020202020202,,6705.524774956037,,1,,,0,-4.933165373534951,-6.1722071251224815,8.423712895042195,7,,0,,0,,0,,0,,0,False
s01_A_modal_C023,s01,A_modal,C023,command,Take a note about the pitch analysis.,Take a note about the pitch analysis.,False,data/split/s01_A_modal_C023.wav,2.78,s01_A_modal_C023.wav,2.78,131.36438393593548,144.233685653257,28.45690448920397,89.15434327905574,156.47468043369247,9.738626907555993,61.52667147029469,229.56256369133635,74.0,0.04875934173439581,0.012189835433598953,0.35,144.40897408024568,0.8200755357508569,0.0136986301369863,2.0,1.0,32.888888888888886,period_doubling_present,5.662406053280382,2.9474491480594356,13.750539084276822,1.3771214213157703,6.475335121548163,4250.0,0.14216661986580406,561.8187771120141,1512.7358117229996,2430.3287483144804,13,,0.30784812188091415,0.22896921053555566,0.5630840252334859,0.46153846153846156,0.4230769230769231,52,True,89.15434327905574,2.9474491480594356,5.662406053280382,0.22896921053555566,0.46153846153846156,,6988.475199892705,,1,,,0,-4.9525551395628264,-7.9652649710624575,0.9708179544125338,7,6.12940099601611,2,8.941234424464595,1,,0,3.3175675675676253,1,,0,False
s01_A_modal_C024,s01,A_modal,C024,command,What is twenty percent of forty-three dollars?,What is twenty percent of forty-three dollars?,False,data/split/s01_A_modal_C024.wav,2.215,s01_A_modal_C024.wav,2.215,136.8798112495984,136.73021057999276,23.28873667753735,104.2818354061383,162.49832349642458,7.679243442988962,67.6698222795691,226.47424608473017,112.0,0.04433290791877491,0.011083226979693727,0.35,132.13123790409568,0.894661524871995,0.009009009009009009,5.0,1.0,57.142857142857146,,7.246726245346675,3.216781885861665,15.12070218584793,1.2598496741485499,8.71016033953569,4750.0,0.15137028614875975,487.28352111758636,1725.876149881191,2524.616370489531,13,,0.2560141033628089,0.1691267121628442,0.5274018199930196,0.2777777777777778,0.2,90,True,104.2818354061383,3.216781885861665,7.246726245346675,0.1691267121628442,0.2777777777777778,irregular_f0,5254.839983537458,,1,,,0,-1.9365303609461517,-4.8510838953890465,14.705186351462983,11,,0,,0,,0,,0,,0,False
s01_A_modal_C025,s01,A_modal,C025,command,Turn the volume down a little.,Turn the volume down a little.,False,data/split/s01_A_modal_C025.wav,1.53,s01_A_modal_C025.wav,1.53,129.95082369237073,117.9658286306813,29.793793372999428,96.5614195732075,170.3318924154319,9.82595754333953,56.489006376389156,239.00667476350455,81.0,0.05310767868726254,0.013276919671815634,0.35,127.7441533887524,0.5533516314683253,0.0,2.0,1.0,72.32142857142857,,8.524896758483663,1.94347356260985,13.554211300924536,1.2395708895351776,10.31168204739009,5000.0,0.14105935579613202,513.6752802978148,1698.537016817953,2589.8252232489704,13,,0.2429137068705484,0.19672452209845728,0.4606114530281171,0.25675675675675674,0.16216216216216217,74,True,96.5614195732075,1.94347356260985,8.524896758483663,0.19672452209845728,0.25675675675675674,,,,0,,,0,-1.6361877320780611,-2.720393280658721,12.540366250702583,5,,0,,0,,0,,0,,0,False
s01_A_modal_C026,s01,A_modal,C026,command,Open the Praat documentation in Safari.,Open the Pratt documentation in Safari.,True,data/split/s01_A_modal_C026.wav,3.12,s01_A_modal_C026.wav,3.12,145.64196832901916,139.10311421779048,37.71396642974092,104.87379877468541,200.53596127881488,11.22248023504961,83.2707715896891,262.4472590417864,169.0,0.03602704697852795,0.009006761744631988,0.35,139.62799096295066,0.39200063575902233,0.005952380952380952,0.0,0.0,49.27113702623907,anchor_unreliable,7.015783909437989,2.6058421193074466,14.778988987844615,1.3568831159385302,8.224383887297323,4250.0,0.17840409484473133,568.1630782568684,1519.8627967551224,2464.7665596013167,13,,0.2599494462387206,0.19418867588945637,0.5689932675626735,0.34710743801652894,0.2396694214876033,121,True,104.87379877468541,2.6058421193074466,7.015783909437989,0.19418867588945637,0.34710743801652894,,6752.923515426803,,1,3948.765381013591,,1,-1.178364126789213,-3.860587467834124,9.571305730177635,11,36.39269087228936,1,,0,,0,,0,36.39269087228936,1,False
s01_A_modal_C027,s01,A_modal,C027,command,Schedule a meeting for Friday afternoon.,Schedule a meeting for Friday afternoon.,False,data/split/s01_A_modal_C027.wav,2.4,s01_A_modal_C027.wav,2.4,133.92247562921702,130.46852914226628,23.346975307194555,114.83126166761676,170.35278676868762,6.828121122649032,66.95152549565643,217.55629497874025,122.0,0.04480853838341039,0.011202134595852597,0.35,130.3435375921967,0.7970313613797316,0.024793388429752067,0.0,0.0,57.81990521327014,,8.277295096548247,1.9321603012985344,10.760702937307967,1.0563646279233694,9.638339724814795,4250.0,0.17903460227925524,507.6569111431605,1564.749945607867,2404.6596023008005,13,,0.1736491715789861,0.1268414039308161,0.3999750243362275,0.17582417582417584,0.13186813186813187,91,True,114.83126166761676,1.9321603012985344,8.277295096548247,0.1268414039308161,0.17582417582417584,,7257.857794375348,,1,,,0,-2.984771449223171,-5.642356762934954,5.715038916413849,11,3.572940173848238,1,,0,,0,3.572940173848238,1,,0,False
s01_A_modal_C028,s01,A_modal,C028,command,Is it going to rain this evening?,Is it going to rain this evening?,False,data/split/s01_A_modal_C028.wav,2.32,s01_A_modal_C028.wav,2.32,142.94885376896036,141.45237496100185,12.046157965179058,127.13232510591352,157.4580085545781,3.7036348245598556,102.43288450099686,227.24672966331343,117.0,0.058574939378394725,0.007321867422299341,0.8,141.00267164546463,0.8778913330602129,0.0,0.0,0.0,37.86407766990291,,9.041572350299637,1.9182423896237606,12.696630535793584,1.245430501126498,8.038151435061762,5000.0,0.13686596950635938,450.65055021249714,1853.1479615483086,2589.978173335834,13,,0.23324146031010173,0.1788507915760313,0.5995552163430731,0.23636363636363636,0.16363636363636364,55,True,127.13232510591352,1.9182423896237606,9.041572350299637,0.1788507915760313,0.23636363636363636,,6604.16410493383,,1,,,0,-4.243299705822894,-9.71102934377024,4.78443523211461,7,,0,,0,,0,,0,,0,False
s01_A_modal_C029,s01,A_modal,C029,command,Play something quiet while I study.,Play something quiet while I study.,False,data/split/s01_A_modal_C029.wav,2.2,s01_A_modal_C029.wav,2.2,161.04804632202604,169.78437346429496,26.176539900720577,122.86165265687713,187.26281753223267,7.296357301152954,74.82312135494047,270.30222111218603,101.0,0.08018911656381772,0.010023639570477215,0.35,169.75492887165507,0.8483854177934891,0.0,0.0,0.0,47.64150943396226,,6.1800982361033,2.3912255129514786,12.311244346641093,1.0648969945729134,8.30018155767521,4750.0,0.15165412575969328,591.7266958152159,1731.3728350447202,2541.7632029234064,13,,0.2589917434709787,0.2145978011398813,0.4690810080116335,0.35526315789473684,0.25,76,True,122.86165265687713,2.3912255129514786,6.1800982361033,0.2145978011398813,0.35526315789473684,,6549.170446950048,622.8962216607746,2,,,0,-3.923451569217673,-8.170277658422345,6.739047822066797,6,3.387674593974266,1,,0,,0,3.387674593974266,1,,0,False
s01_A_modal_C030,s01,A_modal,C030,command,Delete the last voice memo.,Delete the last voice memo.,False,data/split/s01_A_modal_C030.wav,2.2,s01_A_modal_C030.wav,2.2,129.17861744437138,124.2537859654986,26.66563752502933,94.89515741144562,177.07719408187566,10.799664552073839,61.30957685240924,203.89571377622002,78.0,0.0978639930013515,0.012232999125168937,0.35,122.30858364065777,0.9103732793093551,0.03896103896103896,3.0,3.0,45.348837209302324,,6.510675482881379,3.330491223171443,18.20887732871564,1.58330996831396,7.278335886636914,4500.0,0.140561096901615,627.4990534152381,1659.451375140975,2574.2185310546147,12,,0.3140846206355395,0.2762833005404004,0.5733171690968303,0.4782608695652174,0.3188405797101449,69,True,94.89515741144562,3.330491223171443,6.510675482881379,0.2762833005404004,0.4782608695652174,irregular_f0,6207.915434100979,523.056546244589,2,,,0,0.49963338033642773,-4.393585824175641,5.658630709778353,4,,0,,0,,0,,0,,0,False
s01_A_modal_C031,s01,A_modal,C031,command,What's the fastest way to Morningside Heights?,What's the fastest way to Morningside Heights?,False,data/split/s01_A_modal_C031.wav,2.84,s01_A_modal_C031.wav,2.84,116.53357726060875,114.81031180316067,19.045032131009737,93.50325633791016,141.27388577531948,7.144875558453057,72.79851473445795,198.71505597369858,89.0,0.08241926393533962,0.010302407991917452,0.8,114.88727632121349,0.8987352040127163,0.0,0.0,0.0,33.208955223880594,,5.8591382062513055,1.9691416813272762,17.195849552965747,1.5634117152231677,7.630458481210377,4500.0,0.13862787154698591,566.1998417230782,1491.5030808549786,2371.202809851834,13,,0.24555469541791275,0.18417075750421524,0.5143482063371382,0.2967032967032967,0.21978021978021978,91,True,93.50325633791016,1.9691416813272762,5.8591382062513055,0.18417075750421524,0.2967032967032967,,6717.5030267970915,992.6149168920873,5,,,0,-2.132923756616793,-3.525909287324642,7.220623162254299,8,,0,,0,,0,,0,,0,False
s01_A_modal_C032,s01,A_modal,C032,command,Add a wisteria trellis to my shopping list.,Add a wisteria trellis to my shopping list.,False,data/split/s01_A_modal_C032.wav,2.82,s01_A_modal_C032.wav,2.82,141.2309900662184,138.25367140898288,28.676863997543492,102.39613289461056,183.63838147953695,10.112476685744745,89.22917784729705,242.59435964047867,145.0,0.06724257854609106,0.008405322318261382,0.35,137.55808542983178,0.9417246044963011,0.0,0.0,0.0,44.207317073170735,,8.03031014741101,2.645255100442554,12.880318071404945,1.1931673559791673,8.212593414984767,5000.0,0.19423575331615495,555.3621310405246,1814.6531940703915,2633.777539715087,13,,0.25446455406571566,0.22313149913281527,0.3851717169041596,0.3333333333333333,0.16666666666666666,54,True,102.39613289461056,2.645255100442554,8.03031014741101,0.22313149913281527,0.3333333333333333,,6179.644423053259,,1,5001.21166740788,,1,-1.1520419803681765,-4.982851641700325,12.694039667680592,5,,0,,0,,0,,0,,0,False
s01_A_modal_C033,s01,A_modal,C033,command,Tell me a joke about linguists.,Tell me a joke about linguists.,False,data/split/s01_A_modal_C033.wav,2.18,s01_A_modal_C033.wav,2.18,141.14142615762674,144.06256087900374,29.763018925514054,104.52471537720928,182.0763958899528,9.60839748864884,86.22504019110839,252.16542671898668,97.0,0.06958535463366158,0.008698169329207698,0.35,143.79137891637095,0.5399334795064592,0.0,0.0,0.0,39.91769547325103,,6.403015882073489,3.803795547526559,12.573462668256424,1.109667493378173,7.541566962663496,3750.0,0.1447622417437738,514.340858521584,1312.157604368315,2312.763187551662,13,,0.29798535165724716,0.181174360001409,0.7487105019547962,0.32142857142857145,0.26785714285714285,56,True,104.52471537720928,3.803795547526559,6.403015882073489,0.181174360001409,0.32142857142857145,irregular_f0,5215.719543829382,1957.4411473744085,2,,,0,-4.832840107792016,-12.001468366586282,6.176560428896566,4,,0,,0,,0,,0,,0,False
s01_A_modal_C034,s01,A_modal,C034,command,Show me photos from Cape Cod.,Show me photos of Cape Caw.,True,data/split/s01_A_modal_C034.wav,2.18,s01_A_modal_C034.wav,2.18,144.3988864304228,145.4020327977338,17.59670225299388,118.49797882975095,165.57597480226556,5.791570800048563,98.64516368829878,359.66405250491056,120.0,0.03041203326986681,0.007603008317466703,0.35,146.41291162559935,0.6113297697095212,0.0,6.0,3.0,42.40282685512368,,8.22921341032344,1.7232523519005334,13.923142081795694,1.1335832221093376,8.864401721489148,4250.0,0.16000789766707846,479.36815025682654,1272.9497805482538,2370.5066446760875,13,,0.12987182937114222,0.11795939313390764,0.2406762054359078,0.045454545454545456,0.0,22,True,118.49797882975095,1.7232523519005334,8.22921341032344,0.11795939313390764,0.045454545454545456,,,,0,4754.3713283522575,,1,-2.369530277481079,-9.209518139144723,6.02902067932331,2,,0,,0,,0,,0,,0,False
s01_A_modal_C035,s01,A_modal,C035,command,How many days until September first?,How many days until September?,True,data/split/s01_A_modal_C035.wav,2.37,s01_A_modal_C035.wav,2.37,130.38544525753161,120.25431122974376,28.992977819171987,110.79164637374534,181.8619068934989,8.579931337748665,64.0240443078559,211.52671432650328,95.0,0.04685739603663077,0.011714349009157693,0.35,119.28359804816927,0.8677285991660093,0.010638297872340425,0.0,0.0,47.73869346733668,,6.505166462770097,3.07132095409247,16.766051481893324,1.387494735111069,7.2219489225320155,5250.0,0.15869169126195157,592.0474947297791,2226.730342378207,2603.882037577524,13,,0.2155842864320477,0.17724662671273198,0.3897595492605294,0.23076923076923078,0.15384615384615385,78,True,110.79164637374534,3.07132095409247,6.505166462770097,0.17724662671273198,0.23076923076923078,irregular_f0,6961.548983548143,,1,,,0,-3.6276252627578938,-8.832975036812458,8.190197700963662,7,,0,,0,,0,,0,,0,False
s01_A_modal_C036,s01,A_modal,C036,command,Turn on do not disturb until noon.,Turn on do not disturb until noon.,False,data/split/s01_A_modal_C036.wav,2.5,s01_A_modal_C036.wav,2.5,135.95279796575826,129.25071258842684,26.599611822482412,106.71230877595623,170.24705135538926,8.086838606908005,88.03803549172048,346.6032066025007,130.0,0.03407618063310982,0.008519045158277455,0.8,129.56844122774277,0.7673396211579478,0.023255813953488372,0.0,0.0,44.827586206896555,,9.207602390025524,2.376562965654513,13.178471357715205,1.2189367979184234,8.687520542279566,5000.0,0.16112121899968954,608.4599198675539,1869.8786580917151,2660.5816696847196,13,,0.22629520119252955,0.18215606432302678,0.4039546956645735,0.27710843373493976,0.1686746987951807,83,True,106.71230877595623,2.376562965654513,9.207602390025524,0.18215606432302678,0.27710843373493976,,5720.806148687216,,1,,,0,-3.9165437943213677,-7.047394957123407,13.09727754265873,6,3.726866531206685,1,,0,,0,3.726866531206685,1,,0,False
s01_A_modal_C037,s01,A_modal,C037,command,Where is the nearest pharmacy?,Where is the nearest pharmacy?,False,data/split/s01_A_modal_C037.wav,2.28,s01_A_modal_C037.wav,2.28,137.11241429593886,139.4972047407693,19.44228268662715,109.64476411838362,166.763349483944,7.259584008043614,67.43448143390513,224.10331467894457,75.0,0.04448762615518003,0.011121906538795008,0.35,139.28470024286435,0.7198633580591424,0.0,0.0,0.0,37.12871287128713,,8.68372430438698,1.423181529892677,7.977497118919516,0.8089539856109038,8.46111119147955,4500.0,0.14946413584879636,552.9111114075831,1571.9309103235219,2331.450747038886,13,,0.14852521148921433,0.1064286472448793,0.2731344498205293,0.0945945945945946,0.05405405405405406,74,True,109.64476411838362,1.423181529892677,8.68372430438698,0.1064286472448793,0.0945945945945946,,5964.722404849576,559.5332742033843,2,,,0,-4.697641173818917,-7.704195259122383,9.097208415570407,5,,0,,0,,0,,0,,0,False
s01_A_modal_C038,s01,A_modal,C038,command,Email the lab about the annotation deadline.,Email the lab about the annotation deadline.,False,data/split/s01_A_modal_C038.wav,3.12,s01_A_modal_C038.wav,3.12,137.0124732371376,133.0558474837605,22.736819984378624,105.02585379405133,171.8796574917298,8.527851519166045,66.66316104622243,230.41253677757203,148.0,0.09000473283647265,0.01125059160455908,0.35,133.18876556636297,0.9333634248186191,0.0,0.0,0.0,54.81481481481482,,7.514895097864986,2.570437735526752,12.62544260448824,1.2379839249890743,8.56011217685241,5250.0,0.16270800392034365,591.8050329113701,1859.8779778415624,2680.606737293975,13,,0.23644873610400574,0.17659709326152834,0.5006480273829574,0.2713178294573643,0.20155038759689922,129,True,105.02585379405133,2.570437735526752,7.514895097864986,0.17659709326152834,0.2713178294573643,,,,0,4120.991614153806,,1,-0.8495709072678014,-4.0989653993542605,7.663626425417505,10,,0,,0,,0,,0,,0,False
s01_A_modal_C039,s01,A_modal,C039,command,What's on my agenda this morning?,What is my agenda this morning?,True,data/split/s01_A_modal_C039.wav,1.83,s01_A_modal_C039.wav,1.83,132.44588699878526,131.98638700605179,28.695106049412782,93.33580520974424,172.80871497681977,10.664081298641634,68.6978990113218,221.73893125869762,79.0,0.0873389155469102,0.010917364443363775,0.35,131.20124334264065,0.7423030233891111,0.0,0.0,0.0,49.375,,6.1912560547260345,3.6653544576061092,14.17172790694152,1.228747620250085,7.871484822274283,4750.0,0.19860199439150672,467.2074687722013,1543.315348715454,2533.7928847296153,13,,0.3622772240479351,0.2694327430682322,0.7473718025470585,0.4788732394366197,0.39436619718309857,71,True,93.33580520974424,3.6653544576061092,6.1912560547260345,0.2694327430682322,0.4788732394366197,irregular_f0,5692.3571467276615,,1,,,0,-1.0524007658929277,-3.4156316734680416,9.123861985085718,6,,0,,0,,0,,0,,0,False
s01_A_modal_C040,s01,A_modal,C040,command,Play white noise for thirty minutes.,Play white noise for thirty minutes.,False,data/split/s01_A_modal_C040.wav,2.26,s01_A_modal_C040.wav,2.26,118.27646607541273,126.29355575980175,25.972448327373044,72.17416054931266,146.2042114998958,12.22116650110737,59.95081871053581,209.24697495267296,104.0,0.05004101802988017,0.012510254507470042,0.8,125.92113704800634,0.9373638067933129,0.019417475728155338,4.0,2.0,58.75706214689266,,6.735672505712375,1.7391206256462253,9.132264913135256,0.9179732270517525,8.777404011591319,4500.0,0.1658215863683262,526.6933121875672,1673.5428643385385,2495.193393020481,13,,0.25166190902712915,0.15165442729994308,0.6311887548828861,0.3114754098360656,0.2459016393442623,61,True,72.17416054931266,1.7391206256462253,6.735672505712375,0.15165442729994308,0.3114754098360656,,,,0,,,0,-4.208574573079996,-7.658893291057826,7.359605995354276,6,,0,,0,,0,,0,,0,False
s01_A_modal_D001,s01,A_modal,D001,declarative,The old bridge groaned under the weight of the truck.,The old bridge groaned under the weight of the truck.,False,data/split/s01_A_modal_D001.wav,3.12,s01_A_modal_D001.wav,3.12,133.79917723134258,131.1109529897746,18.229768251716106,111.94830755608645,157.0881979825439,5.864904931532546,66.18377697604507,318.16456529705533,100.0,0.0906566574792441,0.011332082184905513,0.8,130.76068765122298,0.8496983371269041,0.0,2.0,1.0,37.3134328358209,,8.263352431802653,3.130916188965601,15.4359076263464,1.3068036650640358,7.977427103829596,4750.0,0.1852688251940786,487.19608092976796,1735.2279833318357,2546.351824148514,13,,0.320215883632252,0.20047435535135427,0.759535754342149,0.3870967741935484,0.3010752688172043,93,True,111.94830755608645,3.130916188965601,8.263352431802653,0.20047435535135427,0.3870967741935484,irregular_f0,,,0,,,0,1.8563890905962177,3.846629754333291,2.1529696140647747,7,,0,,0,,0,,0,,0,False
s01_A_modal_D002,s01,A_modal,D002,declarative,She poured the vinegar into a shallow glass dish.,She poured the vinegar into a shallow glass dish.,False,data/split/s01_A_modal_D002.wav,3.5,s01_A_modal_D002.wav,3.5,134.37767333497902,137.2921666353168,19.131618897086938,105.98815938813057,157.3417336677317,6.839979407693537,66.80097415591634,330.40813844638694,171.0,0.0898190494347544,0.0112273811793443,0.8,137.25382006838083,0.8925120326378009,0.0,2.0,1.0,56.25,,7.130768630206488,2.6372561547056725,12.137103290647383,1.2612183290209489,9.043196149317197,4000.0,0.190658218590157,501.9785939457343,1437.5352379673554,2368.5195876055577,13,,0.19411897496544595,0.14582697076367768,0.38605154069067416,0.1724137931034483,0.13793103448275862,116,True,105.98815938813057,2.6372561547056725,7.130768630206488,0.14582697076367768,0.1724137931034483,,6151.854083843368,,1,4296.397602994689,297.7748434541172,3,-3.86154340805513,-6.857492183962017,5.121032479394171,8,,0,,0,,0,,0,,0,False
s01_A_modal_D003,s01,A_modal,D003,declarative,Seven zebras wandered across the dusty road.,Seven zebras wandered across the dusty road.,False,data/split/s01_A_modal_D003.wav,3.06,s01_A_modal_D003.wav,3.06,122.43780855338919,118.41056757445807,17.01616625194289,106.02849150671133,151.550698113245,6.184182076279354,80.71143362049482,300.70565608416837,120.0,0.037169455000712795,0.009292363750178199,0.8,118.50411640647651,0.7635403995842874,0.008403361344537815,0.0,0.0,36.809815950920246,,7.7971879599121054,2.0999281238948027,14.957778501808919,1.2992177402261864,7.390685070366256,3750.0,0.20111389952163128,556.6118358241301,1329.768536651277,2227.3370355746997,13,,0.21716050237885687,0.145017768395532,0.496696953138353,0.2976190476190476,0.19047619047619047,84,True,106.02849150671133,2.0999281238948027,7.7971879599121054,0.145017768395532,0.2976190476190476,,6492.514422759122,1301.824645948412,3,,,0,-6.3639206559937485,-9.378433309865263,7.906381276159519,8,,0,,0,,0,,0,,0,False
s01_A_modal_D004,s01,A_modal,D004,declarative,My grandmother kept her thimbles in a wooden box.,My grandmother kept her thimbles in a wooden box.,False,data/split/s01_A_modal_D004.wav,2.9,s01_A_modal_D004.wav,2.9,143.20985378521752,139.54673404881498,21.378191744381112,117.91357285353013,178.03107030768666,7.132791007356898,92.56031295750378,237.62151456946668,200.0,0.032411299229048174,0.008102824807262043,0.8,139.34867022906357,0.9222508949884252,0.0,0.0,0.0,56.49717514124294,,9.213504316981856,2.291874657689959,14.01128540673027,1.2720463420697659,8.614479420990921,4500.0,0.16609740179316632,542.5657820964325,1623.5308838557112,2511.8868978374885,13,,0.20556784471774947,0.14918949681718946,0.43723415948533695,0.24705882352941178,0.1411764705882353,85,True,117.91357285353013,2.291874657689959,9.213504316981856,0.14918949681718946,0.24705882352941178,,6324.937420467517,,1,,,0,-2.6721753871208938,-5.092575703532197,8.293940796013782,9,,0,,0,,0,,0,,0,False
s01_A_modal_D005,s01,A_modal,D005,declarative,The judge asked for silence in the crowded room.,The judge asked for silence in the crowded room.,False,data/split/s01_A_modal_D005.wav,3.44,s01_A_modal_D005.wav,3.44,127.18377510963293,125.37702657421434,17.575509958917078,104.86456961492252,153.14015209473956,6.555903306626212,87.82191986690043,205.7719971905257,204.0,0.034160036634893504,0.008540009158723376,0.35,125.49892664857676,0.936728908167262,0.0,2.0,1.0,51.12781954887218,,8.164813274410982,1.9557014330379314,13.063457564818767,1.1680639125936065,8.778157190727867,4500.0,0.16702529994386814,578.4879799114758,1673.4779712606464,2501.0510564612705,13,,0.21295936515886066,0.1627738829719142,0.471690241139842,0.2642857142857143,0.17142857142857143,140,True,104.86456961492252,1.9557014330379314,8.164813274410982,0.1627738829719142,0.2642857142857143,,6247.063103177403,515.6322212345366,3,,,0,-1.0228319078204953,-3.3697295680520973,10.755208498013197,10,,0,,0,,0,,0,,0,False
s01_A_modal_D006,s01,A_modal,D006,declarative,Thick fog settled over the harbor before dawn.,Thick fog settled over the harbor before dawn.,False,data/split/s01_A_modal_D006.wav,3.28,s01_A_modal_D006.wav,3.28,133.3978957601044,125.63750108072435,20.014979090909996,114.87021448278274,164.7819181852362,6.246638182912124,89.12827976945897,224.20784329342214,201.0,0.03365935040774781,0.008414837601936953,0.8,125.61902884262025,0.8844190660912599,0.005,5.0,3.0,52.07253886010363,,8.678448809935189,1.7847562796238332,11.570901598747223,1.0617068153921363,8.950017147950648,5000.0,0.1621339535849056,598.1764232450494,1441.3739456549615,2564.2913358593855,13,,0.22352040282227878,0.1551475687098357,0.46357648255360506,0.26732673267326734,0.18811881188118812,101,True,114.87021448278274,1.7847562796238332,8.678448809935189,0.1551475687098357,0.26732673267326734,,6669.9344894087235,,1,,,0,-1.5946471059337117,-3.910650821441175,11.4973419172489,9,,0,,0,,0,,0,,0,False
s01_A_modal_D007,s01,A_modal,D007,declarative,He measured the flour twice and still got it wrong.,He measured the flour twice and still got it wrong.,False,data/split/s01_A_modal_D007.wav,3.52,s01_A_modal_D007.wav,3.52,124.84894042028627,119.31926948516328,15.871833628771315,107.80518973453326,147.8871592161692,5.472841922157074,83.30967385832514,306.87762754225884,151.0,0.03601022379587926,0.009002555948969815,0.35,118.36369533773347,0.9145957695503141,0.0,0.0,0.0,38.91752577319588,,7.694821220432066,2.3053887178970323,11.332739515599858,1.0431606807067555,8.408774432831732,5000.0,0.1889865594739006,534.6190023882587,1746.95897612215,2551.783877299993,13,,0.22426508842578666,0.1396802022814441,0.5136136627543809,0.24770642201834864,0.2018348623853211,109,True,107.80518973453326,2.3053887178970323,7.694821220432066,0.1396802022814441,0.24770642201834864,,6603.674938560569,502.6447242460444,2,3723.724668181882,,1,-3.861584143196192,-7.782050823971651,4.472273854761429,10,,0,,0,,0,,0,,0,False
s01_A_modal_D008,s01,A_modal,D008,declarative,Purple thistles grew along the railway embankment.,Purple thistles grew along the railway embankment.,False,data/split/s01_A_modal_D008.wav,3.6,s01_A_modal_D008.wav,3.6,129.44798859260226,124.46491092473019,25.82703590829853,99.9302372101605,168.70251414220255,9.065859474518449,79.20013303610841,225.9851462603637,157.0,0.07575744850408923,0.009469681063011154,0.35,124.17678679133023,0.7780324666165273,0.00641025641025641,0.0,0.0,42.0911528150134,,8.42796391351787,1.7957460039474367,11.869970925321871,1.10454093844044,8.06614832065664,6500.0,0.21328468704066647,817.7728866554589,2429.47840082455,3650.627643501319,13,ceiling_at_search_edge,0.2582357412221306,0.1889405550382245,0.6202630701720357,0.3492063492063492,0.23809523809523808,126,True,99.9302372101605,1.7957460039474367,8.42796391351787,0.1889405550382245,0.3492063492063492,,6791.787624067319,,1,,,0,-1.8224198018582185,-2.8225186532346838,3.8357576451803057,11,,0,,0,,0,,0,,0,False
s01_A_modal_D009,s01,A_modal,D009,declarative,The choir rehearsed the same passage eleven times.,The choir rehearsed the same passage eleven times.,False,data/split/s01_A_modal_D009.wav,3.08,s01_A_modal_D009.wav,3.08,122.20788163446448,116.97891194661429,22.379667480002475,98.45646145264652,149.15345773767908,7.1908755406313745,59.979800075304766,205.81981029690385,113.0,0.050016838939667914,0.012504209734916978,0.35,118.67627262091685,0.7549835604372838,0.0,0.0,0.0,46.50205761316872,,6.158475592659099,2.194599325118359,15.819848232673555,1.3349656774541474,7.757283537094016,4250.0,0.18224258438252672,533.0623204638046,1445.8163611941181,2382.0368729629618,13,,0.2723331094285084,0.22812342507595906,0.5475168735244123,0.40540540540540543,0.2882882882882883,111,True,98.45646145264652,2.194599325118359,6.158475592659099,0.22812342507595906,0.40540540540540543,,7029.84024088459,1072.0079112508338,3,,,0,-1.0014912890798229,-2.0497163901615663,5.904671382700728,7,,0,,0,,0,,0,,0,False
s01_A_modal_D010,s01,A_modal,D010,declarative,A single moth circled the porch light all evening.,A single moth circled the porch light all evening.,False,data/split/s01_A_modal_D010.wav,3.48,s01_A_modal_D010.wav,3.48,114.42003075866228,113.6020715102081,20.919458150504774,90.00890276771659,150.8687541477515,8.941853224329261,73.67684272265907,183.97785439818864,114.0,0.08143671441765948,0.010179589302207435,0.35,116.31844427122824,0.7029663269664614,0.0,2.0,1.0,34.131736526946106,,5.818490128028232,3.0264230398683716,15.140611340060486,1.3369526107983607,6.9821650406739995,5000.0,0.2089472892744758,604.9678845129615,1749.0984584428902,2587.37893940897,13,,0.2619056596088299,0.2088095405418991,0.5008933904593795,0.3142857142857143,0.18571428571428572,70,True,90.00890276771659,3.0264230398683716,5.818490128028232,0.2088095405418991,0.3142857142857143,irregular_f0,7695.734378260386,2196.3218138913094,2,,,0,-6.046077288815157,-8.212199415348056,7.088134609151897,6,24.31483912163479,1,24.31483912163479,1,,0,,0,,0,False
s01_A_modal_D011,s01,A_modal,D011,declarative,They shipped the equipment in reinforced crates.,They shipped the equipment in reinforced crates.,False,data/split/s01_A_modal_D011.wav,3.24,s01_A_modal_D011.wav,3.24,131.76180464756595,124.39940217982168,20.317900925624524,111.3940002713799,167.88096095935146,7.101205149895269,88.31628920828079,213.0699348737945,173.0,0.06793763702922227,0.008492204628652784,0.35,124.54522463814195,0.9100638160012836,0.0,0.0,0.0,46.25668449197861,,7.417521403724385,2.7649921417676966,12.806211199791717,1.2167262744992877,7.795961048629821,3750.0,0.19489944804100534,458.8521349282063,1551.6127411676212,2203.670071933317,13,,0.24340099016709524,0.13726139139198013,0.6874022821932304,0.22549019607843138,0.20588235294117646,102,True,111.3940002713799,2.7649921417676966,7.417521403724385,0.13726139139198013,0.22549019607843138,,5781.624543259516,944.3193502606924,2,4178.499166517286,,1,-4.243070243632977,-7.932504312675626,7.397159344035217,8,,0,,0,,0,,0,,0,False
s01_A_modal_D012,s01,A_modal,D012,declarative,The tide pulled the small boat toward the rocks.,The tide pulled the small boat towards the rocks.,True,data/split/s01_A_modal_D012.wav,3.16,s01_A_modal_D012.wav,3.16,131.6704034331991,126.17269576717048,20.0624112275745,113.85020429901458,171.76233330021515,7.119321772344332,87.13764842143607,210.56961763889063,139.0,0.06885657472624641,0.008607071840780802,0.35,125.76600869493119,0.993177993870498,0.0,0.0,0.0,38.611111111111114,,8.13637899950563,2.0184726391947327,13.108928836790207,1.261827125718475,7.83841550157294,4500.0,0.1659729785917388,531.2719142330106,1433.3595919657469,2513.267360964902,13,,0.2565364569812847,0.21869947678839252,0.4598521748224235,0.3037974683544304,0.20253164556962025,79,True,113.85020429901458,2.0184726391947327,8.13637899950563,0.21869947678839252,0.3037974683544304,,5682.259753956234,3.7261616490576577,2,,,0,-3.2466289639833743,-4.617442273049079,13.452010923835795,5,,0,,0,,0,,0,,0,False
s01_A_modal_D013,s01,A_modal,D013,declarative,Cinnamon and cloves filled the kitchen with warmth.,Cinnamon and cloves filled the kitchen with warmth.,False,data/split/s01_A_modal_D013.wav,2.86,s01_A_modal_D013.wav,2.86,145.71838617640535,145.45728325943162,25.731854454121166,114.09718150879044,186.02141731603382,8.462466957028655,68.46316249090664,244.22394948441345,137.0,0.08763837050029535,0.01095479631253692,0.35,145.68006454729533,0.6449636031541917,0.0,0.0,0.0,53.93700787401575,,10.720416856883354,1.7796378696536126,11.786576170571085,1.0904308916724537,9.156036115473896,4250.0,0.1887616883454417,484.1518978215878,1502.375420780744,2465.0532742012783,13,,0.2100055507572046,0.13761889636682528,0.41218188880261436,0.18604651162790697,0.1511627906976744,86,True,114.09718150879044,1.7796378696536126,10.720416856883354,0.13761889636682528,0.18604651162790697,,7048.675147569118,,1,,,0,-3.2775224055630776,-7.324946891777131,8.514142252126934,5,,0,,0,,0,,0,,0,False
s01_A_modal_D014,s01,A_modal,D014,declarative,Nobody remembered who had locked the back door.,Nobody remembered who had locked the back door.,False,data/split/s01_A_modal_D014.wav,2.56,s01_A_modal_D014.wav,2.56,120.86697091085718,119.8464027671082,15.627650698404793,102.13521503420645,144.17170553348723,5.967692151600388,81.13381757952706,196.58760031174074,172.0,0.07395190044051388,0.009243987555064235,0.8,119.75402476023974,0.9390942131031391,0.0,2.0,1.0,63.940520446096656,,8.090734999269689,2.7363736612528657,13.315849591292686,1.2598776810751469,9.039176816362625,4250.0,0.18460180062994738,434.91792573355053,1417.7197377707203,2173.2708340603376,13,,0.29390842926871147,0.23587964609898696,0.6142712086145656,0.44554455445544555,0.3069306930693069,101,True,102.13521503420645,2.7363736612528657,8.090734999269689,0.23587964609898696,0.44554455445544555,,,,0,,,0,-5.416910465299655,-9.218670669217897,8.521148361473628,8,,0,,0,,0,,0,,0,False
s01_A_modal_D015,s01,A_modal,D015,declarative,The librarian stamped each card with quiet precision.,The librarian stamped each card with quiet precision.,False,data/split/s01_A_modal_D015.wav,2.8,s01_A_modal_D015.wav,2.8,132.34767293198234,129.5498340949535,22.456822776884906,106.7187164192935,175.70448805901074,8.632053881550043,63.98405489055016,315.7664236751393,102.0,0.09377336291461176,0.01172167036432647,0.8,129.61587014041174,0.9187150081784048,0.0,0.0,0.0,44.15584415584416,,7.018773027780959,2.032735618242379,14.53100522883092,1.2293130097856995,8.806876399903851,4000.0,0.18511411687908685,495.3128463480453,1446.9488174871026,2303.997639938849,13,,0.23712674731542724,0.16066029400499168,0.4798493672981278,0.2692307692307692,0.19230769230769232,104,True,106.7187164192935,2.032735618242379,7.018773027780959,0.16066029400499168,0.2692307692307692,,6803.788005102041,1090.929832774149,2,4666.058990055079,,1,-6.477489792991146,-7.5678163151917035,-2.1607869871815764,7,15.255209956566373,2,,0,,0,15.255209956566373,2,,0,False
s01_A_modal_D016,s01,A_modal,D016,declarative,Wet leaves clogged the gutter above the window.,Wet leaves clogged the gutter above the window.,False,data/split/s01_A_modal_D016.wav,3.88,s01_A_modal_D016.wav,3.88,135.539543583308,135.3634109337491,20.409178274854394,105.2831675143859,164.06451444781112,7.679861189550192,90.07849138107085,332.3319008690834,225.0,0.06660857556569652,0.008326071945712065,0.35,136.98225440350703,0.9048641189967608,0.0,0.0,0.0,49.01960784313726,,7.685197627056251,3.2473971892475975,14.631442723646163,1.2869643009485197,8.615018167127644,4500.0,0.1834996633626631,528.3482462285751,1636.0761141975613,2452.1996115395705,13,,0.28159962097622915,0.22079516870546295,0.5938965128499859,0.35507246376811596,0.2971014492753623,138,True,105.2831675143859,3.2473971892475975,7.685197627056251,0.22079516870546295,0.35507246376811596,irregular_f0,,,0,,,0,-3.716492953838608,-7.574826274604946,5.592686731313908,9,,0,,0,,0,,0,,0,False
s01_A_modal_D017,s01,A_modal,D017,declarative,I bought a secondhand bicycle for forty dollars.,I bought a secondhand bicycle for forty dollars.,False,data/split/s01_A_modal_D017.wav,3.54,s01_A_modal_D017.wav,3.54,133.00387108045848,135.58580356369393,22.075343515088793,100.31950412504834,159.68081349865687,8.047066242816829,69.31753174538412,223.353170361905,137.0,0.04327909440023838,0.010819773600059595,0.35,134.63105909153785,0.8634308195837416,0.007352941176470588,0.0,0.0,42.28395061728395,,6.562517561249358,2.504871043734776,12.95942863592855,1.3087406661414973,8.095687287065639,3750.0,0.19840694222766886,483.7701956225066,1320.7210252189875,2117.842267372401,13,,0.23409936619357274,0.1829661904141265,0.4966375474510226,0.28431372549019607,0.22549019607843138,102,True,100.31950412504834,2.504871043734776,6.562517561249358,0.1829661904141265,0.28431372549019607,,6190.597076198248,167.65904727759124,2,,,0,-2.466706009412767,-4.659622903263138,7.7812796385183045,12,2.1376189261702225,3,2.9284473996878946,2,,0,0.555961979134878,1,,0,False
s01_A_modal_D018,s01,A_modal,D018,declarative,The mountain village looked empty in the photograph.,The mountain village looked empty in the photograph.,False,data/split/s01_A_modal_D018.wav,3.46,s01_A_modal_D018.wav,3.46,128.858729222229,124.44875181579792,15.008265006896528,115.2000700753929,144.49494791883234,3.9225294870946232,89.7339138518554,203.4875449836897,170.0,0.06686435197628393,0.008358043997035491,0.35,124.22376255808835,0.9068390229949279,0.0,0.0,0.0,41.87192118226601,,8.23355895600862,1.8531742922081949,15.35566255295024,1.421209287053773,7.969722209009806,3750.0,0.19544581860874521,567.2821523852513,1367.9603982675108,2280.4140205735243,13,,0.20090940793304363,0.18456321825237035,0.3311782311713805,0.22857142857142856,0.08571428571428572,105,True,115.2000700753929,1.8531742922081949,8.23355895600862,0.18456321825237035,0.22857142857142856,,,,0,,,0,-0.06699369167791361,-2.8839702855509985,10.462865377377899,9,73.30176806532866,3,,0,,0,73.30176806532866,3,,0,False
s01_A_modal_D019,s01,A_modal,D019,declarative,Three sparrows fought over a crust of bread.,Three sparrows fought over a crust of bread.,False,data/split/s01_A_modal_D019.wav,3.12,s01_A_modal_D019.wav,3.12,124.53753490594283,120.60719591405558,20.542839601074107,99.20400770787283,154.02109502194585,7.615891786506529,59.95706018389363,210.30378497823563,90.0,0.10007161761429707,0.012508952201787134,0.35,122.0218251214444,0.8044900157413489,0.0,0.0,0.0,37.1900826446281,,5.5977588636110855,2.378917497031456,12.373035756199048,1.1987746066335,7.08438446872291,4250.0,0.1747269084114628,557.1627851982672,1401.2297620983759,2371.5880830622973,13,,0.2627612493653101,0.15925259181689067,0.6394223063871299,0.3137254901960784,0.27450980392156865,51,True,99.20400770787283,2.378917497031456,5.5977588636110855,0.15925259181689067,0.3137254901960784,,6473.725267885322,,1,,,0,-2.7777809788864594,-6.532011613618472,8.462291602475897,5,3.2968601086484917,1,,0,,0,3.2968601086484917,1,,0,False
s01_A_modal_D020,s01,A_modal,D020,declarative,His youngest brother plays trumpet in the marching band.,His youngest brother plays trumpet in the marching band.,False,data/split/s01_A_modal_D020.wav,4.27,s01_A_modal_D020.wav,4.27,114.78121257043595,117.07980100010616,16.44850541214299,96.56512802068414,129.85511486301235,5.127943739299553,59.386362749097145,186.07939659392028,152.0,0.050516648286320735,0.012629162071580184,0.35,117.07918344236012,0.854722590036702,0.006622516556291391,0.0,0.0,45.37313432835821,,7.741652360320262,2.0550683965673597,12.975363868895021,1.2454874588623557,8.530104355034645,3750.0,0.2449498244649512,489.23184208901466,1388.345422355112,2277.9277682054903,13,,0.20151509004959334,0.14180834459872887,0.4638086601518792,0.2129032258064516,0.15483870967741936,155,True,96.56512802068414,2.0550683965673597,7.741652360320262,0.14180834459872887,0.2129032258064516,,6096.504866552616,,1,,,0,-3.767982838848358,-5.641739626675214,1.2668770474918627,12,21.773255317191875,1,,0,,0,21.773255317191875,1,,0,False
s01_A_modal_D021,s01,A_modal,D021,declarative,"The recipe called for saffron, which we could not find.","The recipe called for saffron, which we could not find.",False,data/split/s01_A_modal_D021.wav,3.7,s01_A_modal_D021.wav,3.7,117.36709228487355,118.48727123326348,14.671567775276538,96.44107900959335,131.34805068010024,5.3481011083002326,81.4724433530869,188.16248422755166,153.0,0.036822266235450186,0.009205566558862547,0.8,118.67305299228184,0.945964632881635,0.0,0.0,0.0,38.44221105527638,,6.259620488583399,2.2312035232725274,16.585798498092146,1.5027513533183126,7.54655541417797,4750.0,0.19272414415122432,609.6577381006284,1652.3946491925437,2519.126962385418,13,,0.30893097626332694,0.2581325229004355,0.6676249826079421,0.47107438016528924,0.3305785123966942,121,True,96.44107900959335,2.2312035232725274,6.259620488583399,0.2581325229004355,0.47107438016528924,,6105.601294312615,19.87969517964236,2,,,0,-4.927277945343339,-7.3358034385038735,4.541147866717643,9,74.56567284887595,1,74.56567284887595,1,,0,,0,,0,False
s01_A_modal_D022,s01,A_modal,D022,declarative,Snow buried the fence posts by early January.,Snow buried the fence posts by early January.,False,data/split/s01_A_modal_D022.wav,3.68,s01_A_modal_D022.wav,3.68,130.87918876012156,123.96195138177751,27.851190513905475,98.22106747710546,173.44577411524196,9.844563404436407,81.8479747258395,219.52250310906317,159.0,0.03665331989030752,0.00916332997257688,0.35,123.6451347484465,0.7308802128436942,0.006329113924050633,0.0,0.0,39.949748743718594,,8.092314664453063,2.761331623511737,12.192115705704015,1.146993134523172,7.817752092917004,5000.0,0.1801957317139247,543.020233299289,1757.5813375311022,2570.298025752608,13,,0.31455388078218316,0.19936618030115774,0.7540967913889501,0.36065573770491804,0.29508196721311475,122,True,98.22106747710546,2.761331623511737,8.092314664453063,0.19936618030115774,0.36065573770491804,,5954.842476279293,350.89087484589913,4,,,0,-2.7156568110363457,-5.303452359736535,4.182127019988384,9,,0,,0,,0,,0,,0,False
s01_A_modal_D023,s01,A_modal,D023,declarative,She wrote the whole essay on a borrowed laptop.,She wrote the whole essay on a borrowed laptop.,False,data/split/s01_A_modal_D023.wav,3.31,s01_A_modal_D023.wav,3.31,130.2715065411774,129.07701348602487,26.99022583783608,98.3387623077409,172.68402454846856,9.747630227103379,79.14852062143666,220.50738269117198,147.0,0.037903424807506476,0.009475856201876619,0.35,128.1596717103596,0.5984667489543014,0.0,0.0,0.0,42.48554913294798,,7.2688553630091315,2.5163784646855927,12.077794973037376,1.258696078988669,8.362944308649057,4000.0,0.16837861524845274,592.2023633598728,1306.7888604213558,2370.28473594341,13,,0.30437725547851524,0.2516859928259617,0.6228086622157144,0.4090909090909091,0.3181818181818182,88,True,98.3387623077409,2.5163784646855927,7.2688553630091315,0.2516859928259617,0.4090909090909091,,7594.210111545158,,1,4472.7758130245675,,1,-2.2899048076831257,-3.530266317296295,0.44885114463216347,8,,0,,0,,0,,0,,0,False
s01_A_modal_D024,s01,A_modal,D024,declarative,The engine coughed once and then went silent.,The engine coughed once and then went silent.,False,data/split/s01_A_modal_D024.wav,2.88,s01_A_modal_D024.wav,2.88,121.49678421337802,116.26548014091016,19.00730894967537,104.89755802302632,147.187248161171,5.864059120458194,61.33197147386794,200.17849082410333,129.0,0.09782825915772908,0.012228532394716135,0.35,115.63967080207945,0.9540895091199811,0.0078125,0.0,0.0,56.578947368421055,,6.633845015375781,1.8496743566351541,11.714942676064233,1.0979175826492327,9.527833268173238,4750.0,0.1863245573665643,578.7769403045623,1798.1978442123682,2581.818533367491,13,,0.22387559463667553,0.17584738092936703,0.41530896921375254,0.19424460431654678,0.12949640287769784,139,True,104.89755802302632,1.8496743566351541,6.633845015375781,0.17584738092936703,0.19424460431654678,,6020.594011274245,96.14543609978516,2,,,0,-3.229298357113175,-4.3519587940771185,3.25956093956531,9,,0,,0,,0,,0,,0,False
s01_A_modal_D025,s01,A_modal,D025,declarative,Amber light spilled across the polished floorboards.,Amber light spilled across the polished floorboards.,False,data/split/s01_A_modal_D025.wav,3.08,s01_A_modal_D025.wav,3.08,132.21386597741022,132.24800271711743,23.0573024805555,104.00517818916855,159.15157147832852,7.364952523062664,67.51298032843764,218.6373364966354,135.0,0.04443589936935947,0.011108974842339867,0.35,131.97114692353142,0.8428614585348537,0.007462686567164179,0.0,0.0,49.27007299270073,,7.8993534637011305,1.9081802289062824,10.867094154513655,1.093863668246229,8.869141372272109,5000.0,0.20132098788045727,634.3245192685586,1631.061815903393,2593.165567751836,13,,0.25005358248727994,0.1785571038095243,0.5413128623013559,0.3392857142857143,0.25,112,True,104.00517818916855,1.9081802289062824,7.8993534637011305,0.1785571038095243,0.3392857142857143,,6530.464839351089,392.8986918506788,2,4973.3244398329925,,1,-4.667444162975384,-6.506316221042158,11.633149236759179,8,,0,,0,,0,,0,,0,False
s01_A_modal_D026,s01,A_modal,D026,declarative,We watched the storm move east across the valley.,We watched the storm move east across the valley.,False,data/split/s01_A_modal_D026.wav,3.48,s01_A_modal_D026.wav,3.48,134.7156878280288,136.46584051307204,14.50322248652354,118.98613688750643,153.0761565094261,4.361473060863641,68.92476102154149,222.18621522381596,121.0,0.08705144437315905,0.010881430546644881,0.35,136.4263027026038,0.7664532066497637,0.0,0.0,0.0,38.782051282051285,,7.993659372879793,1.8567986936818481,11.917195308055627,1.0715960164787186,7.9720705588232565,4750.0,0.21963152141378536,592.7963748535724,1601.8931608425505,2537.918752171523,13,,0.21633995093628874,0.14001237937609493,0.4806650188980159,0.28688524590163933,0.22131147540983606,122,True,118.98613688750643,1.8567986936818481,7.993659372879793,0.14001237937609493,0.28688524590163933,,5649.899804549958,97.09371847475593,3,,,0,-3.3085451645254644,-9.206187919941849,10.369672886669674,8,3.463462260159478,1,,0,,0,3.463462260159478,1,,0,False
s01_A_modal_D027,s01,A_modal,D027,declarative,The tailor pinned the hem with practiced fingers.,The tailor pinned the hem with practiced fingers.,False,data/split/s01_A_modal_D027.wav,3.015,s01_A_modal_D027.wav,3.015,132.19590652923853,126.20441722747475,21.798921095648357,108.31893427329554,172.469729306913,8.052692670391295,62.8384468587618,213.22482988907473,125.0,0.09548294555220053,0.011935368194025067,0.35,126.3777973754244,0.875630730511109,0.0,2.0,1.0,51.02040816326531,,8.351517936803372,2.1802115667339326,12.75665668970651,1.2038569905811574,8.583380328596128,4750.0,0.16895120647665818,505.7885669300076,1781.86197237726,2608.849684067624,13,,0.24075889857386704,0.17149286561482477,0.5104891835895233,0.33884297520661155,0.2231404958677686,121,True,108.31893427329554,2.1802115667339326,8.351517936803372,0.17149286561482477,0.33884297520661155,,6205.077478329437,,1,,,0,-3.4530130460864847,-6.836351557417347,6.271254064789007,9,,0,,0,,0,,0,,0,False
s01_A_modal_D028,s01,A_modal,D028,declarative,Salt crusted the windows of the beach house.,Salt crusted the windows of the beach house.,False,data/split/s01_A_modal_D028.wav,2.715,s01_A_modal_D028.wav,2.715,122.20263902850849,121.38490206338079,17.194440725024556,97.96555216785042,144.5638294909279,6.736322197560078,84.26586485676228,309.42459430694305,110.0,0.07120320915472696,0.00890040114434087,0.35,121.32917528504453,0.906294846366128,0.009174311926605505,6.0,3.0,36.91275167785235,period_doubling_present,6.379784286054882,3.0333629958591657,16.36369318439855,1.4912200460689324,7.197110267702831,3750.0,0.18798927192709916,473.1627237630816,1453.9832804321927,2102.923253059498,13,,0.32758222107216906,0.27005906987834183,0.68688931508652,0.484375,0.40625,64,True,97.96555216785042,3.0333629958591657,6.379784286054882,0.27005906987834183,0.484375,irregular_f0,6039.493845589451,141.01902319010674,2,,,0,-4.73845862187481,-9.005068052316535,5.17982178139236,6,,0,,0,,0,,0,,0,False
s01_A_modal_D029,s01,A_modal,D029,declarative,Their apartment smelled faintly of turpentine.,Their apartment smelled faintly of turpentine.,False,data/split/s01_A_modal_D029.wav,2.91,s01_A_modal_D029.wav,2.91,139.60919105793062,132.40631364819495,25.074742701414255,113.83438135680456,180.75496596425683,8.005187081109746,71.63487467788369,235.9802660045915,121.0,0.08375808608558116,0.010469760760697645,0.8,131.7132939331531,0.9056030679932545,0.0,0.0,0.0,44.81481481481482,,7.63388612687719,2.3461493616339553,11.000369903418688,1.0955454439781862,8.542500442198609,4750.0,0.18751206351725147,577.5691708265751,1746.109915890313,2538.8311508236175,13,,0.28687489761091006,0.19172022912900566,0.6829118538349414,0.37142857142857144,0.24285714285714285,70,True,113.83438135680456,2.3461493616339553,7.63388612687719,0.19172022912900566,0.37142857142857144,,6282.942834388018,,1,,,0,-2.2049105924931816,-5.9744380567776805,7.8102813482452005,6,,0,,0,,0,,0,,0,False
s01_A_modal_D030,s01,A_modal,D030,declarative,A heron stood motionless at the edge of the pond.,A heron stood motionless at the edge of the pond.,False,data/split/s01_A_modal_D030.wav,3.88,s01_A_modal_D030.wav,3.88,127.70442387723567,124.27889842932088,22.128870983305994,101.7825510405362,160.9973509861638,7.938560336380404,82.65884019468083,211.93005371871885,149.0,0.07258751738916977,0.009073439673646221,0.35,124.32339774762069,0.8687029261549506,0.0,0.0,0.0,35.476190476190474,,6.915946611840668,2.424751047264754,12.30466845901018,1.110031720687024,7.225287268142779,4000.0,0.18581928906746825,529.562538775835,1390.4142129697084,2334.5264946740945,13,,0.29745645825106737,0.21004501263119582,0.6818775269506436,0.38144329896907214,0.24742268041237114,97,True,101.7825510405362,2.424751047264754,6.915946611840668,0.21004501263119582,0.38144329896907214,,6614.413371967246,541.6336179869163,2,2741.0124230884044,,1,-3.583946701613972,-5.134380879361598,6.68056258570419,10,3.1606067532026216,1,,0,,0,3.1606067532026216,1,,0,False
s01_A_modal_D031,s01,A_modal,D031,declarative,The clock in the hallway runs about four minutes fast.,The clock in the hallway runs about four minutes fast.,False,data/split/s01_A_modal_D031.wav,3.8,s01_A_modal_D031.wav,3.8,137.99363951186626,132.08869437205763,18.409483210957923,120.87516996951585,168.91150153113824,5.792995790318784,94.50539586402614,217.89747304144248,241.0,0.06348843835999342,0.007936054794999177,0.35,132.00775637374971,0.9393667195414217,0.004166666666666667,4.0,2.0,51.167728237791934,,8.813102805291944,1.9835103475194966,11.996564822054115,1.116212519732765,9.423130952823769,4750.0,0.18817183773514626,607.9228260332858,1622.1099103169786,2539.6721224689736,13,,0.19694569087744748,0.14303146615396795,0.41915811559469146,0.23841059602649006,0.17880794701986755,151,True,120.87516996951585,1.9835103475194966,8.813102805291944,0.14303146615396795,0.23841059602649006,,6283.73329339148,121.06029808725279,2,,,0,0.08903019329226947,-2.126051367596623,16.21545128406547,11,,0,,0,,0,,0,,0,False
s01_A_modal_D032,s01,A_modal,D032,declarative,He folded the newspaper and set it on the table.,He folded the newspaper and set it on the table.,False,data/split/s01_A_modal_D032.wav,3.64,s01_A_modal_D032.wav,3.64,125.22823509758382,124.28408113074612,19.832948171195774,97.67437048416478,157.47605213911592,8.26896591560342,79.47317676373171,202.3257397393202,152.0,0.07549717079811201,0.009437146349764001,0.35,124.23197070513223,0.8335574983596671,0.0,0.0,0.0,40.21164021164021,,7.805625593007764,2.624082932989531,12.826688870719252,1.191914442805135,7.629339517245773,5500.0,0.1823947856509548,559.4272041937897,2200.440729811872,2714.8146278366776,13,,0.2554154264251028,0.1667260381920253,0.6168296140190491,0.29523809523809524,0.23809523809523808,105,True,97.67437048416478,2.624082932989531,7.805625593007764,0.1667260381920253,0.29523809523809524,,7501.923178759981,1466.3560194673212,2,,,0,-1.8900397627955865,-5.370065606719536,8.170718886625764,10,51.877355782879775,1,,0,,0,51.877355782879775,1,,0,False
s01_A_modal_D033,s01,A_modal,D033,declarative,Bright green algae covered the surface of the water.,Bright green algae covered the surface of the water.,False,data/split/s01_A_modal_D033.wav,3.02,s01_A_modal_D033.wav,3.02,138.637286265951,138.1823211290369,22.81806748975414,108.81402027125998,170.23293857389703,7.747749101991186,90.72243172661464,233.34458678187315,181.0,0.03306789669219051,0.008266974173047628,0.35,137.363649160786,0.6972975983404103,0.0,2.0,1.0,50.0,,8.85485580429473,2.539404373802681,13.73182625385064,1.2737867773492384,8.79023580518853,4750.0,0.2128222058228756,561.9706303803343,1699.8875952912672,2587.5598443716253,13,,0.22408715583644395,0.16239649485731003,0.5501250552491713,0.32653061224489793,0.16326530612244897,98,True,108.81402027125998,2.539404373802681,8.85485580429473,0.16239649485731003,0.32653061224489793,,5360.043238288057,175.45270900907042,2,,,0,-2.752018867538154,-6.238457689401583,4.547344566056727,7,82.75631213309408,1,82.75631213309408,1,,0,,0,,0,False
s01_A_modal_D034,s01,A_modal,D034,declarative,The children traded stickers during the long bus ride.,The children traded sticks during the long bus ride.,True,data/split/s01_A_modal_D034.wav,3.52,s01_A_modal_D034.wav,3.52,120.61468484430476,119.08567033772681,19.870041301718686,96.06029542015702,147.4228881054062,7.4153805191216575,75.60936000022215,199.54722149611266,142.0,0.03967762721429179,0.009919406803572948,0.35,119.09158835582758,0.9526172333029649,0.0,0.0,0.0,40.45584045584046,,7.324828459765957,1.7697169583689671,13.015032466854878,1.2019370678375705,7.856288639429012,4500.0,0.2073717878528181,564.7680286882303,1600.957366237477,2419.991918240081,13,,0.2083841923493303,0.16387027912497715,0.3788705904843352,0.18627450980392157,0.12745098039215685,102,True,96.06029542015702,1.7697169583689671,7.324828459765957,0.16387027912497715,0.18627450980392157,,6625.156925449849,903.4813410577315,3,,,0,-4.9857895307694475,-7.6800779433415896,4.925346781887814,9,,0,,0,,0,,0,,0,False
s01_A_modal_D035,s01,A_modal,D035,declarative,Rain hammered the tin roof for most of the night.,Rain hammered the tin roof for most of the night.,False,data/split/s01_A_modal_D035.wav,3.6,s01_A_modal_D035.wav,3.6,136.9900860622777,137.21424554358225,16.459130205347197,117.14122624507445,159.99195634314108,5.397005675850424,93.72933150004238,216.91461472234678,236.0,0.06401411280733701,0.008001764100917127,0.35,137.26472593686685,0.9490213641732539,0.0,0.0,0.0,53.39366515837104,,8.250722206614975,2.097130184692962,13.2139367883128,1.2473032859956699,9.416594862671264,5000.0,0.19143289600887703,522.84842100412,1861.7444743097487,2621.001020454246,13,,0.199696026254058,0.14687915931787082,0.40710415559416685,0.21739130434782608,0.14492753623188406,138,True,117.14122624507445,2.097130184692962,8.250722206614975,0.14687915931787082,0.21739130434782608,,6152.001505428289,,1,,,0,-4.260596412835396,-7.752809745741816,6.110227195816202,6,4.689894602444955,1,,0,,0,4.689894602444955,1,,0,False
s01_A_modal_F001,s01,A_modal,F001,final_fall,"I don't really know what she was thinking, honestly.","I don't really know what she was thinking, honestly.",False,data/split/s01_A_modal_F001.wav,2.87,s01_A_modal_F001.wav,2.87,134.59793661093167,125.91269115917116,22.496916788214268,111.73646991467754,173.15700023805064,7.583766787066347,88.94734737797661,330.57645906221853,161.0,0.06745563726035973,0.008431954657544967,0.35,125.77309817266269,0.8971041823188065,0.0,0.0,0.0,48.348348348348345,,9.166421240883173,2.317449840449525,11.74263183542717,1.1141722084645447,9.265268742627278,4250.0,0.18681532418179925,466.5481534436031,1377.7469692997342,2452.906113609446,13,,0.2998961808731224,0.21218504252261094,0.6566231113633488,0.4,0.35454545454545455,110,True,111.73646991467754,2.317449840449525,9.166421240883173,0.21218504252261094,0.4,,6450.763980920713,,1,4460.679965604868,,1,-2.2027723066401115,-6.3391651338339825,4.840703003516281,10,,0,,0,,0,,0,,0,False
s01_A_modal_F002,s01,A_modal,F002,final_fall,"We ended up walking the whole way home, anyway.","We ended up walking the whole way home, anyway.",False,data/split/s01_A_modal_F002.wav,3.64,s01_A_modal_F002.wav,3.64,136.08246748360583,135.87027308123953,21.63895634195843,103.89660814917926,171.70008020757726,8.69690588488942,72.49529357872974,324.90486830586303,184.0,0.04138199670495859,0.010345499176239647,0.8,136.85444058285555,0.7581132459096632,0.01092896174863388,6.0,1.0,52.87356321839081,,10.646716167418987,2.3273215315183964,13.304586124325068,1.2437355382323845,8.67892679352017,6000.0,0.201722980089311,737.24048466412,2394.5527566564833,3235.150683883364,13,,0.28447081232838445,0.19453634791058896,0.6789827625886928,0.344,0.264,125,True,103.89660814917926,2.3273215315183964,10.646716167418987,0.19453634791058896,0.344,,,,0,,,0,-6.525433871784975,-9.664964193602604,7.236410957470236,10,,0,,0,,0,,0,,0,False
s01_A_modal_F003,s01,A_modal,F003,final_fall,It was one of those afternoons where nothing happened at all.,It was one of those afternoons where nothing happened at all.,False,data/split/s01_A_modal_F003.wav,3.66,s01_A_modal_F003.wav,3.66,107.63375035046819,108.57024819746498,16.043561719411205,92.90802561589223,131.9020519620289,6.067102533909136,54.377561792956286,175.93506189724127,158.0,0.0551698145537044,0.0137924536384261,0.8,108.71471544427632,0.9715597635245128,0.0,0.0,0.0,60.30534351145038,,8.834407449217748,2.171162874173315,12.250108576096803,1.1682087000335257,9.155801525104495,5000.0,0.17910744832101608,631.5270837388462,1692.8386402626056,2565.223605873259,13,,0.21339881329020888,0.1687929393020025,0.38192668173156524,0.18269230769230768,0.11538461538461539,104,True,92.90802561589223,2.171162874173315,8.834407449217748,0.1687929393020025,0.18269230769230768,,,,0,,,0,-4.59959472674265,-5.543697983358122,-1.9468034702595922,9,5.089338235294116,1,,0,,0,5.089338235294116,1,,0,False
s01_A_modal_F004,s01,A_modal,F004,final_fall,"He said he'd call back, but he never really did.","He said he'd call back, but he never really did.",False,data/split/s01_A_modal_F004.wav,3.48,s01_A_modal_F004.wav,3.48,124.28559457565053,124.2128669916388,16.07615993727838,101.62144080514747,141.0676894178833,5.678193147107879,83.27903146351409,202.92226765489175,151.0,0.03602347370375398,0.009005868425938495,0.35,124.5460709972829,0.8491631016871379,0.0,0.0,0.0,39.425587467362924,,6.507274012203262,2.0434298332436795,13.793669626114525,1.2677005393841712,7.743079522642162,5250.0,0.18950746732138532,668.2752941690962,2108.4616841873976,2698.1005573657767,13,,0.2925072771983587,0.2376983725591375,0.6450852560351946,0.41346153846153844,0.28846153846153844,104,True,101.62144080514747,2.0434298332436795,6.507274012203262,0.2376983725591375,0.41346153846153844,,7967.2499235719915,,1,,,0,-3.384509564950897,-8.285353127275288,4.1806160872780564,11,,0,,0,,0,,0,,0,False
s01_A_modal_F005,s01,A_modal,F005,final_fall,"The whole thing fell apart before anyone noticed, apparently.","The whole thing fell apart before anyone noticed, apparently.",False,data/split/s01_A_modal_F005.wav,3.62,s01_A_modal_F005.wav,3.62,135.0549621329614,131.19137404820057,28.143182002394827,100.89164109683227,172.24946160918577,9.260313862926871,68.17657138940113,356.0314603522047,131.0,0.04400338619061718,0.011000846547654295,0.35,131.3931673220073,0.7550792609195741,0.007692307692307693,0.0,0.0,40.1840490797546,period_doubling_present,6.993057164446265,2.5563285062907295,14.809440800691211,1.2757050422720704,7.346024887824207,4500.0,0.21011869679405246,621.8900310388016,1567.1557297606155,2553.554504506774,13,,0.32802631120205517,0.29939960006566446,0.6067348788567175,0.5304347826086957,0.41739130434782606,115,True,100.89164109683227,2.5563285062907295,6.993057164446265,0.29939960006566446,0.5304347826086957,multiply_pulsed,5987.372075942738,,1,,,0,-2.058134050310372,-4.191505176015896,10.963868733538762,12,,0,,0,,0,,0,,0,False
s01_A_modal_F006,s01,A_modal,F006,final_fall,I guess that's just how it goes sometimes.,I guess that's just how it goes sometimes.,False,data/split/s01_A_modal_F006.wav,2.58,s01_A_modal_F006.wav,2.58,133.56018754656168,126.01546602597062,17.95384811932207,115.83740526778135,160.72608577480688,5.6700348594767425,89.83988602172955,226.9805060575037,104.0,0.06678548098946588,0.008348185123683235,0.35,125.02165538109779,0.9012855354830531,0.0,0.0,0.0,34.437086092715234,,6.14383497328539,1.799856778721131,14.797805611881524,1.3353343538071172,7.3654876023632525,3750.0,0.18165132132340245,584.6594133603572,1416.9927904002866,2140.560101405229,13,,0.2404570884004961,0.21998421377570734,0.4049095401650649,0.3,0.15,60,True,115.83740526778135,1.799856778721131,6.14383497328539,0.21998421377570734,0.3,,6938.202230939529,1339.212834715098,4,,,0,-2.225117609349056,-3.6262988742980653,7.106354530518673,6,41.75628708112811,1,,0,,0,,0,41.75628708112811,1,False
s01_A_modal_F007,s01,A_modal,F007,final_fall,She left the party early and nobody said anything.,She left the party early and nobody said anything.,False,data/split/s01_A_modal_F007.wav,3.78,s01_A_modal_F007.wav,3.78,127.50899671151524,128.16476002999696,20.38997413811241,103.63333660588964,152.27497444118083,6.6622884090570595,80.2883874605651,213.80785355596493,177.0,0.03736530393605796,0.00934132598401449,0.35,128.318675903676,0.6915071109212583,0.005681818181818182,0.0,0.0,44.13965087281795,,6.735902616293719,2.9056665561843493,10.007586471636113,0.9463893142093995,7.902783036486922,4250.0,0.20271696677697834,521.5036982449378,1580.7630894338172,2370.8646126332187,13,,0.26046276692871084,0.1795141803367839,0.5234899983892184,0.3508771929824561,0.24561403508771928,114,True,103.63333660588964,2.9056665561843493,6.735902616293719,0.1795141803367839,0.3508771929824561,,6502.554429272278,,1,4981.36259942522,,1,-3.6600133625248263,-7.386110368654903,7.1672227810261715,11,,0,,0,,0,,0,,0,False
s01_A_modal_F008,s01,A_modal,F008,final_fall,"It's not that I mind, it's just kind of strange.","It's not that I mind, it's just kind of strange.",False,data/split/s01_A_modal_F008.wav,3.32,s01_A_modal_F008.wav,3.32,134.88308148938148,130.49217246852737,27.13322788892031,107.17555548941613,179.3896656037673,8.917450635559007,85.3106091174642,222.47959881773443,182.0,0.07033122916445947,0.008791403645557434,0.35,130.58027707353426,0.9638563311364142,0.0,0.0,0.0,49.189189189189186,,6.737128851091256,2.449277978544677,13.11734728020418,1.234547764909952,8.623168831446426,4750.0,0.19883567758779117,646.7190700837493,1679.9853779798755,2555.129619406757,13,,0.25999033073124594,0.2147926263336027,0.4757355853158545,0.3082191780821918,0.19863013698630136,146,True,107.17555548941613,2.449277978544677,6.737128851091256,0.2147926263336027,0.3082191780821918,,5894.716472938446,314.3532670734925,4,,,0,-1.7035192371078436,-4.034269347657781,6.588778191057701,10,12.525644301711104,2,,0,,0,12.525644301711104,2,,0,False
s01_A_modal_F009,s01,A_modal,F009,final_fall,They moved out to Oregon a couple of years ago.,They moved out to Oregon a couple years ago.,True,data/split/s01_A_modal_F009.wav,3.28,s01_A_modal_F009.wav,3.28,128.72920673454325,127.0039893166583,21.710343897765352,98.43790000416205,162.1142043914858,8.636696626967584,81.63612694207745,210.1914222683622,184.0,0.07349687233762481,0.009187109042203101,0.35,127.1472527319381,0.8760319768202406,0.00546448087431694,4.0,2.0,52.57142857142857,,7.6264934799954895,2.484932420083659,12.942708297867389,1.1874697855180276,8.361562726569264,4250.0,0.20114354319164499,480.9537930732557,1444.1737354912555,2403.1982724679688,13,,0.2878485974864558,0.23183665834998496,0.5443745662218168,0.4413793103448276,0.35172413793103446,145,True,98.43790000416205,2.484932420083659,7.6264934799954895,0.23183665834998496,0.4413793103448276,,,,0,,,0,-1.7174842096220593,-5.12731144916652,7.523201713958692,13,61.10895995928401,1,61.10895995928401,1,,0,,0,,0,False
s01_A_modal_F010,s01,A_modal,F010,final_fall,"Nothing about that story adds up, if you think about it.","Nothing about that story adds up, if you think about it.",False,data/split/s01_A_modal_F010.wav,3.8,s01_A_modal_F010.wav,3.8,123.64042017717688,118.90819520611544,23.369269269128345,98.7070824711461,153.1595020646976,7.60571237545668,76.39058890505022,208.01111342892548,130.0,0.0392718532871746,0.00981796332179365,0.35,118.04830415407105,0.8449768137661491,0.007751937984496124,1.0,1.0,33.854166666666664,,4.7960142807788095,2.863676052858673,12.58189152445538,1.2197151821818588,6.963975969306186,4250.0,0.16049256372179313,533.2572885638604,1477.560865333751,2414.5034699246444,13,,0.3383145607806132,0.27707024879530734,0.6587305217059837,0.4954128440366973,0.3853211009174312,109,True,98.7070824711461,2.863676052858673,4.7960142807788095,0.27707024879530734,0.4954128440366973,,5742.799416061272,,1,,,0,-0.8583404990836243,-2.532071002189193,3.4934396321524313,12,3.0995448807136228,1,,0,,0,3.0995448807136228,1,,0,False
s01_A_modal_F011,s01,A_modal,F011,final_fall,I'd been meaning to write back for a while now.,I've been meaning to write back for a while now.,True,data/split/s01_A_modal_F011.wav,1.95,s01_A_modal_F011.wav,1.95,136.58123885403484,129.42540269564563,22.72494397598273,112.14365310281934,173.7069149948889,7.575686577646463,89.28536653847941,227.99754691643864,149.0,0.03360013086474912,0.00840003271618728,0.35,128.08983981599013,0.8587697709940092,0.0,0.0,0.0,65.06550218340611,,8.708167994191516,2.63027086462842,9.712363201170064,0.9426765356152746,10.281716413830726,4250.0,0.18403548417676094,527.3078936596113,1394.4908786604437,2299.9052512967646,13,,0.2787737027126234,0.17911349983950414,0.631576985627278,0.3709677419354839,0.3387096774193548,124,True,112.14365310281934,2.63027086462842,8.708167994191516,0.17911349983950414,0.3709677419354839,,,,0,,,0,-1.4874815812350306,-4.607843662066347,5.257939313966233,10,,0,,0,,0,,0,,0,False
s01_A_modal_F012,s01,A_modal,F012,final_fall,We sat there in the car for maybe twenty minutes.,We sat in the car for maybe 20 minute.,True,data/split/s01_A_modal_F012.wav,2.47,s01_A_modal_F012.wav,2.47,121.58371617344169,119.58380356718,18.401835611467895,101.07487405828614,146.60446872701334,6.438056084414772,58.94732641691965,196.1037752619109,85.0,0.1017857868152239,0.012723223351902988,0.35,115.2959475289333,0.9215126029676856,0.0,0.0,0.0,45.45454545454545,,5.24495457805517,2.9886130520448546,14.448538814957942,1.3368346214177198,7.910938438878623,4500.0,0.20707312536218378,470.2039742188478,1598.449155748493,2446.4611685402388,13,,0.270446830640505,0.2192816403321918,0.5223742131480774,0.3559322033898305,0.2711864406779661,59,True,101.07487405828614,2.9886130520448546,5.24495457805517,0.2192816403321918,0.3559322033898305,,7848.002266725899,,1,,,0,-2.1005564126541465,-3.8610845627569184,4.634235296577774,5,,0,,0,,0,,0,,0,False
s01_A_modal_F013,s01,A_modal,F013,final_fall,He's been doing that same job for eleven years.,He's been doing that same job for eleven years.,False,data/split/s01_A_modal_F013.wav,3.06,s01_A_modal_F013.wav,3.06,134.0702241637146,135.18120457680777,24.33921599986501,103.78441023117357,166.4477005610375,8.177750300309789,80.56005585159897,225.66590694490304,192.0,0.0744785978184114,0.009309824727301425,0.35,136.74123449542193,0.8647024955748087,0.0,0.0,0.0,59.81308411214953,,8.38054694468423,2.27287158836299,14.045360370853505,1.2404909420122152,8.92254682224839,3750.0,0.21872813495212293,444.60805774575067,1432.2094095436794,2345.916210278271,13,,0.23051081496301515,0.15897621079637067,0.45329345400182053,0.2962962962962963,0.2,135,True,103.78441023117357,2.27287158836299,8.38054694468423,0.15897621079637067,0.2962962962962963,,7893.699444194921,,1,,,0,-2.5901432825617996,-5.555172606023714,6.8377212625117165,8,,0,,0,,0,,0,,0,False
s01_A_modal_F014,s01,A_modal,F014,final_fall,It rained the entire week we were on the island.,It rained the entire week we were on the island.,False,data/split/s01_A_modal_F014.wav,2.86,s01_A_modal_F014.wav,2.86,118.4509251406577,117.78894450166658,15.974808207880917,100.69129793939818,145.25139615512185,6.343356292883693,76.6920566794065,283.9766320544886,158.0,0.03911748008715961,0.009779370021789902,0.8,118.52060128884044,0.7876928910345548,0.0,4.0,2.0,54.67128027681661,,8.217181476790186,2.3715472150811556,13.532292454214176,1.2729577417141715,9.037318398592307,4750.0,0.1838338885481394,446.4252924622574,1757.6919153351896,2510.417510495401,13,,0.27546819119720534,0.1727202214220937,0.7488388702228135,0.2971014492753623,0.2318840579710145,138,True,100.69129793939818,2.3715472150811556,8.217181476790186,0.1727202214220937,0.2971014492753623,,,,0,,,0,-3.0211612685987665,-5.734588888106526,1.153765077709195,10,,0,,0,,0,,0,,0,False
s01_A_modal_F015,s01,A_modal,F015,final_fall,"I never learned how to swim, which is embarrassing.","I never learned how to swim, which is embarrassing.",False,data/split/s01_A_modal_F015.wav,3.55,s01_A_modal_F015.wav,3.55,127.13397459143115,125.87934677924812,16.82334527861061,109.100625637565,149.85033121742546,5.4943547742566885,87.02354484133738,211.1788991074277,240.0,0.0344734290641647,0.008618357266041175,0.8,126.03052840557199,0.9001291391826653,0.0,0.0,0.0,58.8235294117647,,9.83431582048833,2.0197317096337666,11.633256455714621,1.1314250319668864,9.655303335762657,4750.0,0.18423542021886188,538.2505274509926,1694.7476311181276,2567.5500367447667,13,,0.15663973232805886,0.11544793206892161,0.28334020132523985,0.10256410256410256,0.057692307692307696,156,True,109.100625637565,2.0197317096337666,9.83431582048833,0.11544793206892161,0.10256410256410256,,5930.245072151953,932.092388473661,2,,,0,-1.6393006271163684,-4.124220823842427,12.537872768497323,11,,0,,0,,0,,0,,0,False
s01_A_modal_F016,s01,A_modal,F016,final_fall,That's pretty much all anyone talked about afterward.,That's pretty much all anyone talked about afterward.,False,data/split/s01_A_modal_F016.wav,3.56,s01_A_modal_F016.wav,3.56,124.53574408120953,117.85014169723156,23.881884928062174,99.73437834550141,164.87147236447416,8.70214800516952,81.03783623680494,205.064478371938,125.0,0.03701974459477844,0.00925493614869461,0.35,117.82138131275325,0.8756302573458792,0.008064516129032258,0.0,0.0,32.808398950131235,,5.218146521471596,2.7894867660368696,13.320158650182625,1.190723348404691,7.084671128478027,5250.0,0.21404616255838957,696.0379677413042,1836.2706460532243,2618.184189756498,13,,0.2730403937695535,0.19697232742676027,0.6102041777988256,0.3333333333333333,0.2839506172839506,81,True,99.73437834550141,2.7894867660368696,5.218146521471596,0.19697232742676027,0.3333333333333333,,7674.5312580296395,,1,,,0,-5.997569723823432,-10.111860786663193,5.490538259907872,9,5.533405684456927,1,,0,,0,5.533405684456927,1,,0,False
s01_A_modal_F017,s01,A_modal,F017,final_fall,She kept apologizing even though it wasn't her fault.,She kept apologizing even though it wasn't her fault.,False,data/split/s01_A_modal_F017.wav,3.53,s01_A_modal_F017.wav,3.53,122.55812389454984,121.73627647187672,19.934762337668513,105.37237844684107,153.4866274155748,6.511394721516517,64.32299811886453,197.0200646197504,153.0,0.09327923410709817,0.01165990426338727,0.35,121.4444208750526,0.8467635607535413,0.046052631578947366,0.0,0.0,51.86440677966102,,7.115488272123723,2.9730058468426095,14.8519764662062,1.3546389740520135,8.3290923770614,4000.0,0.180675795886003,514.3328956865503,1375.9083773569296,2395.7871422407393,13,,0.2844831792784812,0.24218658490668798,0.5346809567667834,0.4,0.3076923076923077,65,True,105.37237844684107,2.9730058468426095,7.115488272123723,0.24218658490668798,0.4,,,,0,4058.7997101487213,,1,-5.013589154461183,-7.040307753354853,4.1339079357182005,6,,0,,0,,0,,0,,0,False
s01_A_modal_F018,s01,A_modal,F018,final_fall,"The apartment was smaller than we expected, obviously.","The apartment was smaller than we expected, obviously.",False,data/split/s01_A_modal_F018.wav,3.04,s01_A_modal_F018.wav,3.04,122.62214242558878,119.53035698022367,14.740071289198193,107.07592884369498,141.15491732806842,4.783742349953302,83.42551930325106,199.06818170597245,181.0,0.03596021966725823,0.008990054916814557,0.8,119.38970718753508,0.9518280475307314,0.0,7.0,4.0,54.02985074626866,,8.297910867920903,2.0879071421139668,11.070423261941352,1.0833836214217345,9.154842887563044,4000.0,0.2204772403215389,512.9179642173943,1462.1170519043424,2372.972694537715,13,,0.21369469322675613,0.14529556256158296,0.4753821148891477,0.2459016393442623,0.13934426229508196,122,True,107.07592884369498,2.0879071421139668,8.297910867920903,0.14529556256158296,0.2459016393442623,,6269.177775203109,457.2858312169363,3,,,0,-2.6677443586719014,-5.075503863751248,7.77283928747562,10,43.42876936230411,1,,0,,0,43.42876936230411,1,,0,False
s01_A_modal_F019,s01,A_modal,F019,final_fall,I think I left my keys somewhere in the stairwell.,I think I left my keys somewhere in the stairwell.,False,data/split/s01_A_modal_F019.wav,3.23,s01_A_modal_F019.wav,3.23,136.61564049000773,136.65945092043486,28.883133311159845,101.54992268320989,166.5714280592731,8.567421788624005,81.09050513783909,233.81124158165989,172.0,0.03699569998855657,0.009248924997139142,0.35,136.77669084233872,0.8505054721223523,0.005847953216374269,0.0,0.0,49.71098265895954,,8.227613739972801,2.084900581583955,10.954468114933869,1.0096126219381338,9.045490625584671,4750.0,0.18632930634349298,583.49567317023,1627.0963533649947,2516.576222744734,13,,0.21022721342370684,0.1613037931229788,0.4092146784701601,0.2867132867132867,0.16783216783216784,143,True,101.54992268320989,2.084900581583955,8.227613739972801,0.1613037931229788,0.2867132867132867,,6386.984924943482,3.017637914882914,2,,,0,-1.7374285087086052,-4.295466617452745,3.806694360413906,10,18.857993950075482,2,35.01932053131851,1,,0,2.6966673688324505,1,,0,False
s01_A_modal_F020,s01,A_modal,F020,final_fall,"It turned out fine, more or less, in the end.","It turned out fine, more or less, in the end.",False,data/split/s01_A_modal_F020.wav,2.98,s01_A_modal_F020.wav,2.98,117.91552793493248,111.12199823327458,23.22867440336693,95.84575528364911,156.63951258985156,8.503940820220112,60.029533687204044,206.1992803394801,116.0,0.04997540070246261,0.012493850175615653,0.35,111.13778036565705,0.9564394859323662,0.0,0.0,0.0,49.361702127659576,,7.308015621399639,2.3534472459035483,11.87944893618715,1.1856847324421822,9.038980241317203,5000.0,0.203614972015107,561.5669617736712,1825.027646609183,2597.8780615913,13,,0.30976769646588626,0.2476817649277065,0.6987634849311742,0.45161290322580644,0.3387096774193548,124,True,95.84575528364911,2.3534472459035483,7.308015621399639,0.2476817649277065,0.45161290322580644,,7144.367657766009,,1,,,0,-5.579482078340323,-7.260077889059296,1.130243404146162,8,,0,,0,,0,,0,,0,False
s01_A_modal_F021,s01,A_modal,F021,final_fall,Nobody warned us about the traffic on the way in.,Nobody warned us about the traffic on the way in.,False,data/split/s01_A_modal_F021.wav,3.08,s01_A_modal_F021.wav,3.08,130.0505488352242,135.96536519462856,30.596680774758994,95.47166897584077,172.53339066265843,10.244772132543766,60.160913572807914,220.44442369318176,119.0,0.049866264021561794,0.012466566005390449,0.35,133.60993295134273,0.8305899560496429,0.01694915254237288,2.0,1.0,48.77049180327869,period_doubling_present,6.552558970064766,3.20404584842362,14.007926811996635,1.3369863852639479,8.357144461317887,3750.0,0.17709152473188428,501.462689071605,1474.6671806819613,2206.426273418574,13,,0.34157457394822566,0.27038528432996145,0.667484500981822,0.47619047619047616,0.4095238095238095,105,True,95.47166897584077,3.20404584842362,6.552558970064766,0.27038528432996145,0.47619047619047616,irregular_f0,5897.556097411204,,1,,,0,-3.958302892497668,-5.1914021890320186,6.046535255656079,7,10.919596610119875,1,10.919596610119875,1,,0,,0,,0,False
s01_A_modal_F022,s01,A_modal,F022,final_fall,He mentioned it once and then never brought it up again.,He mentioned it once and then never brought it up again.,False,data/split/s01_A_modal_F022.wav,4.1,s01_A_modal_F022.wav,4.1,121.149324446889,118.17155450400227,17.75942486133383,99.31399451768978,144.5711723992964,6.5005317178195146,60.60718149667835,199.2634956430215,121.0,0.0989981690590386,0.012374771132379826,0.35,118.38599698076709,0.8471247206236399,0.0,0.0,0.0,37.34567901234568,,6.387631534087948,2.7554632582930867,13.810572353057665,1.1847304191736863,7.02386417407389,5250.0,0.1269319483614599,729.8588938430461,2039.291587366687,2834.7622229642766,13,,0.23919919297937137,0.21200128918616862,0.4133178116989177,0.3524590163934426,0.18032786885245902,122,True,99.31399451768978,2.7554632582930867,6.387631534087948,0.21200128918616862,0.3524590163934426,,7924.862353190725,,1,4510.871990736916,,1,-3.1664904190114775,-5.596997860849183,9.671138273087939,14,40.58626330606585,2,,0,,0,40.58626330606585,2,,0,False
s01_A_modal_F023,s01,A_modal,F023,final_fall,We were both too tired to argue about it anymore.,We were both too tired to argue about it anymore.,False,data/split/s01_A_modal_F023.wav,3.24,s01_A_modal_F023.wav,3.24,127.24627893631815,129.6189057395577,23.759740558038384,92.87032034930198,159.07330982158197,9.316827315663994,56.99150023672577,208.00088244657672,107.0,0.05263942846808543,0.013159857117021357,0.8,129.18729566215498,0.8415674916904199,0.0,0.0,0.0,44.03292181069959,,6.03082233446815,2.496105739758097,12.707547781432552,1.215658350541879,7.974796050007654,3750.0,0.19514632719636163,466.0457021918986,1316.920980305766,2145.752938977005,13,,0.2832795422715274,0.22257540816345797,0.589031933498315,0.40404040404040403,0.31313131313131315,99,True,92.87032034930198,2.496105739758097,6.03082233446815,0.22257540816345797,0.40404040404040403,,,,0,,,0,-1.5690646613496604,-4.693365694170335,7.09489374138347,11,20.398057974177597,1,,0,,0,20.398057974177597,1,,0,False
s01_A_modal_F024,s01,A_modal,F024,final_fall,I've been putting that conversation off for months.,I've been putting that conversation off for months.,False,data/split/s01_A_modal_F024.wav,3.74,s01_A_modal_F024.wav,3.74,132.5866148758058,129.229383693686,19.09400937750278,113.3228672293459,159.10494437400223,5.874475923542875,67.8616018886325,210.06408225218112,131.0,0.08841524268534928,0.01105190533566866,0.8,129.12716462848462,0.8578767417013058,0.0,0.0,0.0,39.57703927492447,,7.3666123219579,2.5611685380232103,13.987732089870239,1.3414789522920223,7.6528666113886805,3750.0,0.20460910203699476,555.9560648286525,1332.7035960414019,2252.5917920121474,13,,0.2978501267658997,0.21783756990828784,0.6841394559378358,0.3695652173913043,0.2971014492753623,138,True,113.3228672293459,2.5611685380232103,7.3666123219579,0.21783756990828784,0.3695652173913043,,6978.763027323565,1523.7603596977262,2,3204.7782109839713,,1,0.7558531439411129,-1.1486420912942954,14.057345624125524,12,,0,,0,,0,,0,,0,False
s01_A_modal_F025,s01,A_modal,F025,final_fall,It felt like the longest week of the entire summer.,It felt like the longest week of the entire summer.,False,data/split/s01_A_modal_F025.wav,3.17,s01_A_modal_F025.wav,3.17,130.39012730177424,128.39080759643213,17.22669296705283,109.02827505483857,151.74503674637285,5.7233640266132735,66.68151333056105,216.6407426338497,129.0,0.0899799614663232,0.0112474951832904,0.35,130.43247720636958,0.8653282170277449,0.0,2.0,1.0,47.08029197080292,,6.616659523744805,2.554821772769813,15.073496900507966,1.5211170636163298,8.646938498258633,5000.0,0.2056240687423708,566.8799951687986,1762.7119021599478,2623.7833976885913,13,,0.2919672416947088,0.2423236757406761,0.4957673347159113,0.4296875,0.3515625,128,True,109.02827505483857,2.554821772769813,6.616659523744805,0.2423236757406761,0.4296875,,5965.887954680946,274.164783324538,2,,,0,-3.8131863050325503,-6.178240334152985,3.8396036733232446,10,3.5946172323493286,1,3.5946172323493286,1,,0,,0,,0,False
s01_B_natural_C001,s01,B_natural,C001,command,Set a timer for twelve minutes.,Set a timer for twelve minutes.,False,data/split/s01_B_natural_C001.wav,2.18,s01_B_natural_C001.wav,2.18,124.40859777632627,116.37978834769808,28.080480215674918,93.1852008524547,162.45881689995358,9.622815427901646,75.87287694040195,346.80926407854656,75.0,0.07907964271228297,0.009884955339035372,0.35,108.82512792752541,0.7730805646506363,0.02702702702702703,2.0,0.0,35.2112676056338,period_doubling_present,4.698158983721556,3.3940457829534263,13.869825728620588,1.3341041429850955,6.940015163026074,4000.0,0.14016846250694634,530.1326099103733,1287.3026980643867,2113.521545357002,13,,0.34825175234206185,0.2648208695731096,0.6947717871544529,0.44680851063829785,0.40425531914893614,47,True,93.1852008524547,3.3940457829534263,4.698158983721556,0.2648208695731096,0.44680851063829785,irregular_f0,5291.754640324107,3987.3865240206787,2,,,0,-5.058571613389826,-12.175832869022749,2.415584257089222,6,17.167705830362756,1,,0,,0,17.167705830362756,1,,0,False
s01_B_natural_C002,s01,B_natural,C002,command,Text Marcus that I'm running late.,Text Marcus that I'm running late.,False,data/split/s01_B_natural_C002.wav,2.36,s01_B_natural_C002.wav,2.36,108.04162020740395,103.74273580279295,18.321102119318358,92.41392142967645,145.8462078756849,7.8991892599475175,52.79618875294153,170.9115956695715,64.0,0.11364456680910913,0.014205570851138641,0.35,103.71347035288056,0.7584639252229677,0.0,0.0,0.0,40.25157232704402,,7.454098926681454,2.2481089564537156,13.132768799352256,1.1880422790732859,7.725312764920265,5000.0,0.1490684309066955,587.4445580234121,1802.8596001662436,2603.36016422744,13,,0.22376763817094422,0.15650485636932568,0.48316080865058825,0.27848101265822783,0.21518987341772153,79,True,92.41392142967645,2.2481089564537156,7.454098926681454,0.15650485636932568,0.27848101265822783,,6111.273765542837,383.5078355523639,2,,,0,-3.657887836971559,-4.8400245341793875,6.204570465645418,7,3.2372915758670517,2,3.3688677035277337,1,,0,3.10571544820637,1,,0,False
s01_B_natural_C003,s01,B_natural,C003,command,What's the weather in Newton tomorrow?,What's the weather in Newton tomorrow?,False,data/split/s01_B_natural_C003.wav,2.44,s01_B_natural_C003.wav,2.44,133.50289709695738,121.68662321036304,39.0225246279984,99.73011374265575,191.47821218042404,11.292949682411695,61.03825256239011,242.00095991927756,81.0,0.09829901329280542,0.012287376661600678,0.35,121.68178647615815,0.63402302344471,0.0125,0.0,0.0,42.40837696335078,,8.99838587548302,3.5942330801733284,13.817253954163952,1.1638346946769638,7.730793792315403,5250.0,0.12440448439468714,689.383949203669,1897.4273608757373,2684.26844167318,13,,0.2249794525739526,0.16943379886286253,0.391011740600331,0.23376623376623376,0.14285714285714285,77,True,99.73011374265575,3.5942330801733284,8.99838587548302,0.16943379886286253,0.23376623376623376,irregular_f0,8764.202553330559,,1,,,0,,,,5,,0,,0,,0,,0,,0,False
s01_B_natural_C004,s01,B_natural,C004,command,Play the new Noah Kahan album.,Play the new Noah Kahn album.,True,data/split/s01_B_natural_C004.wav,2.22,s01_B_natural_C004.wav,2.22,132.43462938648403,126.87251606474567,17.699758252410007,112.44126893443705,160.63158479928452,6.175007471913879,64.84322100082363,214.33750255725903,78.0,0.046265437677161264,0.011566359419290316,0.35,126.87997306874678,0.8660903255025223,0.0,0.0,0.0,41.48936170212766,,11.001269359040146,1.9259458394802975,11.154023436503286,1.0641050837170927,8.547274560581243,5000.0,0.14278927878502903,626.4998026493049,1823.8690843018003,2653.41581458673,13,,0.19568695112919918,0.14301847611231458,0.4076333406895332,0.20967741935483872,0.12903225806451613,62,True,112.44126893443705,1.9259458394802975,11.001269359040146,0.14301847611231458,0.20967741935483872,,,,0,,,0,1.4731718876103983,-0.6164353483242522,4.44654753317937,4,,0,,0,,0,,0,,0,False
s01_B_natural_C005,s01,B_natural,C005,command,Remind me to email my advisor on Monday.,Remind me to email my advisor on Monday.,False,data/split/s01_B_natural_C005.wav,2.79,s01_B_natural_C005.wav,2.79,123.2575668925665,119.92025313443648,26.234620119719832,92.11987052476425,174.32050906210594,11.041896313194858,60.169295862398926,191.30478571658392,116.0,0.09971863413062687,0.012464829266328359,0.35,118.89871992854388,0.9372756750599953,0.0,0.0,0.0,53.7037037037037,period_doubling_present,7.542804075012747,2.6983901900274225,12.095398974959759,1.1763710030089283,8.653857080350843,5250.0,0.1759189444337458,569.4067971397023,1892.0531184386668,2612.529078523864,13,,0.34156171107780037,0.2583898509063774,0.6929922235725225,0.48091603053435117,0.4198473282442748,131,True,92.11987052476425,2.6983901900274225,7.542804075012747,0.2583898509063774,0.48091603053435117,,,,0,,,0,-4.08327807209401,-7.5846268667074375,6.859709976392583,9,,0,,0,,0,,0,,0,False
s01_B_natural_C006,s01,B_natural,C006,command,How long is the flight to Tokyo?,How long is the flight to Tokyo?,False,data/split/s01_B_natural_C006.wav,1.96,s01_B_natural_C006.wav,1.96,142.7027333455037,126.13993981554782,41.90126200678158,92.06847019716284,205.14111269064588,13.870050884604641,79.88281426249432,277.9174250218529,75.0,0.037555011396343936,0.009388752849085984,0.35,126.44509172930304,0.6003087423010689,0.0,0.0,0.0,36.58536585365854,,6.890157602723412,2.2991062404175864,13.873268423423129,1.223525199492196,7.901361849145105,4250.0,0.15406354847623466,498.6343832725271,1397.7263113025488,2269.8709217599862,13,,0.2840215234624321,0.21553616618108037,0.6282768160899209,0.3442622950819672,0.22950819672131148,61,True,92.06847019716284,2.2991062404175864,6.890157602723412,0.21553616618108037,0.3442622950819672,,,,0,,,0,-2.978454744857167,-4.919052908741035,6.741504886892997,7,,0,,0,,0,,0,,0,False
s01_B_natural_C007,s01,B_natural,C007,command,Add oat milk to my grocery list.,Add oatmilk to.,True,data/split/s01_B_natural_C007.wav,1.29,s01_B_natural_C007.wav,1.29,216.63263506198433,150.29679767378582,154.21701800090688,109.19501930936275,491.4579313296934,26.04193050162969,40.0,750.0,30.0,0.15,0.01875,0.8,149.46731028325493,0.662262625961386,0.06896551724137931,0.0,0.0,49.18032786885246,jumpy;period_doubling_unresolved;period_doubling_present,3.3139481560146513,5.815853415952596,17.492724078420867,1.6574162478351995,9.25274302918047,5250.0,0.11891156589959169,643.2105311099284,1550.5288616430214,2637.360810810543,13,,0.35583995535863294,0.3407946094547498,0.6242021285663275,0.55,0.5,20,True,109.19501930936275,5.815853415952596,3.3139481560146513,0.3407946094547498,0.55,multiply_pulsed;irregular_f0,,,0,,,0,0.6399548323050226,0.012169996482946033,-1.6321045480329346,2,,0,,0,,0,,0,,0,False
s01_B_natural_C008,s01,B_natural,C008,command,Call the gelato shop on Orchard Street.,Call the gelato shop on Orchard Street.,False,data/split/s01_B_natural_C008.wav,2.64,s01_B_natural_C008.wav,2.64,122.66087377152188,118.52650160793429,21.35381943287683,99.17008336812351,155.64868198921437,7.803797840093653,81.1053122956209,199.70954473288458,107.0,0.07397789158533277,0.009247236448166597,0.35,117.85440830713006,0.7924558538622348,0.0,0.0,0.0,38.489208633093526,period_doubling_present,6.043532149919676,3.1048009918868336,15.088231353355356,1.4346933834206017,7.364481651415687,3500.0,0.2112444320800623,497.70416068244907,1236.2542578911525,1959.6849952549937,13,ceiling_at_search_edge,0.3760977853653245,0.2814061158903516,0.7956117922822958,0.5135135135135135,0.40540540540540543,74,True,99.17008336812351,3.1048009918868336,6.043532149919676,0.2814061158903516,0.5135135135135135,multiply_pulsed;irregular_f0,5994.8774021459585,,1,4465.410762514041,,1,-2.620392605960648,-3.679374279401268,1.4409429703704706,6,2.9757988721805795,1,,0,,0,2.9757988721805795,1,,0,False
s01_B_natural_C009,s01,B_natural,C009,command,Turn off the bedroom lights.,Turn off the bedroom lights.,False,data/split/s01_B_natural_C009.wav,1.88,s01_B_natural_C009.wav,1.88,124.57688819921576,109.83254104020116,26.859804155079285,97.47782467783621,160.6294386979692,8.647084317895036,75.00725251669054,343.91450031897114,58.0,0.07999226473019906,0.009999033091274883,0.35,102.74858726061977,0.7555062620964513,0.017543859649122806,0.0,0.0,32.04419889502763,,9.04464022106335,1.012447641157317,9.996179604768002,0.8597662859206325,7.830890654461449,3750.0,0.19223529808180115,523.0051882244597,1290.0547841346,2031.9748037460208,13,,0.25010900043939666,0.1401218536521579,0.7070644591246519,0.29545454545454547,0.18181818181818182,44,True,97.47782467783621,1.012447641157317,9.04464022106335,0.1401218536521579,0.29545454545454547,,6208.78383459778,,1,,,0,-8.258063984264775,-10.176000672616167,9.736121270628825,4,,0,,0,,0,,0,,0,False
s01_B_natural_C010,s01,B_natural,C010,command,What time does the library close today?,What time does the library close today?,False,data/split/s01_B_natural_C010.wav,2.07,s01_B_natural_C010.wav,2.07,132.34295488351194,125.28929974100407,29.75937781807333,96.00455590238793,171.7173220835292,10.066329643379714,83.80058733339189,336.424001774609,124.0,0.07159854352964885,0.008949817941206107,0.8,125.0222131235991,0.9706763980040354,0.016260162601626018,2.0,0.0,55.357142857142854,,6.972808310186329,2.3116753772869614,13.734257423316777,1.249670034955121,9.182686626541221,4250.0,0.14225502520185077,446.29027205035413,1317.8095860454691,2174.112788078435,13,,0.27507502099730347,0.2049672097085789,0.5283404968149858,0.3684210526315789,0.2894736842105263,76,True,96.00455590238793,2.3116753772869614,6.972808310186329,0.2049672097085789,0.3684210526315789,,6140.041626390077,,1,,,0,-4.425258323418204,-6.61324389452238,4.196141903598267,4,,0,,0,,0,,0,,0,False
s01_B_natural_C011,s01,B_natural,C011,command,Navigate to Grand Central Terminal.,Navigate to Grand Central Terminal.,False,data/split/s01_B_natural_C011.wav,2.53,s01_B_natural_C011.wav,2.53,124.01537485792338,121.17614334268177,26.476969043899583,85.96075727823282,158.58627185417453,10.602213491269252,66.09729934315595,326.39291569103614,89.0,0.09077526706272712,0.01134690838284089,0.35,121.20535167616616,0.8175923203206655,0.0,0.0,0.0,41.395348837209305,,8.278188870155152,2.5450754834080027,13.166707120955564,1.30837192937546,8.019654178751864,3750.0,0.2045878252257204,501.15404597375823,1348.8401150836291,2164.251092010932,13,,0.247981970531982,0.18199470502744525,0.501205868567999,0.33783783783783783,0.21621621621621623,74,True,85.96075727823282,2.5450754834080027,8.278188870155152,0.18199470502744525,0.33783783783783783,,6999.2427541583575,,1,,,0,-3.1117625254868932,-11.028323598392383,5.983420405726686,6,3.6424711629190476,1,,0,,0,3.6424711629190476,1,,0,False
s01_B_natural_C012,s01,B_natural,C012,command,Send a photo to the choir group chat.,Send a photo to the choir group chat.,False,data/split/s01_B_natural_C012.wav,2.71,s01_B_natural_C012.wav,2.71,119.27045053738941,115.76972110845499,18.010428453746258,98.78148273004577,147.31556893732048,6.919168553485964,56.99425763728921,192.70500974359817,59.0,0.0526368817555615,0.013159220438890375,0.8,119.54732006071127,0.8056048834156564,0.0,0.0,0.0,29.207920792079207,,6.023072221418142,2.5256981057090693,13.409454192950095,1.297832224602714,7.213888803997936,5000.0,0.1283223934700723,636.4381355366804,1687.4168460204896,2569.287355825235,13,,0.2127288189721407,0.18042017523049075,0.4156003173138073,0.28,0.18,50,True,98.78148273004577,2.5256981057090693,6.023072221418142,0.18042017523049075,0.28,,6306.218591078841,,1,,,0,-0.8236073913750452,-1.7643738239278761,4.302690900535268,6,,0,,0,,0,,0,,0,False
s01_B_natural_C013,s01,B_natural,C013,command,Show me my calendar for next Thursday.,Show me my calendar for next Thursday.,False,data/split/s01_B_natural_C013.wav,2.6,s01_B_natural_C013.wav,2.6,134.58756819431227,133.90173885632902,31.561941031216556,94.01614421448983,180.02930068256313,11.247015749847646,54.14777642371567,237.23630612515487,66.0,0.11080787423381834,0.013850984279227293,0.35,134.54870945310876,0.5404070690841618,0.0,0.0,0.0,36.666666666666664,,6.126700257607923,2.2048101317381197,12.99302843160225,1.2415682220575046,7.033428076971859,3750.0,0.17679283861728054,562.3583398226385,1390.6487371389094,2118.4432302299438,13,,0.16657287335232515,0.15300941955486236,0.3010463814347992,0.13559322033898305,0.05084745762711865,59,True,94.01614421448983,2.2048101317381197,6.126700257607923,0.15300941955486236,0.13559322033898305,,6828.293461587708,,1,5193.348644812365,,1,-1.2971092429441526,-2.6380580613802707,11.121517573366532,5,,0,,0,,0,,0,,0,False
s01_B_natural_C014,s01,B_natural,C014,command,Convert eighty degrees Fahrenheit to Celsius.,Convert eighty degrees Fahrenheit to Celsius.,False,data/split/s01_B_natural_C014.wav,3.72,s01_B_natural_C014.wav,3.72,127.68544018323016,127.37663958543405,19.06029979669628,102.3456754673357,155.23827598091876,7.212410070399413,82.84180758762217,216.62443827628724,209.0,0.07242719799002179,0.009053399748752723,0.35,127.31436145739029,0.7644526318204242,0.004807692307692308,4.0,2.0,51.86104218362283,,9.297310416410319,2.4238932827588613,11.3266911066481,1.0847569624005917,8.90087075470947,4000.0,0.16947380303393667,460.55258817962795,1591.8932376403109,2204.9771777019605,13,,0.2097472700570532,0.13463724442692823,0.4546834011928412,0.19727891156462585,0.1292517006802721,147,True,102.3456754673357,2.4238932827588613,9.297310416410319,0.13463724442692823,0.19727891156462585,,5884.562833093804,2029.3834819391918,3,,,0,-5.602464386547536,-11.131057985453236,2.1302918255267236,11,13.610686097091076,3,3.4718359144642053,1,,0,27.85453650795322,1,9.505685868855807,1,False
s01_B_natural_C015,s01,B_natural,C015,command,Skip to the next song.,Skip to the next song.,False,data/split/s01_B_natural_C015.wav,1.82,s01_B_natural_C015.wav,1.82,145.7980965901319,138.43768797607498,23.327868625663864,114.35316257852446,176.8022738986982,7.5436867667055925,70.5959601486838,262.1416096988112,38.0,0.04249534950274251,0.010623837375685627,0.35,138.45802304504048,0.4208772612940108,0.0,0.0,0.0,22.61904761904762,anchor_unreliable,5.385795735415239,3.068427255115043,16.617695919780893,1.6538449250213216,6.415337925581593,5000.0,0.15575171196674642,678.805972003151,1830.3216915493638,2626.7002617180583,13,,0.17686594096837738,0.16437550435506343,0.28270863319047995,0.1111111111111111,0.037037037037037035,27,True,114.35316257852446,3.068427255115043,5.385795735415239,0.16437550435506343,0.1111111111111111,irregular_f0,6978.495611536502,1642.3140831006763,3,,,0,-5.121313492614949,-7.978247897240642,5.702153789092371,5,,0,,0,,0,,0,,0,False
s01_B_natural_C016,s01,B_natural,C016,command,What's the score of the Mets game?,What's the score of the Mets game?,False,data/split/s01_B_natural_C016.wav,2.28,s01_B_natural_C016.wav,2.28,130.8443806587745,130.45439254478512,29.81303753665986,97.0813567860191,172.37999643775194,9.93991430861375,55.05552017617697,228.6928861532968,41.0,0.10898089747949118,0.013622612184936397,0.35,130.47645468971473,0.6290308296427705,0.025,0.0,0.0,25.625,,6.069331601004235,3.2048423187218527,13.718922753003108,1.3533129468448932,6.26101393915306,5250.0,0.12983232264488398,777.8761634016274,2045.5134326939342,2725.3705307418504,13,,0.2923482357324434,0.22560206381923856,0.674813729535076,0.3157894736842105,0.2631578947368421,38,True,97.0813567860191,3.2048423187218527,6.069331601004235,0.22560206381923856,0.3157894736842105,irregular_f0,6770.486136387234,839.133702772086,3,,,0,,,,5,4.960916262802595,1,4.960916262802595,1,,0,,0,,0,False
s01_B_natural_C017,s01,B_natural,C017,command,Set an alarm for six forty-five.,Set an alarm for six forty-five.,False,data/split/s01_B_natural_C017.wav,1.94,s01_B_natural_C017.wav,1.94,126.12469707826622,115.75066890724662,27.971031391888005,96.59522092335662,176.51538992174872,10.437243067902251,60.23979409916208,216.1146849913843,64.0,0.09960193406576498,0.012450241758220622,0.35,115.73140267307987,0.9451637064576902,0.0,0.0,0.0,43.24324324324324,,6.71791780893392,2.4684877608208424,13.131297364680936,1.2743302084177994,7.761078440727809,3500.0,0.16244452016689157,500.14182366937115,1214.408702541789,1837.0636225446106,13,ceiling_at_search_edge,0.24485704786451265,0.16564819220101862,0.537741062343466,0.26153846153846155,0.24615384615384617,65,True,96.59522092335662,2.4684877608208424,6.71791780893392,0.16564819220101862,0.26153846153846155,,6614.608371762719,1148.1815534242012,3,,,0,-2.143385159958065,-3.722306884260586,5.739078928864551,7,31.067984878949297,1,,0,,0,31.067984878949297,1,,0,False
s01_B_natural_C018,s01,B_natural,C018,command,Find a ramen place open past midnight.,Find a ramen place open past midnight.,False,data/split/s01_B_natural_C018.wav,2.68,s01_B_natural_C018.wav,2.68,121.49810480563444,119.46530817118473,17.374053654736564,102.70203825275543,146.75749934817895,6.179632959211606,58.80814694099349,194.58547340601714,81.0,0.10202668018123813,0.012753335022654766,0.35,120.67453361431464,0.7072831711671104,0.0,0.0,0.0,39.90147783251231,,6.62606282438222,2.319707329184451,15.082056050459872,1.3629354154640725,8.245267308650568,5000.0,0.15167133758384482,565.7145624609761,1509.6288008041938,2586.18270881676,13,,0.22322378769831824,0.20805098781001521,0.37830488256178224,0.2987012987012987,0.14285714285714285,77,True,102.70203825275543,2.319707329184451,6.62606282438222,0.20805098781001521,0.2987012987012987,,5833.287755032152,666.8167399967455,2,,,0,-1.9430011331361332,-3.1703707209362975,4.780429709236695,6,,0,,0,,0,,0,,0,False
s01_B_natural_C019,s01,B_natural,C019,command,Read my last message from Anjali.,Read my last message from Anjali.,False,data/split/s01_B_natural_C019.wav,2.63,s01_B_natural_C019.wav,2.63,129.68767994247054,121.14010046747782,28.64322714847641,103.50469381634363,182.9098859229067,9.857242299781834,63.65524173427565,213.35730854380537,101.0,0.04712887608727165,0.011782219021817912,0.35,120.2614332477846,0.808117019212858,0.02,0.0,0.0,45.90909090909091,,6.347196203399619,2.788334302710218,14.100487603978873,1.3116382271471672,7.815473767043712,3750.0,0.23016967390453982,543.8625570197801,1400.8967036837141,2139.267634194427,13,,0.2948920215829113,0.2540282773290369,0.6489451421990169,0.41025641025641024,0.3076923076923077,78,True,103.50469381634363,2.788334302710218,6.347196203399619,0.2540282773290369,0.41025641025641024,,4906.346152724236,2880.9270080178726,2,,,0,-3.6363188384566048,-6.57782107190468,5.5111772924302596,5,,0,,0,,0,,0,,0,False
s01_B_natural_C020,s01,B_natural,C020,command,How do you say thank you in Japanese?,How do you say thank you in Japanese?,False,data/split/s01_B_natural_C020.wav,2.16,s01_B_natural_C020.wav,2.16,124.82418541982743,118.7786688731272,26.83018419097249,92.50089438719581,168.30940148118515,10.362918543370185,56.999052091694594,217.13220580087213,66.0,0.05263245422351741,0.013158113555879352,0.35,113.99897144255203,0.8747584418222185,0.0,0.0,0.0,40.993788819875775,,6.252921911357506,2.76493893284741,14.173591739660058,1.2899716277615003,7.094699934350397,4750.0,0.15854574546233297,499.28665171551984,1690.403010350723,2570.14175053489,13,,0.29027966953578765,0.25861853872601615,0.48762465066807087,0.4383561643835616,0.273972602739726,73,True,92.50089438719581,2.76493893284741,6.252921911357506,0.25861853872601615,0.4383561643835616,,5541.836477689141,,1,,,0,-1.9598732636350071,-3.7410339958534635,7.948605426025135,5,,0,,0,,0,,0,,0,False
s01_B_natural_C021,s01,B_natural,C021,command,Start a workout on my watch.,Start a workout on my watch.,False,data/split/s01_B_natural_C021.wav,2.26,s01_B_natural_C021.wav,2.26,117.59145559157714,111.3493090527349,26.360530115752688,93.17388380107387,166.2623777750988,10.02557055860604,54.48115915367863,178.69538643333271,49.0,0.11012981539316005,0.013766226924145007,0.35,114.82304432790885,0.5802080519704265,0.020833333333333332,0.0,0.0,31.21019108280255,period_doubling_present,5.301081893215937,2.766887022382075,14.291283506105623,1.3696252911201467,6.802253902359634,5000.0,0.13290973336681206,679.0934410956693,1561.5246862899808,2541.9962874453677,13,,0.3719695787276098,0.3502187210156799,0.7363472259188456,0.5263157894736842,0.5087719298245614,57,True,93.17388380107387,2.766887022382075,5.301081893215937,0.3502187210156799,0.5263157894736842,multiply_pulsed,5673.62983717585,,1,,,0,,,,5,20.296090279414926,2,,0,,0,20.296090279414926,2,,0,False
s01_B_natural_C022,s01,B_natural,C022,command,Cancel my reminder about the dentist.,Cancel my reminder about the dentist.,False,data/split/s01_B_natural_C022.wav,2.99,s01_B_natural_C022.wav,2.99,128.7205047567776,123.01355419925895,21.12201934151992,109.84366283850983,162.70079161781075,6.801235572415607,64.11195570670513,201.80274960531955,117.0,0.09358628876411723,0.011698286095514654,0.8,122.49639022111225,0.8785681787673626,0.0,0.0,0.0,47.17741935483871,,8.191198973545504,1.9304079749461984,10.789915412152014,1.0105158930646587,9.168417366116227,5250.0,0.17039991656053688,518.2676723471288,1785.4191834535197,2642.449820592424,13,,0.22046612850224953,0.14731119245530694,0.5235442702833376,0.21212121212121213,0.1590909090909091,132,True,109.84366283850983,1.9304079749461984,8.191198973545504,0.14731119245530694,0.21212121212121213,,6768.400249250735,882.140548538166,2,,,0,-3.458770170165299,-4.673189816453634,2.7948512675904267,8,,0,,0,,0,,0,,0,False
s01_B_natural_C023,s01,B_natural,C023,command,Take a note about the pitch analysis.,Take a note about the pitch analysis.,False,data/split/s01_B_natural_C023.wav,2.58,s01_B_natural_C023.wav,2.58,137.7768860604119,127.74626937856362,36.98941986803997,96.16341272867696,186.11634301887636,11.431736921562806,78.64052750258406,264.4552578055317,95.0,0.038148269032165665,0.009537067258041416,0.35,123.52504295876464,0.49635688425967517,0.031914893617021274,2.0,0.0,35.58052434456929,anchor_unreliable,5.326013787840686,3.8064983537032866,14.745799748691615,1.283912013097315,6.754821136478044,4750.0,0.1636330330189977,657.8561225275753,1820.4672316513602,2610.9826505250976,13,,0.3352924852303764,0.2740717136715525,0.6085511579148963,0.4696969696969697,0.3484848484848485,66,True,96.16341272867696,3.8064983537032866,5.326013787840686,0.2740717136715525,0.4696969696969697,irregular_f0,6898.413676045115,1571.7002982839072,2,,,0,-2.7645054614353497,-5.361995804437188,8.2793158324881,6,4.557667457914638,1,,0,,0,4.557667457914638,1,,0,False
s01_B_natural_C024,s01,B_natural,C024,command,What is twenty percent of forty-three dollars?,What is twenty percent of forty-three dollars?,False,data/split/s01_B_natural_C024.wav,2.36,s01_B_natural_C024.wav,2.36,138.01624677717336,128.87042270930374,42.62049114002917,100.01052344246465,193.5478092013085,11.4304579731767,83.7260813722299,325.734902347794,115.0,0.035831128733501603,0.008957782183375401,0.35,131.83736880404115,0.8841539808905512,0.02631578947368421,5.0,2.0,44.23076923076923,,6.813914670496262,3.024589566939485,13.892436156507602,1.3358391086312982,7.591446493371139,4750.0,0.17492097441502866,540.0445390240136,1700.6697152584488,2532.2081652903844,13,,0.3339275747928374,0.22211119554846065,0.7846701153700418,0.4146341463414634,0.36585365853658536,82,True,100.01052344246465,3.024589566939485,6.813914670496262,0.22211119554846065,0.4146341463414634,irregular_f0,5760.453955395196,,1,,,0,-5.474304570377933,-9.109863148647282,8.221654520673408,10,,0,,0,,0,,0,,0,False
s01_B_natural_C025,s01,B_natural,C025,command,Turn the volume down a little.,Turn the volume down a little.,False,data/split/s01_B_natural_C025.wav,1.88,s01_B_natural_C025.wav,1.88,120.95416579361945,118.35403154255616,30.05525133731989,87.64824871207486,166.1036268522563,11.067436855487854,69.53005649744219,213.8033320135047,82.0,0.08629361605970683,0.010786702007463353,0.35,123.23921052434194,0.22860583753211994,0.0,0.0,0.0,49.10179640718563,anchor_unreliable,7.181861653841588,2.7172681557920533,14.811307153943746,1.4071365544989853,7.557135320185297,4750.0,0.13377103095026077,684.3178508917583,1811.5541609989173,2604.310927286784,13,,0.29483979245692743,0.2651489037780823,0.5036011789061965,0.4393939393939394,0.3333333333333333,66,True,87.64824871207486,2.7172681557920533,7.181861653841588,0.2651489037780823,0.4393939393939394,,,,0,,,0,2.61666181416485,1.5894223845071949,12.28605594330716,3,,0,,0,,0,,0,,0,False
s01_B_natural_C026,s01,B_natural,C026,command,Open the Praat documentation in Safari.,Open the Pratt documentation in Safari.,True,data/split/s01_B_natural_C026.wav,2.78,s01_B_natural_C026.wav,2.78,128.83472411130754,123.30059798061251,28.876415862610912,96.87366157693668,176.42627586579135,10.378668782340036,58.48141640762063,220.42375349565955,94.0,0.10259669427599823,0.012824586784499778,0.35,124.47560206118612,0.4685137071201203,0.0,0.0,0.0,44.97607655502392,anchor_unreliable,6.489124333570326,2.632273879589328,11.496910026085379,1.1265188248102884,8.530479158450872,3750.0,0.147482229290278,526.8336607129868,1405.1625294900218,2223.746304099628,13,,0.26250271330904157,0.22515014618036133,0.5539738560172428,0.3877551020408163,0.2653061224489796,98,True,96.87366157693668,2.632273879589328,6.489124333570326,0.22515014618036133,0.3877551020408163,,6720.6896902038,,1,3517.931458139929,,1,-2.9862605108113076,-4.2822636080895915,5.50000727899558,8,35.95169690357692,1,,0,,0,,0,35.95169690357692,1,False
s01_B_natural_C027,s01,B_natural,C027,command,Schedule a meeting for Friday afternoon.,Schedule a meeting for Friday afternoon.,False,data/split/s01_B_natural_C027.wav,2.58,s01_B_natural_C027.wav,2.58,119.27259656231693,118.64702417325958,31.517637392719244,91.47609864891767,175.51409908741914,11.28144221190896,57.21717233669473,196.94583979442245,88.0,0.052431811595765085,0.013107952898941271,0.35,118.18133931437399,0.9551478066160101,0.011494252873563218,0.0,0.0,45.59585492227979,,7.428145452015554,2.4730380227906403,12.217852091572373,1.1082344390129655,8.11526972578634,3750.0,0.16973284586576987,524.5041635217449,1475.20482854777,2235.693164217997,13,,0.2719762304125383,0.19454229560984315,0.5605550275451974,0.35443037974683544,0.27848101265822783,79,True,91.47609864891767,2.4730380227906403,7.428145452015554,0.19454229560984315,0.35443037974683544,,6521.597888534634,,1,,,0,-3.260428820129225,-4.58242829047511,0.6254155506551804,10,5.23245938381578,1,,0,,0,5.23245938381578,1,,0,False
s01_B_natural_C028,s01,B_natural,C028,command,Is it going to rain this evening?,Is it going to rain this evening?,False,data/split/s01_B_natural_C028.wav,1.86,s01_B_natural_C028.wav,1.86,123.45647459774725,118.10980571211974,27.19444383345988,93.35026612589449,160.6288887002276,9.396064089616237,59.61082371476419,205.63235286158724,72.0,0.050326430890384945,0.012581607722596236,0.35,119.93029493544145,0.7743973083605672,0.0,2.0,1.0,50.0,,7.278973377122377,2.6196638201712474,14.388931387704506,1.292271616634998,7.63408231834127,5250.0,0.1451048566459361,465.58333116794483,1891.43379116213,2676.034024248207,13,,0.344745234425805,0.28897911718727254,0.7208505294896135,0.5,0.375,56,True,93.35026612589449,2.6196638201712474,7.278973377122377,0.28897911718727254,0.5,multiply_pulsed,6851.964086685613,,1,,,0,-7.963804504651801,-16.64793939397553,2.5392739053040323,7,,0,,0,,0,,0,,0,False
s01_B_natural_C029,s01,B_natural,C029,command,Play something quiet while I study.,Play something quiet while I study.,False,data/split/s01_B_natural_C029.wav,2.32,s01_B_natural_C029.wav,2.32,152.39164302981345,156.883591304552,39.09659127601464,92.0164280812882,196.35528663788423,13.12203698042272,85.1751787824395,282.05286339077446,78.0,0.07044305730576306,0.008805382163220382,0.35,164.11874050959995,0.0,0.0,0.0,0.0,30.46875,anchor_unreliable;period_doubling_present,7.345202612320338,2.5821891518328606,11.840966678431803,1.1207245846701108,7.141355955517652,5000.0,0.11823049583697137,653.8208193860692,1874.3672055818117,2650.2656585114582,13,,0.37939509017608425,0.3140568312860439,0.7427380644597659,0.559322033898305,0.4745762711864407,59,True,92.0164280812882,2.5821891518328606,7.345202612320338,0.3140568312860439,0.559322033898305,multiply_pulsed,6157.614476330855,70.17399068383548,2,,,0,-0.004613660742966985,-3.2047145308022937,15.11157582950994,7,33.53096886310469,1,,0,,0,33.53096886310469,1,,0,False
s01_B_natural_C030,s01,B_natural,C030,command,Delete the last voice memo.,Delete the last voice memo.,False,data/split/s01_B_natural_C030.wav,1.62,s01_B_natural_C030.wav,1.62,122.42580468969041,120.5784513444024,22.619359168731354,103.56695502775548,148.31877555033068,6.217649775391331,66.12417539901125,209.33650428301223,61.0,0.09073837161362495,0.01134229645170312,0.35,120.27584495888111,0.6153455446493379,0.016666666666666666,2.0,1.0,45.18518518518518,,6.8607247752415015,2.939108954836122,15.519703380717415,1.3885948736314022,7.873550326590648,5250.0,0.1527101514526858,608.7879417607191,1925.5961089605075,2787.7108153788204,13,,0.3029186668904718,0.19336233338636868,0.6841984813396711,0.3584905660377358,0.3018867924528302,53,True,103.56695502775548,2.939108954836122,6.8607247752415015,0.19336233338636868,0.3584905660377358,,6093.9330120732575,874.1766426404347,2,,,0,-5.618661426661433,-11.391387332049593,6.359344826330304,4,,0,,0,,0,,0,,0,False
s01_B_natural_C031,s01,B_natural,C031,command,What's the fastest way to Morningside Heights?,What's the fastest way to Morningside Heights?,False,data/split/s01_B_natural_C031.wav,3.1,s01_B_natural_C031.wav,3.1,122.65539074694917,111.28189478285707,36.13462124200587,90.88529952171214,173.82123027875096,11.225825228254674,71.60078732812427,279.98028510451195,92.0,0.08379796122218398,0.010474745152772998,0.35,111.27461320760463,0.7547018046219773,0.01098901098901099,0.0,0.0,31.944444444444443,period_doubling_present,4.9572022345922555,2.9603810816745004,18.289730709570698,1.6886600896707558,6.861000676563175,5250.0,0.15256107031151714,879.2669366808154,1951.7771436014073,2774.852647117773,13,,0.3863125782947236,0.31603665781438944,0.7389938266781235,0.5975609756097561,0.4268292682926829,82,True,90.88529952171214,2.9603810816745004,4.9572022345922555,0.31603665781438944,0.5975609756097561,multiply_pulsed,7972.2870488892,1330.1859972344716,5,,,0,-2.47995034122698,-4.211622539677864,4.600431967759967,7,,0,,0,,0,,0,,0,False
s01_B_natural_C032,s01,B_natural,C032,command,Add a wisteria trellis to my shopping list.,Add a wisteria trellis to my shopping list.,False,data/split/s01_B_natural_C032.wav,3.11,s01_B_natural_C032.wav,3.11,122.28006895851044,112.28287109132899,24.637329425665463,91.91003935197931,154.89900610139262,9.036402313243997,55.146378304931396,214.57394393195193,74.0,0.0544006713081234,0.01360016782703085,0.35,111.44343599453616,0.46519977458272066,0.0136986301369863,0.0,0.0,32.888888888888886,anchor_unreliable,7.6768533860613,2.6004757591420344,11.68156389820117,1.1424596566904175,7.509270234321472,3750.0,0.16286034588985485,498.38760975107556,1334.5537940726917,2110.3181067448104,13,,0.2733584948655144,0.22531031463524445,0.48955084022027745,0.3958333333333333,0.2916666666666667,48,True,91.91003935197931,2.6004757591420344,7.6768533860613,0.22531031463524445,0.3958333333333333,,6870.676022450255,,1,5009.876896595263,,1,0.8024993156243134,-0.2593504086510272,2.7590394132001563,5,,0,,0,,0,,0,,0,False
s01_B_natural_C033,s01,B_natural,C033,command,Tell me a joke about linguists.,Tell me a joke about linguists.,False,data/split/s01_B_natural_C033.wav,2.08,s01_B_natural_C033.wav,2.08,125.78752711995863,128.19139202338846,35.528907717246426,76.02139154726808,180.49316284400425,14.969602195611209,65.24792107946783,230.8151772242292,84.0,0.09195695281528404,0.011494619101910505,0.8,129.01607208524157,0.6319264957466386,0.0,0.0,0.0,48.554913294797686,,6.699347164407275,2.9062490350839387,11.573511937194517,1.1013497332575894,7.344120154573389,4750.0,0.12895994695475807,668.2469015538156,1856.917765520156,2630.212130779366,13,,0.30347654940997354,0.2032112611272868,0.6463774469456726,0.3617021276595745,0.3617021276595745,47,True,76.02139154726808,2.9062490350839387,6.699347164407275,0.2032112611272868,0.3617021276595745,,6633.390737007117,716.3680275215123,2,,,0,-4.2651119004696305,-7.824264911130484,3.8198533630149605,5,,0,,0,,0,,0,,0,False
s01_B_natural_C034,s01,B_natural,C034,command,Show me photos from Cape Cod.,Show me photos of Cape Caw.,True,data/split/s01_B_natural_C034.wav,1.82,s01_B_natural_C034.wav,1.82,147.30750299551792,130.40248790601007,35.11704042480906,114.02056352718604,202.653108047525,9.956619179824738,89.58036659985487,267.5734758906874,68.0,0.06697896233000815,0.008372370291251019,0.35,129.94705253913958,0.7831716826512545,0.0,0.0,0.0,32.38095238095238,,6.583176952604642,2.4239054477718587,12.827331533271163,1.1709250402038265,7.311042716420836,3750.0,0.12413634454221911,512.3771343615807,1357.4665616435384,2201.032975068715,13,,0.34816375906117136,0.21443065399932715,0.763285445318749,0.375,0.3125,16,True,114.02056352718604,2.4239054477718587,6.583176952604642,0.21443065399932715,0.375,,,,0,5098.3789368984335,,1,0.15987373310818853,-3.7085230191731355,0.7579047920900486,2,,0,,0,,0,,0,,0,False
s01_B_natural_C035,s01,B_natural,C035,command,How many days until September first?,How many days until September first?,False,data/split/s01_B_natural_C035.wav,2.93,s01_B_natural_C035.wav,2.93,139.1536532029831,115.80521983443305,46.5455683077299,95.15183618111105,213.45305891203967,13.987385223788952,76.29861592982579,409.04785786221316,84.0,0.0393191929295178,0.00982979823237945,0.35,115.99589166673557,0.7318861026222996,0.0,0.0,0.0,28.47457627118644,,6.309525911819485,2.5859871446339024,13.601225593493337,1.2175327684355877,6.765647561422123,4000.0,0.1539731765653068,456.3932670681676,1351.3677438640468,2199.296096020754,13,,0.33894816241949083,0.25923523517889624,0.7263474175455523,0.45714285714285713,0.37142857142857144,70,True,95.15183618111105,2.5859871446339024,6.309525911819485,0.25923523517889624,0.45714285714285713,,6563.182431014973,1411.1517754558845,2,,,0,-1.9969833567678041,-4.248861582445954,6.41044242386047,7,,0,,0,,0,,0,,0,False
s01_B_natural_C036,s01,B_natural,C036,command,Turn on do not disturb until noon.,Turn on do not disturb until noon.,False,data/split/s01_B_natural_C036.wav,2.09,s01_B_natural_C036.wav,2.09,131.8543419077661,124.6139729377914,37.750989378605794,97.08077525657737,182.91286428405144,10.966788108190315,55.96420634655933,337.0230758143356,77.0,0.10721138369844638,0.013401422962305797,0.35,124.7649188283149,0.7356697949961948,0.013157894736842105,0.0,0.0,52.027027027027025,,8.066563899469982,2.156365824813683,10.591490833013845,1.0953027580073145,9.78165940886205,5250.0,0.17001051718804974,500.3557009317024,1705.8168721132242,2707.3581796910507,13,,0.313311355124604,0.21280556259384611,0.7804727657820484,0.38823529411764707,0.3411764705882353,85,True,97.08077525657737,2.156365824813683,8.066563899469982,0.21280556259384611,0.38823529411764707,,5547.314123646894,,1,,,0,-4.714359007006723,-6.508016473024249,3.0251649169846453,6,10.829117076764927,1,,0,,0,10.829117076764927,1,,0,False
s01_B_natural_C037,s01,B_natural,C037,command,Where is the nearest pharmacy?,Where is the nearest pharmacy?,False,data/split/s01_B_natural_C037.wav,1.94,s01_B_natural_C037.wav,1.94,133.71780795213857,128.24211721468117,29.482729006353168,95.46582595646767,178.6329824287851,10.847306331952804,80.62636689640036,244.68475257472699,72.0,0.03720867149892547,0.009302167874731367,0.35,128.47118803938633,0.6905041346725913,0.0,0.0,0.0,35.1219512195122,,7.045848244135587,1.916770179784585,11.19645692776747,1.1426357401969394,7.569112408605466,3500.0,0.12756706008672886,511.01914210276664,1272.9520331324425,1846.0488114392087,13,ceiling_at_search_edge,0.23200046554152462,0.18305102097119483,0.4192428537410101,0.2786885245901639,0.16393442622950818,61,True,95.46582595646767,1.916770179784585,7.045848244135587,0.18305102097119483,0.2786885245901639,,6074.151710474672,188.58053054253057,2,,,0,-0.8454513513007669,-3.774070910846808,9.709361536890604,6,,0,,0,,0,,0,,0,False
s01_B_natural_C038,s01,B_natural,C038,command,Email the lab about the annotation deadline.,Email the lab about the annotation deadline.,False,data/split/s01_B_natural_C038.wav,2.68,s01_B_natural_C038.wav,2.68,127.80333732194143,116.78914417030306,30.582810604859436,96.46772245014932,184.32643822894883,11.209737637376506,58.11895608389568,302.3316826467136,101.0,0.05161827056338469,0.012904567640846172,0.35,116.684368990355,0.8219671515913084,0.0,0.0,0.0,49.509803921568626,,6.352825956398604,2.4286413107345717,14.606481274402523,1.336385340203716,9.697577198513052,5250.0,0.18083443215310172,604.4213985222596,1887.4136674937627,2727.1741236493717,13,,0.2842697405036445,0.22887826641049186,0.6208360057563626,0.39166666666666666,0.25833333333333336,120,True,96.46772245014932,2.4286413107345717,6.352825956398604,0.22887826641049186,0.39166666666666666,,,,0,5052.00846496673,,1,-3.9377637540500126,-5.94541944896265,-1.5147667442675707,9,50.501490471688726,1,,0,,0,,0,50.501490471688726,1,False
s01_B_natural_C039,s01,B_natural,C039,command,What's on my agenda this morning?,What's on my agenda this morning?,False,data/split/s01_B_natural_C039.wav,2.08,s01_B_natural_C039.wav,2.08,165.69932145054608,156.18873228167223,26.902208747424346,132.614039244959,202.27628578518375,7.309124133999491,105.39618407888497,287.2151084195307,84.0,0.05692805723885821,0.007116007154857276,0.35,152.79867779327773,0.35597769014011027,0.012048192771084338,0.0,0.0,29.473684210526315,anchor_unreliable,8.482227165964549,2.685168552249019,10.25712683672279,1.0451986587988125,8.199953612494944,5000.0,0.1514852998772742,674.2285339244717,1966.3890156120294,2690.1266539549933,13,,0.29597469846120017,0.1491159461362625,0.8434163061385909,0.3392857142857143,0.2857142857142857,56,True,132.614039244959,2.685168552249019,8.482227165964549,0.1491159461362625,0.3392857142857143,,6079.053053028731,993.3278741968218,2,,,0,-0.4371687237467145,-3.2527474058798362,7.540161973660883,6,,0,,0,,0,,0,,0,False
s01_B_natural_C040,s01,B_natural,C040,command,Play white noise for thirty minutes.,Play white noise for thirty minutes.,False,data/split/s01_B_natural_C040.wav,2.08,s01_B_natural_C040.wav,2.08,121.55752342344597,109.58730984784805,34.673382752616654,87.20161552198007,170.5761614839783,11.615871261146683,50.47786621452633,239.47098627440135,66.0,0.11886397841185574,0.014857997301481967,0.35,110.3759811660244,0.7370415689841818,0.0,0.0,0.0,50.0,,7.936277018848261,3.0088737915371624,15.116257989953318,1.3612605713863544,7.793545864085785,5250.0,0.1748103260225996,526.1536587916858,1858.0291015463574,2656.0823474666504,13,,0.2873217800266164,0.2238520452773201,0.5798536647214473,0.4074074074074074,0.2962962962962963,54,True,87.20161552198007,3.0088737915371624,7.936277018848261,0.2238520452773201,0.4074074074074074,irregular_f0,2539.493818656432,,1,,,0,-5.110030288968577,-8.562600542458512,3.904275384439842,3,,0,,0,,0,,0,,0,False
s01_B_natural_D001,s01,B_natural,D001,declarative,The old bridge groaned under the weight of the truck.,The old bridge groaned under the weight of the truck.,False,data/split/s01_B_natural_D001.wav,3.08,s01_B_natural_D001.wav,3.08,134.5040712927969,125.87454194974374,39.321756881006436,105.18241177153003,169.41872542710976,8.252398301775486,83.6978259376626,316.8558884004125,138.0,0.035843224915237025,0.008960806228809256,0.8,127.3342749495338,0.7237541409369934,0.021897810218978103,10.0,4.0,40.588235294117645,,8.68892399216178,2.972713514870169,17.02436745312308,1.4646165321641522,7.597279812933872,3750.0,0.1750256737657143,489.06407594041195,1329.3601957500064,2195.4552593971152,13,,0.3327921076294328,0.23833779922223458,0.7828111334867844,0.4246575342465753,0.3150684931506849,73,True,105.18241177153003,2.972713514870169,8.68892399216178,0.23833779922223458,0.4246575342465753,,,,0,,,0,-2.675998585585108,-5.02901702095824,4.098714838623082,6,,0,,0,,0,,0,,0,False
s01_B_natural_D002,s01,B_natural,D002,declarative,She poured the vinegar into a shallow glass dish.,She poured the vinegar into a shallow glass dish.,False,data/split/s01_B_natural_D002.wav,3.11,s01_B_natural_D002.wav,3.11,111.86665414780795,106.30236467298279,21.41463434071009,88.26663804710051,139.5801182005043,7.9338396597389345,72.08439052789129,181.45619223004783,155.0,0.08323577346025347,0.010404471682531684,0.35,106.39578753959289,0.8248317213307715,0.012987012987012988,2.0,1.0,53.264604810996566,,5.721614986219436,3.1346567171766675,14.2197953300783,1.2977999784685634,8.00614825690672,3750.0,0.16750647946423444,432.40857428023907,1531.808191526212,2195.733551429862,13,,0.3245942218416671,0.23472006840853774,0.7262203234896666,0.46875,0.3333333333333333,96,True,88.26663804710051,3.1346567171766675,5.721614986219436,0.23472006840853774,0.46875,irregular_f0,7476.614225840686,,1,5247.536616407983,413.01630488330807,3,-2.928717852313543,-4.556163067204135,2.3759803821890806,8,,0,,0,,0,,0,,0,False
s01_B_natural_D003,s01,B_natural,D003,declarative,Seven zebras wandered across the dusty road.,Seven zebras wandered across the dusty road.,False,data/split/s01_B_natural_D003.wav,2.95,s01_B_natural_D003.wav,2.95,112.12867213069767,109.09293781932668,19.7146451716333,91.41791887524393,142.6072412731289,7.6979803066913615,57.867113104418195,186.92068416130414,81.0,0.05184291800744675,0.012960729501861688,0.35,108.6377513138568,0.869911935416684,0.0125,0.0,0.0,36.160714285714285,,7.210890464685621,2.615452065244353,16.143296216493905,1.38676587131962,7.598591299716519,4750.0,0.14788274568068402,596.7114259819222,1739.8049068914456,2524.3138446604703,13,,0.2924477024617485,0.24022181913441143,0.5613535062096973,0.4318181818181818,0.375,88,True,91.41791887524393,2.615452065244353,7.210890464685621,0.24022181913441143,0.4318181818181818,,6593.929727088257,647.0941813475355,3,,,0,-4.612135688611273,-6.579771110153331,1.0758935058587995,8,,0,,0,,0,,0,,0,False
s01_B_natural_D004,s01,B_natural,D004,declarative,My grandmother kept her thimbles in a wooden box.,My grandmother kept her thimbles in a wooden box.,False,data/split/s01_B_natural_D004.wav,3.0,s01_B_natural_D004.wav,3.0,124.5204911084472,119.0978483501778,25.544840377615962,94.32647561828308,160.1931761708256,9.168936292661632,58.107281991703566,216.74493719360112,113.0,0.05162864097529693,0.012907160243824232,0.35,119.31192860591187,0.7836494548447819,0.0,0.0,0.0,49.34497816593886,,8.159457519776907,2.696985548792093,13.836176903040833,1.2915885029815293,8.486440878708951,5000.0,0.17534194102218545,608.6363310866981,1712.4435037660287,2572.70012721866,13,,0.274994116711464,0.23110861389954668,0.4862040852143625,0.35365853658536583,0.23170731707317074,82,True,94.32647561828308,2.696985548792093,8.159457519776907,0.23110861389954668,0.35365853658536583,,,,0,,,0,-0.16800836627079185,-1.279355666869236,7.7096429058077725,7,,0,,0,,0,,0,,0,False
s01_B_natural_D005,s01,B_natural,D005,declarative,The judge asked for silence in the crowded room.,The judge asked for silence in the crowded room.,False,data/split/s01_B_natural_D005.wav,3.4,s01_B_natural_D005.wav,3.4,112.45980605593422,106.80587661098943,34.85098383235811,87.89681666614851,127.50005031578712,6.439379935990963,52.79492724362545,266.4223633264397,92.0,0.1136472822912063,0.014205910286400787,0.35,108.69580999308153,0.6801478366135221,0.01098901098901099,0.0,0.0,39.6551724137931,,5.560722538749393,2.552025502073252,11.101858981221039,1.0610152374470747,7.478705059227875,4250.0,0.1841558993921517,518.8276061686825,1485.5713626780375,2186.1571404958213,13,,0.2699315738028507,0.2316123009871869,0.559933999741583,0.4158415841584158,0.297029702970297,101,True,87.89681666614851,2.552025502073252,5.560722538749393,0.2316123009871869,0.4158415841584158,,6653.852366825843,190.39068549963997,3,,,0,-2.092566624844617,-5.090112427405851,5.43117977628774,9,,0,,0,,0,,0,,0,False
s01_B_natural_D006,s01,B_natural,D006,declarative,Thick fog settled over the harbor before dawn.,Thick fog settled over the harbor before dawn.,False,data/split/s01_B_natural_D006.wav,3.0,s01_B_natural_D006.wav,3.0,118.87760222126725,109.85835297341364,26.263508875188943,93.19249577868338,158.31063761417403,9.173670080738729,57.01024798295173,290.5210427119319,98.0,0.10524423612039421,0.013155529515049277,0.35,109.78401409247277,0.9351470736323838,0.0,0.0,0.0,44.34389140271493,,6.33355844791509,2.4144510653807636,15.22096043196444,1.4240612234215757,8.793885531252284,5000.0,0.175276038817913,634.5063604912501,1464.4092891036394,2630.4491576013847,13,,0.2967339970080436,0.25419548623825,0.5393283151144024,0.4470588235294118,0.3411764705882353,85,True,93.19249577868338,2.4144510653807636,6.33355844791509,0.25419548623825,0.4470588235294118,,6211.537530659686,,1,,,0,-2.795546180871206,-4.259666300455936,9.26684876731793,11,,0,,0,,0,,0,,0,False
s01_B_natural_D007,s01,B_natural,D007,declarative,He measured the flour twice and still got it wrong.,He measured the flour twice and still got it wrong.,False,data/split/s01_B_natural_D007.wav,3.7,s01_B_natural_D007.wav,3.7,118.7180310150659,114.62389763598634,18.20087857925743,103.57960701390331,153.45307801215853,6.80469113050352,58.39978452481395,179.02891415112893,86.0,0.10274010510176818,0.012842513137721022,0.8,114.80400852877197,0.758002307945221,0.0,1.0,1.0,30.604982206405694,,5.3767658583807645,2.457996840800351,14.570303254328484,1.326567221433947,7.342524235873014,3750.0,0.16813271233080299,506.86928123702717,1303.0749983925605,2182.0181664425854,13,,0.33247981948500155,0.27186849400887814,0.6650201207395576,0.48148148148148145,0.35185185185185186,108,True,103.57960701390331,2.457996840800351,5.3767658583807645,0.27186849400887814,0.48148148148148145,,7318.5240089226645,310.5163190599276,2,3644.3091688656605,,1,-8.083898241243116,-9.265673025042215,-2.0594882371151755,11,,0,,0,,0,,0,,0,False
s01_B_natural_D008,s01,B_natural,D008,declarative,Purple thistles grew along the railway embankment.,Purple thistles grew along the railway embankment.,False,data/split/s01_B_natural_D008.wav,3.38,s01_B_natural_D008.wav,3.38,121.31293244775858,118.0040684248886,27.85202198484406,93.66379434935271,145.06283490051229,7.5733747188783,55.851806716675554,289.83351418524285,122.0,0.10742714251728212,0.013428392814660265,0.35,117.97264437759821,0.7957856978486942,0.0,0.0,0.0,50.0,,8.243150808655185,2.2225124548230926,12.520456900083584,1.1692032976236444,8.827448335749645,3750.0,0.19853319545019832,457.416141447252,1287.9240444230738,2086.5597280953057,13,,0.2832713477111697,0.19744245210362105,0.6788616081996723,0.3484848484848485,0.2727272727272727,132,True,93.66379434935271,2.2225124548230926,8.243150808655185,0.19744245210362105,0.3484848484848485,,5887.212637586674,,1,,,0,-4.2924837649978045,-5.875239353037571,3.371579448336046,11,,0,,0,,0,,0,,0,False
s01_B_natural_D009,s01,B_natural,D009,declarative,The choir rehearsed the same passage eleven times.,The choir rehearsed the same passage eleven times.,False,data/split/s01_B_natural_D009.wav,2.73,s01_B_natural_D009.wav,2.73,123.31589160479538,109.02571101046463,33.82494048465372,94.48894501053081,187.87849801521833,11.898990154680899,54.31933643161933,264.4702735809978,89.0,0.11045790309962983,0.013807237887453729,0.35,112.17823974822849,0.7472667000946676,0.0,0.0,0.0,46.8421052631579,,5.3391446218044845,2.95075773048895,15.938638950996786,1.3610025886776886,8.298401704355365,3750.0,0.1939031594522398,489.3259767068937,1374.5649607316789,1964.9254553199107,13,,0.2858000970448432,0.2602311214504731,0.5120783284865547,0.44554455445544555,0.2871287128712871,101,True,94.48894501053081,2.95075773048895,5.3391446218044845,0.2602311214504731,0.44554455445544555,,6833.426881721146,1170.4931026836412,3,,,0,-4.542816284423651,-5.723134413950479,1.5116418432286878,8,,0,,0,,0,,0,,0,False
s01_B_natural_D010,s01,B_natural,D010,declarative,A single moth circled the porch light all evening.,A single moth circled the porch light all evening.,False,data/split/s01_B_natural_D010.wav,2.89,s01_B_natural_D010.wav,2.89,125.22428765643733,119.55814484082359,27.574121978870004,91.75841107443631,168.04208850021982,10.474923685146281,78.3944756776851,211.83639184595762,142.0,0.038268002611999696,0.009567000652999924,0.35,119.28001612727539,0.766958306168571,0.0,8.0,4.0,47.491638795986624,,7.314237256363686,2.943689833391907,12.384724331658381,1.2094438772440375,8.225765694401701,3750.0,0.21291968029988906,509.76361789879525,1286.1372676251583,2139.2768538206574,13,,0.283478042972023,0.21025706560139862,0.5751905852057929,0.358974358974359,0.24358974358974358,78,True,91.75841107443631,2.943689833391907,7.314237256363686,0.21025706560139862,0.358974358974359,,6879.95333785399,1649.7268942728567,2,,,0,-6.233735664850746,-8.64979998567419,3.1166717211419153,6,12.248016077958779,1,12.248016077958779,1,,0,,0,,0,False
s01_B_natural_D011,s01,B_natural,D011,declarative,They shipped the equipment in reinforced crates.,They shipped the equipment in reinforced crates.,False,data/split/s01_B_natural_D011.wav,2.86,s01_B_natural_D011.wav,2.86,118.246795468466,110.56591618383328,24.444523926306093,95.06209292744863,147.06944408755825,7.554665589756648,55.27974783831725,203.5803644558889,80.0,0.10853884532087338,0.013567355665109172,0.8,102.99450594438036,0.9758079074427838,0.02531645569620253,8.0,1.0,39.40886699507389,heavy_repair,5.446867770378429,3.635466276478184,13.21050459842868,1.166657086664282,7.059142003529613,4000.0,0.1575995159161296,450.7518349452642,1345.7018825191137,2143.377019312383,13,,0.3320377379257774,0.23906647571363354,0.6970531945484797,0.43333333333333335,0.3333333333333333,90,True,95.06209292744863,3.635466276478184,5.446867770378429,0.23906647571363354,0.43333333333333335,irregular_f0,6451.244887091043,290.46020677911224,2,5186.222641914443,,1,1.487636762658724,-1.2872472015494338,11.330298591643754,10,28.519964292037294,1,,0,,0,28.519964292037294,1,,0,True
s01_B_natural_D012,s01,B_natural,D012,declarative,The tide pulled the small boat toward the rocks.,The tide pulled the small boat towards the rocks.,True,data/split/s01_B_natural_D012.wav,2.49,s01_B_natural_D012.wav,2.49,112.62092387518271,109.31715420745388,18.628555106546226,94.11003158803881,144.0901964910924,7.374621150125524,54.465526489529736,189.30373310166368,84.0,0.11016142478955783,0.013770178098694729,0.8,109.07597174015189,0.9578180707892034,0.0,0.0,0.0,48.554913294797686,,6.293629032674351,2.5460995367372203,14.11977315812705,1.3097489314725768,8.319605623187591,5000.0,0.18680808309839045,512.231599565402,1343.3691719779017,2593.9973509058773,13,,0.3369579651919701,0.27834872168051483,0.6860018260394228,0.5,0.34285714285714286,70,True,94.11003158803881,2.5460995367372203,6.293629032674351,0.27834872168051483,0.5,,6152.706731324377,24.79331653116961,2,,,0,-4.235133773865719,-5.111761754558245,11.097744449643882,4,,0,,0,,0,,0,,0,False
s01_B_natural_D013,s01,B_natural,D013,declarative,Cinnamon and cloves filled the kitchen with warmth.,Cinnamon and cloves filled the kitchen with warmth.,False,data/split/s01_B_natural_D013.wav,3.58,s01_B_natural_D013.wav,3.58,114.25539285327368,113.38439021518381,21.87860143712454,91.89128324567758,148.66529803736654,8.328816095751847,54.46568839429324,284.58682332943283,99.0,0.05508054866179442,0.013770137165448604,0.35,113.34074915746552,0.8884595181416266,0.0,0.0,0.0,38.671875,,8.449408709239277,2.3149579017144144,10.003431485306177,0.8724449358381854,7.657341778266358,3500.0,0.17567835686760444,462.6969139386315,1239.0421635004066,1934.0567624888017,13,ceiling_at_search_edge,0.22328575358087638,0.13092102097977587,0.579486503665782,0.2727272727272727,0.19318181818181818,88,True,91.89128324567758,2.3149579017144144,8.449408709239277,0.13092102097977587,0.2727272727272727,,6470.45701808793,,1,,,0,-6.4275739892235135,-9.939329500705954,2.208501989097641,6,,0,,0,,0,,0,,0,False
s01_B_natural_D014,s01,B_natural,D014,declarative,Nobody remembered who had locked the back door.,Nobody remembered who had locked the back door.,False,data/split/s01_B_natural_D014.wav,2.72,s01_B_natural_D014.wav,2.72,124.56332254469666,117.48021953523318,23.078693700629817,99.29158944195987,162.56344677105778,8.535113674000495,77.05460390817748,209.58187647013062,126.0,0.07786685928786204,0.009733357410982755,0.35,117.57546179205066,0.9416840087326998,0.0,4.0,2.0,46.3235294117647,,7.865176077603271,2.66594727734232,15.908509982583357,1.4740098035338567,8.202284422849516,5000.0,0.14692990385515037,650.5322873937298,1668.337294010601,2597.7805330898163,13,,0.3013150058644329,0.22021718255337108,0.6007090701304603,0.3902439024390244,0.2926829268292683,82,True,99.29158944195987,2.66594727734232,7.865176077603271,0.22021718255337108,0.3902439024390244,,,,0,,,0,-3.0969496725060113,-8.782188461135576,9.383727419708135,7,,0,,0,,0,,0,,0,False
s01_B_natural_D015,s01,B_natural,D015,declarative,The librarian stamped each card with quiet precision.,The librarian stamped each card with quiet precision.,False,data/split/s01_B_natural_D015.wav,3.41,s01_B_natural_D015.wav,3.41,113.29262363667769,111.30463731684482,17.967254317559775,93.0644879633969,137.62510471179957,6.773291936604499,57.310329895661454,175.91801659183028,90.0,0.10469316807150705,0.013086646008938382,0.35,111.36434911600912,0.872211661258008,0.0,0.0,0.0,35.573122529644266,,5.574887084570105,2.0475094951167785,13.394827824114541,1.231126479942441,7.876941988193922,4000.0,0.173354629672845,485.96097241295547,1360.698302288828,2135.0826506790618,13,,0.25037230518937886,0.19816837783759922,0.5490188916076857,0.29245283018867924,0.20754716981132076,106,True,93.0644879633969,2.0475094951167785,5.574887084570105,0.19816837783759922,0.29245283018867924,,6398.513700919445,53.44459699038457,2,4693.227280517851,,1,-5.475666068970783,-7.623455757568851,-1.1204909903406246,9,19.751162621492455,2,,0,,0,19.751162621492455,2,,0,False
s01_B_natural_D016,s01,B_natural,D016,declarative,Wet leaves clogged the gutter above the window.,Wet leaves clogged the gutter above the window.,False,data/split/s01_B_natural_D016.wav,2.88,s01_B_natural_D016.wav,2.88,107.63805594581821,109.24240655740316,13.342746313416663,90.69162659223264,122.39053111482542,5.18940823446423,69.60894192700314,176.6300960334091,119.0,0.08619582246045378,0.010774477807556722,0.35,109.41092043488668,0.8845707698091593,0.0,0.0,0.0,45.76923076923077,,6.957580839273212,2.2240181365842786,16.620604570151816,1.5940207919025382,8.381452782275854,5000.0,0.16419679364489734,536.3138148770329,1574.1663384942722,2562.5861715363717,13,,0.32565681767068155,0.27200967007507365,0.6666779872920721,0.48598130841121495,0.37383177570093457,107,True,90.69162659223264,2.2240181365842786,6.957580839273212,0.27200967007507365,0.48598130841121495,,,,0,,,0,-4.5056681971996495,-6.377204436738086,0.9003729933036472,10,14.359063501625968,1,,0,,0,14.359063501625968,1,,0,False
s01_B_natural_D017,s01,B_natural,D017,declarative,I bought a secondhand bicycle for forty dollars.,I bought a secondhand bicycle for forty dollars.,False,data/split/s01_B_natural_D017.wav,2.58,s01_B_natural_D017.wav,2.58,118.22527663985004,117.47459674018894,18.83039758068596,95.22328027326523,147.7824837556367,7.609068574315099,56.307175387095015,193.99003513088485,97.0,0.05327917764256324,0.01331979441064081,0.35,117.74521065560921,0.8132662080502255,0.0,2.0,1.0,51.05263157894737,,6.992151108260605,2.2476910546370985,10.234106329394386,0.9521966176645587,8.951052817983323,5000.0,0.16260487084828382,640.1093231590321,1763.2223775486045,2640.1196648398027,13,,0.2468194665219357,0.1987075514496786,0.5022220462515815,0.2765957446808511,0.18085106382978725,94,True,95.22328027326523,2.2476910546370985,6.992151108260605,0.1987075514496786,0.2765957446808511,,6552.343153435657,91.06864276952044,2,,,0,-1.4946704590299476,-2.593549568932053,5.138207317177656,9,5.123128087413997,1,5.123128087413997,1,,0,,0,,0,False
s01_B_natural_D018,s01,B_natural,D018,declarative,The mountain village looked empty in the photograph.,The mountain village looked empty in the photograph.,False,data/split/s01_B_natural_D018.wav,3.0,s01_B_natural_D018.wav,3.0,125.15923416776117,117.47487576839102,25.881572816165143,95.49434344024527,164.85472737656409,9.45249689848791,59.3354952650631,202.12747104796892,75.0,0.10111991099420073,0.012639988874275091,0.35,118.68451382944883,0.9088993264158284,0.0,0.0,0.0,32.608695652173914,,5.5815570152322795,2.7033897221431356,15.073245716556224,1.3329511041658673,7.037803634315924,3750.0,0.179333976925118,493.8212578986631,1412.3322832901245,2228.0361028884568,13,,0.2899412338346999,0.2825735521954603,0.532126172627762,0.5,0.29411764705882354,68,True,95.49434344024527,2.7033897221431356,5.5815570152322795,0.2825735521954603,0.5,multiply_pulsed,,,0,,,0,1.9889670561620107,0.9811298537476603,9.905449388355919,5,66.82367496248332,2,,0,,0,95.75718938217071,1,37.890160542795925,1,False
s01_B_natural_D019,s01,B_natural,D019,declarative,Three sparrows fought over a crust of bread.,Three sparrows fought over a crust of bread.,False,data/split/s01_B_natural_D019.wav,2.61,s01_B_natural_D019.wav,2.61,117.09447527627775,111.52352976515358,20.554178186821503,99.7522919374212,140.53541421331306,5.934142002066341,76.69698639126972,186.85956918001102,107.0,0.07822993160892916,0.009778741451116145,0.8,112.87223387295593,0.9222479771675707,0.018867924528301886,2.0,2.0,41.31274131274131,period_doubling_present,6.5963838350595445,2.4988320907646298,12.61091913754608,1.212075350847281,8.499488290744539,4000.0,0.14616985995746767,529.2548659320909,1341.521939470824,1947.9092239497782,13,,0.33712162565322046,0.2658250083188307,0.6631087583766901,0.48214285714285715,0.4107142857142857,56,True,99.7522919374212,2.4988320907646298,6.5963838350595445,0.2658250083188307,0.48214285714285715,,5959.044205272187,,1,,,0,-4.116955969077183,-9.83383387239871,2.4934242102790263,5,4.834485871489047,1,,0,,0,4.834485871489047,1,,0,False
s01_B_natural_D020,s01,B_natural,D020,declarative,His youngest brother plays trumpet in the marching band.,His youngest brother plays trumpet in the marching band.,False,data/split/s01_B_natural_D020.wav,3.31,s01_B_natural_D020.wav,3.31,136.19513408236293,130.21052488993507,36.84280950319071,103.33283005429746,185.71805519043548,10.149784682734456,80.8361444025263,332.87031809911537,140.0,0.037112111446847326,0.009278027861711832,0.35,129.59837338047677,0.5198940518651678,0.02877697841726619,3.0,1.0,39.6600566572238,,7.030502593773696,2.701659677865984,13.594141796640159,1.3117821623992778,7.380148065885408,4750.0,0.18524832684598805,525.9861457684067,1737.5143039952948,2578.2255396871874,13,,0.30222973821016996,0.24539167495684666,0.6548817647108012,0.40816326530612246,0.29591836734693877,98,True,103.33283005429746,2.701659677865984,7.030502593773696,0.24539167495684666,0.40816326530612246,,6324.797790097251,,1,,,0,-6.395805371838605,-10.538937461854676,3.9914901883294798,9,20.773511587873106,1,,0,,0,20.773511587873106,1,,0,False
s01_B_natural_D021,s01,B_natural,D021,declarative,"The recipe called for saffron, which we could not find.","The recipe called for saffron, which we could not find.",False,data/split/s01_B_natural_D021.wav,3.51,s01_B_natural_D021.wav,3.51,121.50650759560854,115.1948324895227,24.2988793952049,100.18286711248788,159.2076317697639,8.019284268195705,76.60935686489205,272.2413272636294,113.0,0.07831941482789857,0.009789926853487322,0.35,114.27933979523642,0.8518703806352657,0.008928571428571428,0.0,0.0,32.193732193732195,,6.049207229666085,2.467626011668996,17.397972550815854,1.4336384378268687,7.285787324010617,4750.0,0.19225903395658325,642.1889149555005,1683.0302166892484,2581.5366692436455,13,,0.2964803104462678,0.20701136055266492,0.6186065117659666,0.35,0.25,80,True,100.18286711248788,2.467626011668996,6.049207229666085,0.20701136055266492,0.35,,6159.325441452713,512.0813177963856,2,,,0,-2.7390169168353253,-8.663783409099928,6.070028093219062,10,52.19555744117521,1,52.19555744117521,1,,0,,0,,0,False
s01_B_natural_D022,s01,B_natural,D022,declarative,Snow buried the fence posts by early January.,Snow buried the fence posts by early January.,False,data/split/s01_B_natural_D022.wav,3.3,s01_B_natural_D022.wav,3.3,118.9507103879299,114.63268866473568,32.72873073897923,90.3016664818246,151.5546732096683,8.964165852927332,70.64150125754323,297.15755012359205,127.0,0.0849359072668251,0.010616988408353137,0.8,114.22395452166025,0.4976330315502402,0.015873015873015872,0.0,0.0,41.914191419141915,anchor_unreliable,6.877602466848495,2.7181140200585734,17.2843373004903,1.500821151584307,7.687042094661882,4750.0,0.1622976370497147,593.6093453602414,1866.6576645493515,2599.008012153674,13,,0.32143130256262253,0.2642830052159023,0.5993237779490331,0.47115384615384615,0.36538461538461536,104,True,90.3016664818246,2.7181140200585734,6.877602466848495,0.2642830052159023,0.47115384615384615,,6077.334532554853,908.1435283281336,4,,,0,-2.7515303922957193,-4.237585737935199,3.6466558794720845,9,,0,,0,,0,,0,,0,False
s01_B_natural_D023,s01,B_natural,D023,declarative,She wrote the whole essay on a borrowed laptop.,She wrote the whole essay on a borrowed laptop.,False,data/split/s01_B_natural_D023.wav,2.84,s01_B_natural_D023.wav,2.84,120.16312163405591,116.49838797234273,20.789534448174976,96.78315394416171,154.4297806546583,8.089477600415673,77.81241876784229,194.96176208220436,150.0,0.07710851423217335,0.009638564279021669,0.35,116.50499717566024,0.8260976398783381,0.0,0.0,0.0,52.26480836236934,,7.36171020462896,2.292522140662038,17.06132156510106,1.5122751199609712,8.898863303984239,5000.0,0.1582488006339604,634.4597416194887,1487.3878560951794,2607.4405225441883,13,,0.24827288000202877,0.18765023796844713,0.5198373031171575,0.27586206896551724,0.19540229885057472,87,True,96.78315394416171,2.292522140662038,7.36171020462896,0.18765023796844713,0.27586206896551724,,6738.818259118219,,1,4326.070649609498,,1,-2.24410566180439,-3.2497682804262435,5.04671317225318,8,,0,,0,,0,,0,,0,False
s01_B_natural_D024,s01,B_natural,D024,declarative,The engine coughed once and then went silent.,The engine coughed once and then went silent.,False,data/split/s01_B_natural_D024.wav,3.08,s01_B_natural_D024.wav,3.08,118.57427079515844,112.32638428698584,22.93882421885568,97.32705994945499,156.2743041527764,8.19801238346013,74.12089127792386,190.71462968298084,113.0,0.04047441886189945,0.010118604715474863,0.35,112.89363632393555,0.8966300216849864,0.0,0.0,0.0,37.541528239202655,,7.834198174831217,2.3105926330458684,11.700105230210141,0.9685997265077733,7.647538371235488,5750.0,0.18638995063916933,900.440446618414,2017.5918211597714,2822.0234207943663,13,,0.26152656910052496,0.2268204887550104,0.5169408043950992,0.31958762886597936,0.20618556701030927,97,True,97.32705994945499,2.3105926330458684,7.834198174831217,0.2268204887550104,0.31958762886597936,,7561.776467674339,1508.6225747934232,2,,,0,-2.3569215320193875,-2.943003474942684,6.983092892315452,9,,0,,0,,0,,0,,0,False
s01_B_natural_D025,s01,B_natural,D025,declarative,Amber light spilled across the polished floorboards.,Amber light spilled across the polished floorboards.,False,data/split/s01_B_natural_D025.wav,3.22,s01_B_natural_D025.wav,3.22,115.25050305236523,115.35064961934955,21.824337064303037,89.2608680727894,148.1949779957669,8.77676179838344,73.54272907498483,193.1853222972494,110.0,0.08158522365796822,0.010198152957246027,0.35,115.08625545702043,0.6797435200612525,0.0,0.0,0.0,35.714285714285715,,6.738163709593381,3.2542600406060087,14.142436900010964,1.3295001650267315,7.043379913126028,3750.0,0.15735148331324544,564.203626549085,1273.8914552735982,2225.968846789273,13,,0.2763556655407166,0.22859992063229473,0.505194242431136,0.3111111111111111,0.2222222222222222,90,True,89.2608680727894,3.2542600406060087,6.738163709593381,0.22859992063229473,0.3111111111111111,irregular_f0,6252.187015954692,105.62905575395578,2,4292.7154975126805,,1,-2.6886808550020547,-4.4820848607478165,6.071270241412063,8,,0,,0,,0,,0,,0,False
s01_B_natural_D026,s01,B_natural,D026,declarative,We watched the storm move east across the valley.,We watched the storm move east across the valley.,False,data/split/s01_B_natural_D026.wav,2.9,s01_B_natural_D026.wav,2.9,113.9660557062556,112.63550710468841,7.588833433584506,107.74759395480676,123.64392575131576,2.382428550307077,61.36475132008798,176.73084016655122,83.0,0.09777600122101167,0.012222000152626459,0.35,112.74165378771903,0.9069953976048009,0.0,2.0,1.0,36.08695652173913,,8.703013530981327,2.1153271869253887,9.460213804024582,0.9898618301522142,7.842504393691824,4750.0,0.19637199293367827,574.5196774504336,1742.664639513096,2556.199558842718,13,,0.2309320794518846,0.13870574352687054,0.5307144979124523,0.30851063829787234,0.2553191489361702,94,True,107.74759395480676,2.1153271869253887,8.703013530981327,0.13870574352687054,0.30851063829787234,,6505.334313402374,1029.1646547807818,3,,,0,-5.8234860039166385,-9.379655726598825,6.6766312359736055,7,11.573666874029165,1,,0,,0,11.573666874029165,1,,0,False
s01_B_natural_D027,s01,B_natural,D027,declarative,The tailor pinned the hem with practiced fingers.,The tailor pinned the hem with practiced fingers.,False,data/split/s01_B_natural_D027.wav,2.7,s01_B_natural_D027.wav,2.7,121.57034963302902,120.75517179833778,19.10409598263348,101.16135823459734,150.12537174904563,6.834114071401702,79.22464973814974,198.6780219532449,128.0,0.07573400475522415,0.00946675059440302,0.35,121.89537023280002,0.8588790618114462,0.0,0.0,0.0,46.0431654676259,,7.767923865084189,2.421488244472072,13.265140117638715,1.176673627396236,8.221542244398481,4750.0,0.18997813192897675,550.9473714448316,1820.0547716180336,2585.1450726666108,13,,0.25005876281404577,0.21902134823201969,0.49053848833331104,0.3263157894736842,0.25263157894736843,95,True,101.16135823459734,2.421488244472072,7.767923865084189,0.21902134823201969,0.3263157894736842,,5372.280252225792,,1,,,0,-2.9151059106411368,-4.910580512861936,2.96664700421238,8,,0,,0,,0,,0,,0,False
s01_B_natural_D028,s01,B_natural,D028,declarative,Salt crusted the windows of the beach house.,Salt crusted the windows of the beach house.,False,data/split/s01_B_natural_D028.wav,2.46,s01_B_natural_D028.wav,2.46,126.67394686374656,123.5849976972383,19.15731700467727,104.1661406004427,151.13633209705657,6.44356935258638,60.18237577633555,218.70949224142845,74.0,0.09969696148750701,0.012462120185938376,0.35,124.83409523620871,0.544028105387401,0.0410958904109589,0.0,0.0,38.94736842105263,,6.029059755388313,2.8707998069966894,13.866230179097466,1.3536928290296044,7.411358213474581,4750.0,0.15711579855148164,606.44579112473,1719.2292233430467,2696.8778192065784,13,,0.2591718274905955,0.22539651812109449,0.5046319498395526,0.25,0.1875,48,True,104.1661406004427,2.8707998069966894,6.029059755388313,0.22539651812109449,0.25,,6206.460459213711,159.4960108040933,2,,,0,-4.9193200331572555,-13.54116714172661,0.012260183548889358,6,,0,,0,,0,,0,,0,False
s01_B_natural_D029,s01,B_natural,D029,declarative,Their apartment smelled faintly of turpentine.,Their apartment smelled faintly of turpentine.,False,data/split/s01_B_natural_D029.wav,2.88,s01_B_natural_D029.wav,2.88,122.17986601592102,114.8017453900265,20.533189058316424,98.66680575034418,156.5757509320984,7.994689071314532,59.479197148459704,194.32267794368562,81.0,0.10087560504597998,0.012609450630747497,0.35,115.70823442929071,0.8380803845001011,0.0,0.0,0.0,36.65158371040724,,6.020466550935585,2.5481371019563963,12.611145555710342,1.2118907354093449,7.0660036699480075,5000.0,0.19923778568994652,638.9335788748841,1780.3769403389456,2557.6519509649606,13,,0.3023804551152153,0.2658111648616013,0.5296516629813487,0.46296296296296297,0.3148148148148148,54,True,98.66680575034418,2.5481371019563963,6.020466550935585,0.2658111648616013,0.46296296296296297,,8858.879065259536,,1,,,0,-6.7415363677422375,-8.915308889808394,-2.657423812570807,4,,0,,0,,0,,0,,0,False
s01_B_natural_D030,s01,B_natural,D030,declarative,A heron stood motionless at the edge of the pond.,A heron stood motionless on the edge of the pond.,True,data/split/s01_B_natural_D030.wav,2.99,s01_B_natural_D030.wav,2.99,116.92651274727424,114.51332482068058,19.48329273046254,96.72150401117447,140.27756879636289,6.4365089804012525,56.997993124108476,187.45342337314617,81.0,0.05263343208361292,0.01315835802090323,0.35,114.09907722253911,0.8258345720533161,0.0,0.0,0.0,36.160714285714285,,6.334337811174527,2.229909562982948,14.021202472566872,1.2800668926343006,7.480126674653019,5000.0,0.16576080826080475,583.1796877544144,1689.0141543531822,2680.2379621269483,13,,0.3045235166777065,0.27620625534583104,0.5049641961122406,0.49295774647887325,0.323943661971831,71,True,96.72150401117447,2.229909562982948,6.334337811174527,0.27620625534583104,0.49295774647887325,,5882.196016344342,15.774425677266487,2,4820.756743839411,,1,-1.6137374116891134,-3.2415459916787484,16.17563918164857,10,5.44052083333324,1,,0,,0,5.44052083333324,1,,0,False
s01_B_natural_D031,s01,B_natural,D031,declarative,The clock in the hallway runs about four minutes fast.,The clock in the hallway runs about four minutes fast.,False,data/split/s01_B_natural_D031.wav,2.77,s01_B_natural_D031.wav,2.77,117.41016876680023,111.88304038325434,19.586932760738293,99.93291950063501,153.10292097474493,7.385638792060145,58.2957458618096,183.32848317296333,103.0,0.05146173113749187,0.012865432784372967,0.35,111.77331012919308,0.825527742641755,0.0,0.0,0.0,48.58490566037736,,7.1268632825321925,2.4687649806493126,16.89902653970711,1.5093821624056682,8.742203257429738,5000.0,0.19274667492518668,587.9491275131653,1521.7550565481256,2600.821129479209,13,,0.2963690021745279,0.2336420412332357,0.5899310908790529,0.4105263157894737,0.29473684210526313,95,True,99.93291950063501,2.4687649806493126,7.1268632825321925,0.2336420412332357,0.4105263157894737,,6285.30906352315,39.89381726133544,2,,,0,-2.2322160813283958,-3.3281601027893424,7.944239629136732,8,3.944313269615529,1,3.944313269615529,1,,0,,0,,0,False
s01_B_natural_D032,s01,B_natural,D032,declarative,He folded the newspaper and set it on the table.,He folded the newspaper and set it on the table.,False,data/split/s01_B_natural_D032.wav,2.61,s01_B_natural_D032.wav,2.61,122.19815172714542,113.65906307974896,28.38150814267545,94.39633150790858,157.89173882848155,8.905595880235431,57.41676163001746,221.17362778529457,111.0,0.10449910147602616,0.01306238768450327,0.35,113.66774738984219,0.9143714026860559,0.0,2.0,1.0,57.8125,,7.5211145677670626,3.6832915174372,13.919175345298179,1.260099474577694,8.486092549513298,5000.0,0.1565130419393255,491.0507909350265,1779.6911446689128,2584.236891586157,13,,0.34373120641553767,0.2541796729044158,0.7497196289077916,0.43617021276595747,0.30851063829787234,94,True,94.39633150790858,3.6832915174372,7.5211145677670626,0.2541796729044158,0.43617021276595747,irregular_f0,6842.173217564372,1058.1195111670218,2,,,0,-6.129638967127355,-10.02255428411781,2.519127419664782,10,15.375393518999081,2,,0,,0,15.375393518999081,2,,0,False
s01_B_natural_D033,s01,B_natural,D033,declarative,Bright green algae covered the surface of the water.,Bright green algae covered the surface of the water.,False,data/split/s01_B_natural_D033.wav,2.98,s01_B_natural_D033.wav,2.98,122.74491922396903,120.98250491115841,18.04835195924703,96.20722931916046,146.75409369095337,7.310202429933787,61.66398449745228,210.5058286613509,103.0,0.09730152939189157,0.012162691173986447,0.35,119.9102435083609,0.8500418641364954,0.0,0.0,0.0,43.27731092436975,,8.309186081268598,2.7992761229675387,14.003931385102836,1.2380243090419472,7.826496566743546,5000.0,0.2195098229448471,586.2407027264903,1721.3877427141997,2649.028817888602,13,,0.29171102350176903,0.24059491667480795,0.6006128240993414,0.42696629213483145,0.3146067415730337,89,True,96.20722931916046,2.7992761229675387,8.309186081268598,0.24059491667480795,0.42696629213483145,,5459.458802725318,146.63305787226116,2,,,0,-3.1818494758180718,-8.25013673880686,5.3195068285663805,8,61.71233086393113,1,61.71233086393113,1,,0,,0,,0,False
s01_B_natural_D034,s01,B_natural,D034,declarative,The children traded stickers during the long bus ride.,The children traded stickers during the long bus ride.,False,data/split/s01_B_natural_D034.wav,3.28,s01_B_natural_D034.wav,3.28,126.93039221142145,118.39749772968439,27.61281236541413,97.66730861130556,161.6825592255668,8.72659699856447,57.78124767399884,230.59660880870018,113.0,0.051919958823422555,0.012979989705855639,0.35,115.71927188894766,0.6086419294061576,0.008928571428571428,2.0,1.0,45.381526104417674,,6.677410110047848,2.773881053663549,11.869825805886407,1.1359250430477097,7.871272459533683,3750.0,0.17278125262939636,517.9540634221282,1398.5030114901788,2137.333546041219,13,,0.28846745925138156,0.23706422999714266,0.608604838143953,0.32323232323232326,0.2727272727272727,99,True,97.66730861130556,2.773881053663549,6.677410110047848,0.23706422999714266,0.32323232323232326,,6358.382653334543,291.584132660255,2,,,0,-2.2358724099281537,-3.5963883380689716,12.520932659073837,8,12.581957113658948,1,12.581957113658948,1,,0,,0,,0,False
s01_B_natural_D035,s01,B_natural,D035,declarative,Rain hammered the tin roof for most of the night.,Rain hammered the tin roof for most of the night.,False,data/split/s01_B_natural_D035.wav,3.33,s01_B_natural_D035.wav,3.33,111.50227719092602,111.26263062728802,21.2524798618295,87.58707198486775,145.76140912133917,8.817827581574162,67.83543426274336,267.00594918147726,121.0,0.044224674502418015,0.011056168625604504,0.35,111.35673981196231,0.9169100367468475,0.008333333333333333,0.0,0.0,40.604026845637584,period_doubling_present,7.505247085339028,3.095076361505842,14.941889668798245,1.3552435929701558,7.167176272571143,4750.0,0.19285378855952315,591.0919845948347,1772.550814890867,2587.723229110772,13,,0.34908672668604346,0.27016943413189637,0.6964971973404297,0.4766355140186916,0.40186915887850466,107,True,87.58707198486775,3.095076361505842,7.505247085339028,0.27016943413189637,0.4766355140186916,irregular_f0,5894.857426102755,,1,,,0,-2.447735669527887,-3.588534394601469,4.725114767331236,7,4.106736143072887,1,,0,,0,4.106736143072887,1,,0,False
s01_B_natural_F001,s01,B_natural,F001,final_fall,"I don't really know what she was thinking, honestly.","I don't really know what she was thinking, honestly.",False,data/split/s01_B_natural_F001.wav,2.49,s01_B_natural_F001.wav,2.49,121.79074240059124,113.40330261042935,22.63029943502758,95.70296512821785,155.49626483012852,8.402932762397718,78.05185419646462,213.84978584308524,119.0,0.038435986318130104,0.009608996579532526,0.35,113.66693260937235,0.8319123601138017,0.0,0.0,0.0,46.484375,,6.80749094343805,2.3950580627422773,12.897190785859136,1.2419170078369215,8.173434192854554,4750.0,0.16611155457864937,487.18463903820304,1655.989731148296,2613.447444547977,13,,0.2975949934652075,0.22817185661883677,0.6953546751547471,0.33980582524271846,0.2524271844660194,103,True,95.70296512821785,2.3950580627422773,6.80749094343805,0.22817185661883677,0.33980582524271846,,6258.575243196694,,1,4980.892372907561,,1,-4.3544530163450315,-6.657009586797697,14.43618503932455,8,,0,,0,,0,,0,,0,False
s01_B_natural_F002,s01,B_natural,F002,final_fall,"We ended up walking the whole way home, anyway.","We ended up walking the whole way home, anyway.",False,data/split/s01_B_natural_F002.wav,2.85,s01_B_natural_F002.wav,2.85,112.81611104875348,112.21613528845803,23.93743401500821,84.84146627933278,149.33657362824977,9.788712908565191,72.63310241756687,179.10655084048727,151.0,0.08260696294516058,0.010325870368145073,0.35,111.53479200120773,0.6966233926513057,0.006666666666666667,2.0,1.0,56.13382899628253,period_doubling_present,8.098525017078115,3.592325443190709,13.889395820784953,1.3815855412723925,8.179448588058682,5000.0,0.19472841213773553,586.3027940319529,1804.3104221097005,2683.327722936726,13,,0.3697597306887428,0.3299901964296859,0.7506763741721855,0.5445544554455446,0.44554455445544555,101,True,84.84146627933278,3.592325443190709,8.098525017078115,0.3299901964296859,0.5445544554455446,multiply_pulsed;irregular_f0,,,0,,,0,-2.960703088598483,-4.730670870853383,4.527235436594228,10,,0,,0,,0,,0,,0,False
s01_B_natural_F003,s01,B_natural,F003,final_fall,It was one of those afternoons where nothing happened at all.,It was one of those afternoons where nothing happened at all.,False,data/split/s01_B_natural_F003.wav,3.4,s01_B_natural_F003.wav,3.4,115.5253809484047,111.5451628585201,25.401995093423384,94.83912551262732,155.7333348805862,8.586282270710841,72.02421021705516,263.3707972742342,161.0,0.08330532166778574,0.010413165208473218,0.35,111.39713786568832,0.8815659146199598,0.00625,2.0,1.0,50.470219435736674,,8.241040632040635,2.3876845603420422,14.720671663537413,1.293201516462287,8.465408090798975,3500.0,0.21047639419090217,435.4575657195985,1110.3384195601275,1767.1781548586282,13,ceiling_at_search_edge,0.28160655863842693,0.23311906432890417,0.5793468853231336,0.39,0.23,100,True,94.83912551262732,2.3876845603420422,8.241040632040635,0.23311906432890417,0.39,,,,0,,,0,-1.6207753047560285,-3.308750822744729,8.256353812519283,8,41.07515816613861,1,,0,,0,41.07515816613861,1,,0,False
s01_B_natural_F004,s01,B_natural,F004,final_fall,"He said he'd call back, but he never really did.","He said he'd call back, but he never really did.",False,data/split/s01_B_natural_F004.wav,2.73,s01_B_natural_F004.wav,2.73,124.2989142065823,119.30125309926197,33.182706631357064,86.46500368579926,187.4394009194407,13.39483219788556,53.17013429583511,272.8809228591781,81.0,0.056422652297776765,0.014105663074444191,0.35,119.23045237751235,0.7650369663855907,0.025,6.0,1.0,42.63157894736842,,6.043693850009787,2.5721901760198627,14.52940168878317,1.3392310002339034,7.764968134899825,4750.0,0.1688847103300938,575.5227252558286,1729.6077834512917,2624.035839928696,13,,0.3142410530820919,0.25267063323054945,0.626117814417197,0.4166666666666667,0.30952380952380953,84,True,86.46500368579926,2.5721901760198627,6.043693850009787,0.25267063323054945,0.4166666666666667,,8415.165004420283,,1,,,0,-7.274007070861292,-12.113989251769263,4.206057927444026,10,,0,,0,,0,,0,,0,False
s01_B_natural_F005,s01,B_natural,F005,final_fall,"The whole thing fell apart before anyone noticed, apparently.","The whole thing fell apart before anyone noticed, apparently.",False,data/split/s01_B_natural_F005.wav,3.53,s01_B_natural_F005.wav,3.53,118.82652611197173,115.16919737596824,19.85805903162892,96.29223325725219,148.48129585919554,7.497478364683293,57.72851638951906,196.72564295706914,111.0,0.10393476872877569,0.012991846091096961,0.35,115.03317567599996,0.9554408344757873,0.0,0.0,0.0,42.04545454545455,,7.157669592383531,2.578232088759216,12.165727184176617,1.1526656080969955,7.983412924157603,4750.0,0.18590046620311895,559.7002943178069,1569.5931760911385,2583.066034833956,13,,0.29452456694145474,0.231042202483353,0.717465411478366,0.39603960396039606,0.2871287128712871,101,True,96.29223325725219,2.578232088759216,7.157669592383531,0.231042202483353,0.39603960396039606,,5793.518273644855,,1,,,0,-4.102826412559288,-5.966494632058622,-0.5303928377131513,11,,0,,0,,0,,0,,0,False
s01_B_natural_F006,s01,B_natural,F006,final_fall,I guess that's just how it goes sometimes.,I guess that's just how it goes sometimes.,False,data/split/s01_B_natural_F006.wav,2.36,s01_B_natural_F006.wav,2.36,120.38967714386351,119.33523769757471,15.816424109203908,99.27150375013221,143.51771758201374,6.3813276051707,81.17047510645108,198.89984641005265,84.0,0.07391850290553673,0.00923981286319209,0.35,118.92238215957993,0.8658743894649081,0.012048192771084338,0.0,0.0,33.87096774193548,period_doubling_present,5.5778396016722365,2.9513335822052382,14.943752452109768,1.2894032748878268,7.614340208359819,3500.0,0.15574882619581074,528.0282438190013,1254.8709771619015,1876.4395481305473,13,ceiling_at_search_edge,0.3675698353515817,0.3129082054328042,0.6452308943272671,0.5636363636363636,0.43636363636363634,55,True,99.27150375013221,2.9513335822052382,5.5778396016722365,0.3129082054328042,0.5636363636363636,multiply_pulsed,6330.346603575335,1374.892103048853,4,,,0,-2.064194959557187,-3.3682924638810476,5.378420945556361,6,,0,,0,,0,,0,,0,False
s01_B_natural_F007,s01,B_natural,F007,final_fall,She left the party early and nobody said anything.,She left the party early and nobody said anything.,False,data/split/s01_B_natural_F007.wav,3.14,s01_B_natural_F007.wav,3.14,114.92767098617713,110.03760926449729,18.524577210461707,93.06786167501,138.56580814156132,6.890596118584492,75.5811071306592,197.77211417703145,142.0,0.03969245905347503,0.009923114763368757,0.8,110.02378452595295,0.8607363068285178,0.0,0.0,0.0,45.36741214057508,period_doubling_present,6.8306110544348995,2.847014125517548,13.630908838151425,1.308543743473006,7.473482384075452,4500.0,0.18960082424049876,513.227659487282,1534.0857301562023,2515.4794134709146,13,,0.35385049172635097,0.335073400081802,0.6698905739144104,0.5865384615384616,0.46153846153846156,104,True,93.06786167501,2.847014125517548,6.8306110544348995,0.335073400081802,0.5865384615384616,multiply_pulsed,7748.791708267262,,1,4889.048522427331,,1,-5.723641695805807,-9.61651590844419,3.681415295615319,10,,0,,0,,0,,0,,0,False
s01_B_natural_F008,s01,B_natural,F008,final_fall,"It's not that I mind, it's just kind of strange.","It's not that I mind, it's just kind of strange.",False,data/split/s01_B_natural_F008.wav,3.04,s01_B_natural_F008.wav,3.04,123.42423402592257,115.37544566269943,29.053827578795445,94.22860579890376,176.26537765233658,10.842145474849302,57.08190285225254,206.6203564289993,87.0,0.10511212311071776,0.01313901538883972,0.35,115.29827166406982,0.8435070017809074,0.0,0.0,0.0,38.839285714285715,,4.195619204060074,2.4626194931432837,17.164820312064784,1.4448015688637137,7.227649825107376,4500.0,0.2061931659517147,630.1461755018627,1638.2798152009218,2524.226308231253,13,,0.2972646324258789,0.24676793961780935,0.5264971750587999,0.4731182795698925,0.34408602150537637,93,True,94.22860579890376,2.4626194931432837,4.195619204060074,0.24676793961780935,0.4731182795698925,,5699.449682344677,447.3948052256262,4,,,0,-4.459467514289939,-5.800664593321477,8.179533945158441,7,3.384302904262393,1,,0,,0,3.384302904262393,1,,0,False
s01_B_natural_F009,s01,B_natural,F009,final_fall,They moved out to Oregon a couple of years ago.,They moved out to Oregon a couple years ago.,True,data/split/s01_B_natural_F009.wav,2.76,s01_B_natural_F009.wav,2.76,119.88544923686116,116.44670627211971,16.67919202869145,98.61317763427202,147.31500363643698,6.948624254145842,81.9319292591626,193.85963460840753,120.0,0.07323152346408356,0.009153940433010445,0.35,115.95637008190457,0.9495362317955863,0.0,0.0,0.0,40.816326530612244,,8.674889723600407,2.7798663736860276,12.341799902787104,1.1741448041580826,8.100256387056072,5000.0,0.18060936080073228,455.6841578893602,1788.3850033178392,2576.254958402038,13,,0.2581112526139429,0.18916030240157114,0.5521431977273579,0.3394495412844037,0.22018348623853212,109,True,98.61317763427202,2.7798663736860276,8.674889723600407,0.18916030240157114,0.3394495412844037,,,,0,,,0,-3.445412009329965,-5.482501595345531,10.874248971973193,10,,0,,0,,0,,0,,0,False
s01_B_natural_F010,s01,B_natural,F010,final_fall,"Nothing about that story adds up, if you think about it.","Nothing about that story adds up, if you think about it.",False,data/split/s01_B_natural_F010.wav,3.5,s01_B_natural_F010.wav,3.5,122.54802158303411,115.05369058865274,25.188767866268698,95.33128394311126,167.4348722423341,9.750940825204957,74.37978923995058,185.8911351633444,99.0,0.0806670745011644,0.01008338431264555,0.35,115.0570167764952,0.8236762069575487,0.0,0.0,0.0,29.11764705882353,period_doubling_present,7.334081073321207,2.2641942005340328,11.150366292652265,0.9186151199690933,7.440187605873974,4500.0,0.15266108924488092,559.2796432903853,1480.0541539716712,2414.44573699422,13,,0.3594195140768899,0.27410485482204444,0.7703780580570824,0.49019607843137253,0.4215686274509804,102,True,95.33128394311126,2.2641942005340328,7.334081073321207,0.27410485482204444,0.49019607843137253,,5802.190900810441,,1,,,0,-4.107967742832976,-5.7915583439913485,3.812651020464686,10,3.7984107239972253,1,,0,,0,3.7984107239972253,1,,0,False
s01_B_natural_F011,s01,B_natural,F011,final_fall,I'd been meaning to write back for a while now.,I've been meaning to write back for a while now.,True,data/split/s01_B_natural_F011.wav,1.83,s01_B_natural_F011.wav,1.83,124.08264975107176,119.82800018394438,20.14172614899853,100.88618798805618,151.94903812938009,7.0903064305080745,83.67299435568572,198.20286718035362,146.0,0.07170772417316137,0.008963465521645172,0.35,120.02783816741967,0.9794685631238602,0.0,0.0,0.0,74.11167512690355,,8.4616781378624,2.4800077237232867,14.238516736027432,1.345731901230829,11.010996305384829,5000.0,0.14033096434910045,517.9851226599442,1619.5349570879157,2435.2421549758574,13,,0.26834144581851793,0.21576685012754673,0.5094948927328717,0.3898305084745763,0.288135593220339,118,True,100.88618798805618,2.4800077237232867,8.4616781378624,0.21576685012754673,0.3898305084745763,,,,0,,,0,-3.0652044677031407,-4.7707735470907755,1.991393497990033,9,,0,,0,,0,,0,,0,False
s01_B_natural_F012,s01,B_natural,F012,final_fall,We sat there in the car for maybe twenty minutes.,We sat there in the car for maybe twenty minutes.,False,data/split/s01_B_natural_F012.wav,2.74,s01_B_natural_F012.wav,2.74,114.41614029584366,112.11804729006333,21.16786920923689,94.36787587869716,146.257034529016,7.585659367809345,57.10161178270707,187.29200802339295,107.0,0.1050758430923498,0.013134480386543725,0.35,112.61978238428836,0.8479674481331727,0.0,0.0,0.0,53.233830845771145,,7.1016094199063735,2.4569490589270773,14.429991967454617,1.3405414251136025,8.533372263883763,3750.0,0.19654432421452916,484.52689925297534,1342.9074928363327,1989.5178992413296,13,,0.26660436008170035,0.2113118331095802,0.5719671051691245,0.2875,0.2,80,True,94.36787587869716,2.4569490589270773,7.1016094199063735,0.2113118331095802,0.2875,,7901.263470033064,561.8752626660753,2,,,0,-2.427309988011963,-4.355844073838973,-0.6793650492451491,6,,0,,0,,0,,0,,0,False
s01_B_natural_F013,s01,B_natural,F013,final_fall,He's been doing that same job for eleven years.,He's been doing that same job for eleven years.,False,data/split/s01_B_natural_F013.wav,2.81,s01_B_natural_F013.wav,2.81,115.5089807606031,112.69841372048458,19.531468554198835,94.84496826639497,148.60838823734008,7.774468905734064,55.19033582528505,187.1348671027758,84.0,0.108714685465841,0.013589335683230125,0.35,112.45478851058488,0.7940675406920357,0.0,0.0,0.0,42.21105527638191,,6.639933254386584,2.8118691710034835,12.307786598077575,1.1365145128575165,8.45534868454032,3750.0,0.19865180175400346,484.7792685993839,1563.2985293837032,2241.622155236766,13,,0.25539521177204977,0.17824612031257064,0.5270650084081651,0.32,0.21,100,True,94.84496826639497,2.8118691710034835,6.639933254386584,0.17824612031257064,0.32,,7838.285590803607,,1,,,0,-2.136061302155177,-3.25577943062272,1.2929931216932875,7,,0,,0,,0,,0,,0,False
s01_B_natural_F014,s01,B_natural,F014,final_fall,It rained the entire week we were on the island.,It rained the entire week we were on the island.,False,data/split/s01_B_natural_F014.wav,2.88,s01_B_natural_F014.wav,2.88,108.34823902374103,108.61025658147285,19.702051483045484,85.91485798692017,131.99732615275806,7.434349798559191,55.394722539906475,177.94410172903315,113.0,0.054156783578774924,0.013539195894693731,0.8,108.61230438708068,0.9035296956147634,0.017857142857142856,4.0,0.0,54.066985645933016,,7.091077386794741,2.445039809746656,12.097712240242911,1.0444783451376856,8.5263826664944,5000.0,0.17018535194124174,593.5126199896281,1836.7399011767109,2628.227401714903,13,,0.27883319588275074,0.21195461154424713,0.5891831807455881,0.4,0.304,125,True,85.91485798692017,2.445039809746656,7.091077386794741,0.21195461154424713,0.4,,,,0,,,0,-2.0596782075706392,-3.36122655455722,2.4415951925599377,9,,0,,0,,0,,0,,0,False
s01_B_natural_F015,s01,B_natural,F015,final_fall,"I never learned how to swim, which is embarrassing.","I never learned how to swim, which is embarrassing.",False,data/split/s01_B_natural_F015.wav,2.81,s01_B_natural_F015.wav,2.81,111.66375857039404,104.23275278325706,21.41160340180135,88.64238349429081,147.02020258867302,8.759350023132075,71.19677867550425,192.32948394054606,129.0,0.04213673786665535,0.010534184466663838,0.35,103.71573374821152,0.9039986520727519,0.0,0.0,0.0,49.049429657794676,,7.4059560643271505,2.6416409715638576,13.93470109555405,1.327333337085736,7.9475308875629835,3750.0,0.1546933995108439,497.80759332492937,1366.3267403924538,2053.846289933832,13,,0.30205804557776783,0.2644980355309896,0.5954979717585792,0.4074074074074074,0.2777777777777778,108,True,88.64238349429081,2.6416409715638576,7.4059560643271505,0.2644980355309896,0.4074074074074074,,6022.111355085826,38.971139558044634,2,,,0,-3.080941694563588,-4.525481653626004,6.500587356740841,12,,0,,0,,0,,0,,0,False
s01_B_natural_F016,s01,B_natural,F016,final_fall,That's pretty much all anyone talked about afterward.,That's pretty much all anyone talked about afterward.,False,data/split/s01_B_natural_F016.wav,2.65,s01_B_natural_F016.wav,2.65,128.04739149750188,121.76336356057175,28.25918767452321,92.17724793020996,169.6556678928039,10.561524345553671,84.63662400469252,306.51987354985863,156.0,0.03544564820819968,0.00886141205204992,0.8,125.4767101742261,0.951131511124761,0.0064516129032258064,0.0,0.0,52.7027027027027,,7.585119841747965,2.6855618874314575,11.62097771216151,1.071036684694068,9.498306670040998,5000.0,0.17645738485740925,716.207763212992,1597.2348499966279,2560.6595806572027,13,,0.24196183696693044,0.15955267797330025,0.5989376163613155,0.27472527472527475,0.21978021978021978,91,True,92.17724793020996,2.6855618874314575,7.585119841747965,0.15955267797330025,0.27472527472527475,,7282.305574347609,,1,,,0,-3.739700406835958,-5.111159958522275,0.6620314145274548,9,46.39081772169562,2,,0,,0,46.39081772169562,2,,0,False
s01_B_natural_F017,s01,B_natural,F017,final_fall,She kept apologizing even though it wasn't her fault.,She kept apologizing even though it wasn't her fault.,False,data/split/s01_B_natural_F017.wav,2.99,s01_B_natural_F017.wav,2.99,123.98781419956553,120.87008494012724,28.437104274097326,96.82460334465617,164.8577934641859,9.21331799044981,55.9595174580201,341.20526832196373,91.0,0.1072203670180162,0.013402545877252025,0.35,119.72344618221118,0.3989134765939317,0.022222222222222223,3.0,0.0,42.129629629629626,anchor_unreliable,5.959553351716068,3.5727784158958573,14.152147874103493,1.302229410144112,7.576273649848141,3750.0,0.18629834748952503,515.9358509337105,1297.5145887398185,2298.1837716114233,13,,0.3665920484395997,0.2463631299359617,0.743952892669296,0.42592592592592593,0.37037037037037035,54,True,96.82460334465617,3.5727784158958573,5.959553351716068,0.2463631299359617,0.42592592592592593,irregular_f0,,,0,4784.3053624513,,1,-3.446309339887616,-7.619307652350148,10.308657316566045,5,,0,,0,,0,,0,,0,False
s01_B_natural_F018,s01,B_natural,F018,final_fall,"The apartment was smaller than we expected, obviously.","The apartment was smaller than we expected, obviously.",False,data/split/s01_B_natural_F018.wav,3.2,s01_B_natural_F018.wav,3.2,125.54469028499489,119.73768554998293,25.800278912938758,100.33472868357488,165.96745923546706,8.712952251829257,77.70902639364814,210.7380460319201,142.0,0.07721110762096016,0.00965138845262002,0.35,119.05817807798547,0.9239195003016107,0.014184397163120567,0.0,0.0,43.82716049382716,,6.9991591645900595,1.840109814578457,12.957123436898888,1.2108171987962053,7.807449659332049,5000.0,0.16982216331062516,596.647368963485,1738.047241403454,2576.2166662756026,13,,0.26269783378358535,0.19391317917488377,0.5655999678728838,0.29896907216494845,0.23711340206185566,97,True,100.33472868357488,1.840109814578457,6.9991591645900595,0.19391317917488377,0.29896907216494845,,6201.630458017495,181.94269969748473,3,,,0,-1.4986419030530544,-3.025582625852617,5.10651506584351,9,4.351666166848567,1,,0,,0,4.351666166848567,1,,0,False
s01_B_natural_F019,s01,B_natural,F019,final_fall,I think I left my keys somewhere in the stairwell.,I think I left my keys somewhere in the stairwell.,False,data/split/s01_B_natural_F019.wav,2.53,s01_B_natural_F019.wav,2.53,125.11152707941592,127.60776589208628,22.438150860030625,94.83100002597469,155.60141664229394,8.573094482836968,77.98757344944065,208.09545598128975,131.0,0.076935333856615,0.009616916732076874,0.35,129.79412431432903,0.9083250578796858,0.0,0.0,0.0,51.171875,,7.607231997618757,2.63584043311685,10.499705139632464,1.113031648838261,9.162431621651885,4500.0,0.1523215639853631,564.4232361488471,1628.0889050493067,2323.5826375565916,13,,0.2611880937418922,0.19122093095327547,0.5129692481491595,0.35135135135135137,0.2702702702702703,111,True,94.83100002597469,2.63584043311685,7.607231997618757,0.19122093095327547,0.35135135135135137,,6165.253872528141,198.23168248599185,2,,,0,-4.342606779411225,-8.422419367250944,4.128676152161777,9,20.59954603412617,2,37.91324554252151,1,,0,3.285846525730829,1,,0,False
s01_B_natural_F020,s01,B_natural,F020,final_fall,"It turned out fine, more or less, in the end.","It turned out fine, more or less, in the end.",False,data/split/s01_B_natural_F020.wav,2.9,s01_B_natural_F020.wav,2.9,116.7964347862806,104.74942936743861,30.469138171129078,90.01396678095756,171.79077231076792,11.18918122460643,55.215039710278674,187.0802003841984,81.0,0.10866604518411778,0.013583255648014722,0.35,104.40550907259284,0.5602483597394328,0.025,1.0,0.0,39.320388349514566,period_doubling_present,5.623027237272273,2.89343458480698,11.855480534201824,1.1258471336320077,7.632755935172653,5000.0,0.1589580167159417,668.3757729963633,1766.0917283938172,2587.132804182128,13,,0.3424384908814398,0.28025084916010734,0.658709360357442,0.5,0.40217391304347827,92,True,90.01396678095756,2.89343458480698,5.623027237272273,0.28025084916010734,0.5,multiply_pulsed,5836.205266466785,,1,,,0,-3.3194536796024874,-5.142189009597427,1.5527047151320144,8,,0,,0,,0,,0,,0,False
s01_B_natural_F021,s01,B_natural,F021,final_fall,Nobody warned us about the traffic on the way in.,Nobody warned us about the traffic on the way in.,False,data/split/s01_B_natural_F021.wav,2.88,s01_B_natural_F021.wav,2.88,115.8012466661836,113.70340484288292,21.97891918097588,93.11237962439102,145.68952727627223,7.750227330450522,53.13054098870309,188.89610698679192,92.0,0.05646469891277555,0.014116174728193888,0.35,113.74743948585993,0.661949505296261,0.0,0.0,0.0,45.77114427860697,,6.758338917263794,2.2690654654597053,12.915211737650695,1.2659310145038847,8.030517953695668,5250.0,0.193010535203373,587.022851121497,1872.0986005760305,2633.919120085803,13,,0.339501835599494,0.26570782593687514,0.6648409956672854,0.48514851485148514,0.36633663366336633,101,True,93.11237962439102,2.2690654654597053,6.758338917263794,0.26570782593687514,0.48514851485148514,,5960.702354736377,,1,,,0,-0.7008868798889694,-1.8192661753600206,8.66715162343882,7,2.430133470435525,1,2.430133470435525,1,,0,,0,,0,False
s01_B_natural_F022,s01,B_natural,F022,final_fall,He mentioned it once and then never brought it up again.,He mentioned it once and then never brought it up again.,False,data/split/s01_B_natural_F022.wav,3.04,s01_B_natural_F022.wav,3.04,121.15480501326961,111.56677806162944,24.309550309213588,99.8335383872936,166.1358731486335,8.817205891103642,78.94825759178293,192.10213963853286,156.0,0.07599914403461755,0.009499893004327194,0.35,111.54296215164709,0.9603743548121678,0.0064516129032258064,0.0,0.0,49.840255591054316,,7.826058444490689,2.987698533130817,12.310787582492415,1.1498225477675075,8.507762478837352,3500.0,0.223500500775811,440.62867189665064,1169.4705456252477,1896.968977557524,13,ceiling_at_search_edge,0.3219161049746152,0.23124717288780527,0.7026809306276902,0.44715447154471544,0.36585365853658536,123,True,99.8335383872936,2.987698533130817,7.826058444490689,0.23124717288780527,0.44715447154471544,,6846.113144562516,,1,5167.67867919043,,1,-6.199783742143407,-7.941229916620867,2.1226973198903925,12,64.76940066929559,1,,0,,0,64.76940066929559,1,,0,False
s01_B_natural_F023,s01,B_natural,F023,final_fall,We were both too tired to argue about it anymore.,We were both too tired to argue about it anymore.,False,data/split/s01_B_natural_F023.wav,3.46,s01_B_natural_F023.wav,3.46,120.94508913273363,117.79193758475475,25.526092742762952,87.6173510582129,153.9198185504507,9.754686001938005,70.00875784783767,205.88193776977405,136.0,0.042851781580247814,0.010712945395061953,0.35,117.92442979017649,0.9102092978033426,0.0,0.0,0.0,42.63322884012539,,7.194980766884025,2.468347277744915,13.086257352316604,1.2904740574463194,7.478744713614344,5250.0,0.1670184311756989,595.6849916777195,1810.1549647445831,2661.463783281464,13,,0.2758733988360339,0.2046166506027927,0.6152761086886891,0.3619047619047619,0.2761904761904762,105,True,87.6173510582129,2.468347277744915,7.194980766884025,0.2046166506027927,0.3619047619047619,,,,0,,,0,-4.6130818657097,-7.004220353340209,6.63458459660136,11,13.01682470702259,1,,0,,0,13.01682470702259,1,,0,False
s01_B_natural_F024,s01,B_natural,F024,final_fall,I've been putting that conversation off for months.,I've been putting that conversation off for months.,False,data/split/s01_B_natural_F024.wav,2.86,s01_B_natural_F024.wav,2.86,132.02294898849527,125.6775848528056,28.309988810796238,97.99530669197136,179.45214886692628,10.473775658671752,65.77506119763808,223.9113414869983,116.0,0.045609991771588455,0.011402497942897114,0.35,126.38734835730742,0.8447201727321694,0.0,0.0,0.0,46.963562753036435,,6.865045916729129,3.0390549048451105,13.134905490178598,1.2832858607765296,7.984536022933769,4500.0,0.20209121326564147,673.2875425205068,1676.0988871140416,2539.9259520613473,13,,0.2742781923498761,0.2194265715389721,0.5389905787005006,0.36363636363636365,0.23636363636363636,110,True,97.99530669197136,3.0390549048451105,6.865045916729129,0.2194265715389721,0.36363636363636365,irregular_f0,5616.476256480295,689.7671531413749,2,4502.78949260964,,1,0.7456765526637987,-0.24340296070169032,14.250030522993733,10,41.36562762352547,1,41.36562762352547,1,,0,,0,,0,False
s01_B_natural_F025,s01,B_natural,F025,final_fall,It felt like the longest week of the entire summer.,It felt like the longest week of the entire summer.,False,data/split/s01_B_natural_F025.wav,3.06,s01_B_natural_F025.wav,3.06,113.83982905470243,108.5658378206476,22.53307645694197,90.73030886273344,153.67276715377005,9.122460575689313,72.92784020569442,184.39347127179303,130.0,0.041136553496421126,0.010284138374105281,0.35,108.07765072526622,0.932510595652746,0.015503875968992248,0.0,0.0,44.21768707482993,,7.504009136030932,3.3020743920058924,13.516994459549547,1.1898770771967435,7.750729561954658,5000.0,0.14316764011940816,597.4537329814957,1875.7734209638975,2657.2329414633186,13,,0.3415164375829977,0.2924613575501174,0.6973390132182755,0.5398230088495575,0.3893805309734513,113,True,90.73030886273344,3.3020743920058924,7.504009136030932,0.2924613575501174,0.5398230088495575,multiply_pulsed;irregular_f0,6185.493530764421,533.0245428342373,2,,,0,-4.586898091390059,-6.492737519464138,1.0929201635222745,10,4.454698395128354,1,4.454698395128354,1,,0,,0,,0,False
s01_C_creak_C001,s01,C_creak,C001,command,Set a timer for twelve minutes.,Set a timer for twelve minutes.,False,data/split/s01_C_creak_C001.wav,2.14,s01_C_creak_C001.wav,2.14,432.4786901439394,535.4575140306981,233.52211006858641,86.92560095842973,640.6529120112024,34.580278982041726,40.0,750.0,10.0,0.15,0.01875,0.35,93.30299056333787,0.0,0.2222222222222222,0.0,0.0,9.345794392523365,anchor_unreliable;jumpy;low_voicing;period_doubling_unresolved;period_doubling_present,0.4381746943733582,6.1034680565406525,26.350998570294575,2.0860274249893056,5.9076209491855485,5500.0,0.16003922588104452,706.204045788283,1842.0243522391725,2680.576017258044,13,,0.5306558407178636,0.5389059932295968,0.7729590475811641,1.0,0.8260869565217391,23,True,86.92560095842973,6.1034680565406525,0.4381746943733582,0.5389059932295968,1.0,multiply_pulsed;irregular_f0,5587.238977876896,4136.094229038373,2,,,0,,,,7,,0,,0,,0,,0,,0,False
s01_C_creak_C002,s01,C_creak,C002,command,Text Marcus that I'm running late.,Text Marcus that I'm running late.,False,data/split/s01_C_creak_C002.wav,2.36,s01_C_creak_C002.wav,2.36,365.4710834439658,464.34953120054,228.81069299705865,42.015137441871325,612.8856917401472,46.39964298913186,40.0,750.0,19.0,0.15,0.01875,0.35,104.70408951620627,0.0,0.05555555555555555,0.0,0.0,16.10169491525424,anchor_unreliable;jumpy;period_doubling_unresolved;period_doubling_present,1.8945941365777692,6.981736622762407,23.41416491599573,2.0807186414033247,6.669683056995354,4000.0,0.1813054565885802,540.0145716554977,1451.4692802195036,2311.633584056336,13,,0.48909485040512085,0.47939468783473194,0.7519765780261963,0.782608695652174,0.6739130434782609,46,True,42.015137441871325,6.981736622762407,1.8945941365777692,0.47939468783473194,0.782608695652174,multiply_pulsed;irregular_f0,7480.812865318461,248.22641968053605,2,,,0,-5.957779848998765,-6.302272002095208,3.9687815500844756,7,27.631074677169742,1,27.631074677169742,1,,0,,0,,0,False
s01_C_creak_C003,s01,C_creak,C003,command,What's the weather in Newton tomorrow?,What's the weather in Newton tomorrow?,False,data/split/s01_C_creak_C003.wav,2.48,s01_C_creak_C003.wav,2.48,198.65957728683745,89.10654509397078,195.6591698802679,61.557940574633385,577.0277177843251,38.74348498700969,40.0,750.0,40.0,0.15,0.01875,0.35,81.07258487003193,0.7552696696496778,0.15384615384615385,10.0,7.0,32.0,jumpy;heavy_repair;period_doubling_unresolved;period_doubling_present,4.544352211393421,5.4299981589917055,18.703833208696842,1.6795276723558448,7.113232061085626,5000.0,0.14064508019556068,517.6243392858078,1547.1003212293567,2599.821709719532,13,,0.4510636083701125,0.43289946373337396,0.6516679683560245,0.810126582278481,0.6582278481012658,79,True,61.557940574633385,5.4299981589917055,4.544352211393421,0.43289946373337396,0.810126582278481,multiply_pulsed;irregular_f0,7903.663484141655,,1,,,0,-0.9711168825241501,-1.3191790135531107,17.721658786179454,8,,0,,0,,0,,0,,0,True
s01_C_creak_C004,s01,C_creak,C004,command,Play the new Noah Kahan album.,Play the new Noah Kahn album,True,data/split/s01_C_creak_C004.wav,2.42,s01_C_creak_C004.wav,2.42,271.34288895199177,84.80679487903032,227.77986149262674,78.10326132427467,533.2344858596457,33.255784681058714,40.0,750.0,48.0,0.075,0.01875,0.35,83.05001162934313,0.8493728850863946,0.06382978723404255,2.0,1.0,38.095238095238095,jumpy;period_doubling_unresolved;period_doubling_present,5.607110624045204,5.174571420227201,18.41005473927946,1.599347898796288,6.826432395783026,5500.0,0.1394738656320603,566.4412185805304,1823.4207155534236,2690.1236914788988,13,,0.42920453175924483,0.3967986388346916,0.6681971595955718,0.8068181818181818,0.6022727272727273,88,True,78.10326132427467,5.174571420227201,5.607110624045204,0.3967986388346916,0.8068181818181818,multiply_pulsed;irregular_f0,,,0,,,0,13.094952386918624,26.063540271767277,19.32199657702241,5,,0,,0,,0,,0,,0,False
s01_C_creak_C005,s01,C_creak,C005,command,Remind me to email my advisor on Monday.,Remind me to email my advisor on Monday.,False,data/split/s01_C_creak_C005.wav,3.0,s01_C_creak_C005.wav,3.0,285.74250941175603,85.13991190914277,274.7546809906752,66.29784262415632,672.4902365971677,40.10975390890518,40.0,750.0,62.0,0.15,0.01875,0.8,84.09843314008765,0.5780670891398696,0.04918032786885246,1.0,0.0,40.52287581699346,period_doubling_unresolved;period_doubling_present,3.311010084585658,5.416457492241436,20.193569471867473,1.696904584137149,7.125291749873159,4750.0,0.20491797405160872,597.7624895963916,1708.547951277922,2577.4692082244046,13,,0.48744014623021903,0.464712024677042,0.7713241826151546,0.8125,0.6875,128,True,66.29784262415632,5.416457492241436,3.311010084585658,0.464712024677042,0.8125,multiply_pulsed;irregular_f0,,,0,,,0,11.925734499023573,27.719367048134863,13.012030028020817,10,,0,,0,,0,,0,,0,False
s01_C_creak_C006,s01,C_creak,C006,command,How long is the flight to Tokyo?,How long is the flight to Tokyo?,False,data/split/s01_C_creak_C006.wav,2.18,s01_C_creak_C006.wav,2.18,,,,,,,,,,,,,,,,,,,no_pitch;period_doubling_present,3.2755009995353688,5.69392368643651,23.628175294539886,1.9820912845512981,5.3763839171301475,5000.0,0.1720508703618929,651.1687041285069,1798.193204978602,2684.9376676657903,13,,0.5331968537710956,0.5543099140233289,0.7221956106897938,0.8947368421052632,0.8421052631578947,38,True,,5.69392368643651,3.2755009995353688,0.5543099140233289,0.8947368421052632,multiply_pulsed;irregular_f0,,,0,,,0,4.536286637544894,10.973782707024924,8.037319919364773,6,,0,,0,,0,,0,,0,True
s01_C_creak_C007,s01,C_creak,C007,command,Add oat milk to my grocery list.,Add oat milk to my grocery list.,False,data/split/s01_C_creak_C007.wav,3.17,s01_C_creak_C007.wav,3.17,305.1064046112465,393.0479068944269,167.1733931858559,88.47731675702174,443.6815151390082,27.913738911803875,40.0,750.0,23.0,0.075,0.01875,0.8,88.16075937473961,0.5860754851305405,0.09090909090909091,1.0,0.0,13.855421686746988,octave_disagreement;jumpy;low_voicing;period_doubling_unresolved;period_doubling_present,2.246885483025841,5.2444924271588516,24.513241105153895,2.083182403616291,6.511053028758067,5000.0,0.14957691870835357,661.5146467832021,1704.1289883814825,2647.6003289028977,13,,0.44307356013943383,0.39330271959530205,0.739659940262771,0.6923076923076923,0.5769230769230769,52,True,88.47731675702174,5.2444924271588516,2.246885483025841,0.39330271959530205,0.6923076923076923,multiply_pulsed;irregular_f0,7169.334626531958,424.8309408733335,2,,,0,0.5197554385031697,14.51724725521957,-4.86938427382775,7,,0,,0,,0,,0,,0,True
s01_C_creak_C008,s01,C_creak,C008,command,Call the gelato shop on Orchard Street.,Call the gelato shop on Orchard Street.,False,data/split/s01_C_creak_C008.wav,2.42,s01_C_creak_C008.wav,2.42,261.05036638060204,120.64840027476438,192.50440719981742,67.09088199308717,496.99783257729325,34.66861134259505,40.0,750.0,26.0,0.075,0.01875,0.35,81.96982838337243,0.24832540358497335,0.24,7.0,0.0,20.634920634920636,anchor_unreliable;jumpy;heavy_repair;period_doubling_unresolved;period_doubling_present,1.4131434345733977,6.030799695027983,21.31419827825078,1.9524065183508652,6.239951558904316,3500.0,0.20537043708032252,514.3185696638212,1240.103437120521,1894.6678494353005,13,ceiling_at_search_edge,0.5440246333048475,0.5134772177832849,0.8216353345418902,0.9361702127659575,0.8723404255319149,47,True,67.09088199308717,6.030799695027983,1.4131434345733977,0.5134772177832849,0.9361702127659575,multiply_pulsed;irregular_f0,6002.321145633146,,1,3676.5566480516422,,1,16.3473012177512,38.76612669497389,16.76047323101752,6,5.382850000278605,1,,0,,0,5.382850000278605,1,,0,True
s01_C_creak_C009,s01,C_creak,C009,command,Turn off the bedroom lights.,Turn off the bedroom lights.,False,data/split/s01_C_creak_C009.wav,1.78,s01_C_creak_C009.wav,1.78,321.1065895226962,91.04623346023841,271.9761166629855,50.76996980384991,705.1368491250472,45.550271615700666,40.0,750.0,29.0,0.15,0.01875,0.35,86.73191878670606,0.7238078849869147,0.21428571428571427,5.0,3.0,33.333333333333336,jumpy;heavy_repair;period_doubling_unresolved;period_doubling_present,2.465151848733388,6.716920079299558,22.131101842037648,1.9460494104197528,6.554661621406816,5500.0,0.1109589703566357,666.782881519199,1597.8494564382388,2713.1648627433133,13,,0.5409624632053643,0.49851467845769964,0.8806460661151956,0.8085106382978723,0.7021276595744681,47,True,50.76996980384991,6.716920079299558,2.465151848733388,0.49851467845769964,0.8085106382978723,multiply_pulsed;irregular_f0,8032.445200906639,,1,,,0,4.293761765290968,14.869973491935925,9.212256852028123,4,,0,,0,,0,,0,,0,True
s01_C_creak_C010,s01,C_creak,C010,command,What time does the library close today?,What time does the library close today?,False,data/split/s01_C_creak_C010.wav,3.4,s01_C_creak_C010.wav,3.4,380.4437292384553,453.34923895868616,231.54368804536466,75.20211784525162,669.4745536838195,37.850208285758725,40.0,750.0,29.0,0.15,0.01875,0.35,272.3432384015654,0.0,0.03571428571428571,0.0,0.0,16.666666666666668,anchor_unreliable;period_doubling_unresolved;period_doubling_present,1.909858464926124,4.9678037242109765,22.429153257238738,1.9606072907095577,6.515642521184879,4500.0,0.14898108374642732,507.8451554396046,1321.730700843445,2336.153305136402,13,,0.4618242014965994,0.440241889180874,0.6830593547417199,0.8775510204081632,0.7142857142857143,49,True,75.20211784525162,4.9678037242109765,1.909858464926124,0.440241889180874,0.8775510204081632,multiply_pulsed;irregular_f0,7968.623514474949,,1,,,0,13.66327708704862,35.00921212623666,12.10103272772567,7,,0,,0,,0,,0,,0,False
s01_C_creak_C011,s01,C_creak,C011,command,Navigate to Grand Central Terminal.,Navigate to Grand Central Terminal.,False,data/split/s01_C_creak_C011.wav,2.22,s01_C_creak_C011.wav,2.22,,,,,,,,,,,,,,,,,,,no_pitch;period_doubling_present,2.279597638269023,5.044576371472552,24.98632529897248,1.9702665413648977,5.85342101710051,4250.0,0.22220612715344412,497.7922086166591,1561.2615744541572,2393.7563162338583,13,,0.5199679966331954,0.48327007746811695,0.8131963224590673,0.8974358974358975,0.717948717948718,39,True,,5.044576371472552,2.279597638269023,0.48327007746811695,0.8974358974358975,multiply_pulsed;irregular_f0,6795.3655505520355,,1,,,0,-0.9994237777006809,-1.7941267527512252,11.392689412346105,6,76.74928332229358,1,,0,,0,76.74928332229358,1,,0,True
s01_C_creak_C012,s01,C_creak,C012,command,Send a photo to the choir group chat.,Send a photo to the choir group chat.,False,data/split/s01_C_creak_C012.wav,2.52,s01_C_creak_C012.wav,2.52,115.65149328946826,90.44651469767022,101.64721304039179,75.09504801428466,105.4432780815628,5.876129364096557,40.0,750.0,31.0,0.075,0.01875,0.8,87.42861148408768,0.9415838831354555,0.13333333333333333,1.0,1.0,23.66412213740458,jumpy;period_doubling_unresolved;period_doubling_present,2.378250550083466,3.10909258900194,16.511713185905503,1.3717917864023788,6.673022352931788,4000.0,0.1894601839406712,535.6433392336296,1362.8235048749439,2261.7378201218885,13,,0.4443186239307443,0.4439557555346906,0.648454409179247,0.9047619047619048,0.7619047619047619,42,True,75.09504801428466,3.10909258900194,2.378250550083466,0.4439557555346906,0.9047619047619048,multiply_pulsed;irregular_f0,8371.29441585062,,1,,,0,2.300089496721732,1.8082414698289,11.53586791399644,6,,0,,0,,0,,0,,0,False
s01_C_creak_C013,s01,C_creak,C013,command,Show me my calendar for next Thursday.,Show me my calendar for next Thursday.,False,data/split/s01_C_creak_C013.wav,2.46,s01_C_creak_C013.wav,2.46,77.62990746798542,77.49912810786772,3.7084305988768205,73.55110489236473,82.31215327634081,1.9483013322763851,40.0,750.0,15.0,0.15,0.01875,0.8,84.55695258001471,0.8100006554520535,0.0,0.0,0.0,12.096774193548388,low_voicing;period_doubling_unresolved;period_doubling_present,3.8724032435005955,5.495665627091271,19.937725104304015,1.690109498817659,6.428329257355621,4000.0,0.17779521030658332,526.50903305201,1552.867571201694,2305.7028838988426,13,,0.37502752121052696,0.339465373690512,0.6238209300718346,0.6176470588235294,0.4411764705882353,34,True,73.55110489236473,5.495665627091271,3.8724032435005955,0.339465373690512,0.6176470588235294,multiply_pulsed;irregular_f0,6386.381576349227,,1,4297.686043278865,,1,,,,4,,0,,0,,0,,0,,0,False
s01_C_creak_C014,s01,C_creak,C014,command,Convert eighty degrees Fahrenheit to Celsius.,Convert eighty degrees Fahrenheit to Celsius.,False,data/split/s01_C_creak_C014.wav,2.7,s01_C_creak_C014.wav,2.7,234.2017492707893,96.26078764878316,181.1593522565272,90.80710577422165,478.45704315019753,28.77014763131581,40.0,750.0,24.0,0.075,0.01875,0.8,96.55671541308652,0.44081058794218436,0.043478260869565216,0.0,0.0,17.02127659574468,anchor_unreliable;period_doubling_unresolved;period_doubling_present,3.127086173580427,5.422793410520354,24.40817141543116,2.0066599833304206,6.835627673487042,5000.0,0.16417287394789384,507.0785896039094,1837.0699882609033,2622.8520872972836,13,,0.5122861362653226,0.5133951361563254,0.7870306118990738,0.8088235294117647,0.7205882352941176,68,True,90.80710577422165,5.422793410520354,3.127086173580427,0.5133951361563254,0.8088235294117647,multiply_pulsed;irregular_f0,7252.883627846407,355.1888286261945,2,,,0,-26.369626311551293,-26.873669782414392,-33.530095684543014,7,,0,,0,,0,,0,,0,False
s01_C_creak_C015,s01,C_creak,C015,command,Skip to the next song.,Skip to the next song.,False,data/split/s01_C_creak_C015.wav,1.78,s01_C_creak_C015.wav,1.78,631.6119850073156,697.3565035832407,122.76139280663863,437.20668687147844,727.1369352606209,8.806939358279145,40.0,750.0,14.0,0.075,0.01875,0.35,82.40706963672261,0.6989537322047872,0.07692307692307693,0.0,0.0,15.384615384615385,octave_disagreement;jumpy;period_doubling_unresolved;period_doubling_present,1.9101388968612547,8.78258537985677,25.13121522063727,1.7868234716769038,6.405715524104483,4250.0,0.14208232580035415,572.9798141253387,1458.1275183999214,2419.3998197280807,13,,0.5286465103061316,0.45949664283543756,0.829293327955865,0.9629629629629629,0.7037037037037037,27,True,437.20668687147844,8.78258537985677,1.9101388968612547,0.45949664283543756,0.9629629629629629,multiply_pulsed;irregular_f0,7146.245992753876,513.1764948577982,3,,,0,,,,3,,0,,0,,0,,0,,0,True
s01_C_creak_C016,s01,C_creak,C016,command,What's the score of the Mets game?,What's the score of the Mets game?,False,data/split/s01_C_creak_C016.wav,2.32,s01_C_creak_C016.wav,2.32,356.3521778981858,451.4980234547107,198.05218279132094,69.85100880548994,542.8502004865727,35.49841541514682,40.0,750.0,19.0,0.075,0.01875,0.8,163.3301567390127,0.0,0.05555555555555555,0.0,0.0,15.833333333333334,anchor_unreliable;jumpy;period_doubling_unresolved;period_doubling_present,2.5534426400870953,5.671222188927506,20.756669621205432,1.8514182587025674,6.567305002228894,4250.0,0.17070043900361306,475.30329302079366,1379.74872266227,2352.070983386983,13,,0.4773145084063506,0.4291182308088729,0.6652120153779297,0.9,0.7,60,True,69.85100880548994,5.671222188927506,2.5534426400870953,0.4291182308088729,0.9,multiply_pulsed;irregular_f0,7143.668052989076,892.6968351978608,3,,,0,21.632744251881356,50.161198721084375,21.379800386075484,4,,0,,0,,0,,0,,0,False
s01_C_creak_C017,s01,C_creak,C017,command,Set an alarm for six forty-five.,Set an alarm for six forty-five.,False,data/split/s01_C_creak_C017.wav,2.29,s01_C_creak_C017.wav,2.29,87.53033292014575,89.46143627985843,5.014098783268273,80.87323317259884,93.27005857002591,2.469020811434369,40.0,750.0,15.0,0.15,0.01875,0.8,91.13801331366577,0.5892935236617596,0.0,0.0,0.0,13.043478260869565,low_voicing;period_doubling_unresolved;period_doubling_present,2.2366652709888752,4.189079435698318,18.95503020330124,1.6989528486012455,7.278485182106582,3750.0,0.17122939766555936,596.9469311593703,1443.5279316780864,2199.145201121608,13,,0.49466011845437813,0.4797712497508453,0.8562396966232867,0.803030303030303,0.6666666666666666,66,True,80.87323317259884,4.189079435698318,2.2366652709888752,0.4797712497508453,0.803030303030303,multiply_pulsed;irregular_f0,6646.824122078892,530.6951686288609,3,,,0,-7.570710013906796,-20.994224166381677,6.255752269620812,7,,0,,0,,0,,0,,0,False
s01_C_creak_C018,s01,C_creak,C018,command,Find a ramen place open past midnight.,Find a ramen place open past midnight.,False,data/split/s01_C_creak_C018.wav,2.6,s01_C_creak_C018.wav,2.6,90.16001501660911,86.42406264069422,14.083253702257394,79.36984808296565,97.4473995777604,3.5523917160276524,40.0,750.0,35.0,0.075,0.01875,0.8,87.97646448799486,0.9658802582487376,0.11764705882352941,4.0,3.0,25.925925925925927,jumpy;heavy_repair;period_doubling_unresolved;period_doubling_present,2.1636279242014904,4.263585829322192,18.97584048259981,1.6017560705494338,6.9251757942521746,3750.0,0.2030425183178297,585.3410918663451,1293.2903813795178,2245.754978755564,13,,0.4291384404616413,0.41097641134766766,0.5925849987335621,0.921875,0.625,64,True,79.36984808296565,4.263585829322192,2.1636279242014904,0.41097641134766766,0.921875,multiply_pulsed;irregular_f0,6828.155446081815,553.0325193990566,2,,,0,-3.22621780054671,-4.130825273075093,0.9942797971723571,5,,0,,0,,0,,0,,0,True
s01_C_creak_C019,s01,C_creak,C019,command,Read my last message from Anjali.,Read my last message from Anjali.,False,data/split/s01_C_creak_C019.wav,2.34,s01_C_creak_C019.wav,2.34,88.72042132319571,89.67267619480339,7.744886401459526,75.67820223866975,97.63931036453046,4.411011454700832,40.0,750.0,28.0,0.15,0.01875,0.8,89.07753302226413,0.9093311971148683,0.07407407407407407,2.0,0.0,23.931623931623932,jumpy;period_doubling_unresolved,3.43521242293857,5.303438811788918,13.765405637049504,1.286438246873878,7.121841406808599,3750.0,0.18544510616633172,485.478261975784,1419.8000258992815,2263.69171831688,13,,0.3365758440476744,0.26068831363600237,0.6559945211830446,0.45098039215686275,0.35294117647058826,51,True,75.67820223866975,5.303438811788918,3.43521242293857,0.26068831363600237,0.45098039215686275,irregular_f0,8457.552203657047,379.41389627824805,2,,,0,2.565673015321927,2.248317906727671,9.357479246714375,4,,0,,0,,0,,0,,0,False
s01_C_creak_C020,s01,C_creak,C020,command,How do you say thank you in Japanese?,How do you say thank you in Japanese?,False,data/split/s01_C_creak_C020.wav,2.63,s01_C_creak_C020.wav,2.63,109.86779662198106,73.98991671403613,116.84264312540812,58.05805612383418,148.9623115970348,16.312550301179126,40.0,750.0,37.0,0.075,0.01875,0.8,74.39235746632238,0.8575720727887701,0.05555555555555555,1.0,1.0,27.00729927007299,jumpy;period_doubling_unresolved;period_doubling_present,4.682592415497379,5.949543325682741,20.92360858475658,1.8511054689122608,6.507549212981497,5250.0,0.1739746472052303,468.01030521712676,1974.9876881077707,2663.5300111356164,13,,0.5275708898484277,0.5313979006062474,0.7934559248723893,0.8169014084507042,0.7323943661971831,71,True,58.05805612383418,5.949543325682741,4.682592415497379,0.5313979006062474,0.8169014084507042,multiply_pulsed;irregular_f0,6863.421236754564,,1,,,0,0.7729052790627868,0.16998664245906525,5.3411214287459785,8,,0,,0,,0,,0,,0,False
s01_C_creak_C021,s01,C_creak,C021,command,Start a workout on my watch.,Start a workout on my watch.,False,data/split/s01_C_creak_C021.wav,2.38,s01_C_creak_C021.wav,2.38,377.1951835200127,447.81036202922155,234.49853593311974,81.26239087459415,690.6900717432186,37.04854522953807,40.0,750.0,14.0,0.15,0.01875,0.35,96.40248749976259,0.8800796849928385,0.23076923076923078,0.0,0.0,11.764705882352942,octave_disagreement;jumpy;low_voicing;period_doubling_unresolved;period_doubling_present,1.7186515047968105,4.795037769425839,19.830046133512678,1.763289075092157,6.056800802240117,5250.0,0.16898404419897203,713.755618034769,1735.3472990238095,2661.14156120181,13,,0.5935531130437944,0.5892522202554773,0.7962047642986262,0.8695652173913043,0.7608695652173914,46,True,81.26239087459415,4.795037769425839,1.7186515047968105,0.5892522202554773,0.8695652173913043,multiply_pulsed;irregular_f0,6474.213517710731,,1,,,0,22.405704869950515,46.542906919147136,22.482370095865893,6,,0,,0,,0,,0,,0,True
s01_C_creak_C022,s01,C_creak,C022,command,Cancel my reminder about the dentist.,Cancel my reminder about the dentist.,False,data/split/s01_C_creak_C022.wav,2.68,s01_C_creak_C022.wav,2.68,263.77074201054194,86.14628832230466,280.84424956695443,59.97601863259634,699.4127153327047,42.52423636704086,40.0,750.0,35.0,0.15,0.01875,0.35,74.07141523090326,0.8059829988097287,0.08823529411764706,2.0,0.0,25.925925925925927,octave_uncertain;jumpy;period_doubling_unresolved;period_doubling_present,2.289255812157329,5.0163388523568555,21.93378860230676,1.7665873328007873,6.786777553878913,5250.0,0.12971994867044057,638.79747470963,1693.4917266313819,2704.7362836783163,13,,0.49243716272375804,0.4802389556522155,0.8369800854589706,0.7894736842105263,0.7236842105263158,76,True,59.97601863259634,5.0163388523568555,2.289255812157329,0.4802389556522155,0.7894736842105263,multiply_pulsed;irregular_f0,5452.388667065526,2731.3745644151295,2,,,0,-4.844580077888018,-5.045444095385541,3.856307003940465,7,,0,,0,,0,,0,,0,False
s01_C_creak_C023,s01,C_creak,C023,command,Take a note about the pitch analysis.,Take a note about the pitch analysis.,False,data/split/s01_C_creak_C023.wav,2.65,s01_C_creak_C023.wav,2.65,333.5807481362011,274.20888579389174,269.230950763613,70.63559632413731,699.3097438286159,39.68957158777238,40.0,750.0,18.0,0.075,0.01875,0.35,87.96248182878007,0.09101005523299543,0.11764705882352941,0.0,0.0,13.043478260869565,anchor_unreliable;jumpy;low_voicing;period_doubling_unresolved;period_doubling_present,2.578044989462713,5.669457786182155,19.24436685305388,1.558804965509844,6.838759568843788,5000.0,0.16702766771893449,574.5190543725298,1758.609183606118,2684.916882550458,13,,0.6130677595842041,0.5622784534129974,0.8995445523790875,0.9464285714285714,0.8571428571428571,56,True,70.63559632413731,5.669457786182155,2.578044989462713,0.5622784534129974,0.9464285714285714,multiply_pulsed;irregular_f0,7193.230397426449,111.39560626933368,2,,,0,11.398125434902648,26.94816866781278,16.402728844254067,8,,0,,0,,0,,0,,0,False
s01_C_creak_C024,s01,C_creak,C024,command,What is twenty percent of forty-three dollars?,What is twenty percent of forty-three dollars?,False,data/split/s01_C_creak_C024.wav,2.55,s01_C_creak_C024.wav,2.55,434.50800994401175,461.0677098717732,216.2587374822331,85.56963515296361,699.7969717763846,36.381186926476296,40.0,750.0,30.0,0.15,0.01875,0.8,87.5431433821577,0.4,0.034482758620689655,0.0,0.0,23.25581395348837,anchor_unreliable;period_doubling_unresolved;period_doubling_present,1.3092681163044808,5.82014498770255,22.222301000063517,1.9244400133010253,6.757369143852761,4500.0,0.1698932477707388,484.5547344503416,1609.6072067229406,2597.1885356088196,13,,0.514293053915151,0.48025057595138865,0.8050460651658301,0.8275862068965517,0.7413793103448276,58,True,85.56963515296361,5.82014498770255,1.3092681163044808,0.48025057595138865,0.8275862068965517,multiply_pulsed;irregular_f0,7173.120468078974,,1,,,0,17.971544432105112,36.75980458341604,19.462046677636238,10,,0,,0,,0,,0,,0,False
s01_C_creak_C025,s01,C_creak,C025,command,Turn the volume down a little.,Turn the volume down a little.,False,data/split/s01_C_creak_C025.wav,1.88,s01_C_creak_C025.wav,1.88,329.1570211280142,71.96651300947109,304.64824945117863,55.4836491599223,740.9078269003488,44.86991390836218,40.0,750.0,29.0,0.15,0.01875,0.8,70.28476517462076,0.9637357594814122,0.17857142857142858,3.0,0.0,31.182795698924732,jumpy;heavy_repair;period_doubling_unresolved;period_doubling_present,3.654565934216176,4.653205158435526,22.8608303633002,2.1174864950893553,6.5619811022041485,5500.0,0.15164996854779017,614.0700744499006,1624.9647424808609,2670.4496705687197,13,,0.52237952133989,0.4747049243178692,0.8052150575757251,0.9692307692307692,0.9076923076923077,65,True,55.4836491599223,4.653205158435526,3.654565934216176,0.4747049243178692,0.9692307692307692,multiply_pulsed;irregular_f0,,,0,,,0,4.843667766713299,9.429606701384227,18.290502634814608,4,,0,,0,,0,,0,,0,True
s01_C_creak_C026,s01,C_creak,C026,command,Open the Praat documentation in Safari.,Open the Pratt documentation in Safari.,True,data/split/s01_C_creak_C026.wav,2.76,s01_C_creak_C026.wav,2.76,143.86139776563041,95.0148349814352,165.50864510344562,85.36332936998127,101.17419428343415,2.941836108762092,40.0,750.0,45.0,0.15,0.01875,0.35,94.67423180716442,0.8685745853920062,0.06818181818181818,11.0,6.0,32.142857142857146,jumpy;heavy_repair;period_doubling_unresolved;period_doubling_present,3.314486285124364,4.456159559846279,18.799170955235155,1.521938033101071,7.0528893220996185,4000.0,0.1790856642377496,540.1397098932465,1363.6919086893658,2295.803084952602,13,,0.42004480370529834,0.37134091905941835,0.6626086579215268,0.6811594202898551,0.5217391304347826,69,True,85.36332936998127,4.456159559846279,3.314486285124364,0.37134091905941835,0.6811594202898551,multiply_pulsed;irregular_f0,7415.66643404007,,1,3703.420875436256,,1,-0.8548622010842308,9.579370681346122,4.1573722813583815,7,55.980877530180884,1,,0,,0,,0,55.980877530180884,1,True
s01_C_creak_C027,s01,C_creak,C027,command,Schedule a meeting for Friday afternoon.,Schedule a meeting for Friday afternoon.,False,data/split/s01_C_creak_C027.wav,1.91,s01_C_creak_C027.wav,1.91,460.4208682291229,511.0607098806917,242.64680034389175,74.58325764118058,722.0203859181337,39.30139024819263,40.0,750.0,35.0,0.075,0.01875,0.8,81.77765311681688,0.0,0.029411764705882353,0.0,0.0,35.714285714285715,anchor_unreliable;period_doubling_unresolved;period_doubling_present,3.5824176990463994,5.570087712884459,22.129779381901827,1.9200061553369419,7.519672787377951,4500.0,0.13115212731142958,463.6176657892438,1593.4531690971494,2410.1431162994004,13,,0.4896033455133959,0.4594346661669757,0.6707932978963128,0.9571428571428572,0.8285714285714286,70,True,74.58325764118058,5.570087712884459,3.5824176990463994,0.4594346661669757,0.9571428571428572,multiply_pulsed;irregular_f0,2723.7634077911407,,1,,,0,11.371984432436882,28.772556045411335,14.16178280444752,10,,0,,0,,0,,0,,0,False
s01_C_creak_C028,s01,C_creak,C028,command,Is it going to rain this evening?,Is it going to rain this evening?,False,data/split/s01_C_creak_C028.wav,3.26,s01_C_creak_C028.wav,3.26,144.7180922615862,97.2247189135834,104.98497611184766,87.82822174028857,380.20787138665906,25.368382815678387,40.0,750.0,31.0,0.15,0.01875,0.8,98.61650564132975,0.7271289197412694,0.03333333333333333,3.0,1.0,18.674698795180724,heavy_repair;period_doubling_unresolved;period_doubling_present,5.342473143386688,4.0008515812359375,20.669541836686346,1.8134948792620764,7.072391338605736,5500.0,0.15014174599641328,536.2858596672003,2040.2206891568635,2716.4347443490387,13,,0.3990094365737005,0.3716458615207207,0.62333162552754,0.7272727272727273,0.5636363636363636,55,True,87.82822174028857,4.0008515812359375,5.342473143386688,0.3716458615207207,0.7272727272727273,multiply_pulsed;irregular_f0,7045.207825861392,,1,,,0,22.741863154308653,40.638751703596796,7.7510210819198235,5,,0,,0,,0,,0,,0,True
s01_C_creak_C029,s01,C_creak,C029,command,Play something quiet while I study.,Play something quiet while I study.,False,data/split/s01_C_creak_C029.wav,2.66,s01_C_creak_C029.wav,2.66,332.366616770589,258.2283380646651,243.2079300649422,92.6170752701465,646.0485606773234,33.62751006901762,40.0,750.0,42.0,0.15,0.01875,0.35,107.51823035719872,0.1247740701922655,0.024390243902439025,0.0,0.0,31.34328358208955,anchor_unreliable;period_doubling_unresolved;period_doubling_present,3.197014088455037,4.878866383886759,21.313932253496425,1.8270994721479707,6.168950045696866,4500.0,0.15868418805055334,497.30251502004614,1302.2030415667923,2359.8887897182904,13,,0.49580853492158145,0.47552464536208117,0.7739533473813878,0.873015873015873,0.7619047619047619,63,True,92.6170752701465,4.878866383886759,3.197014088455037,0.47552464536208117,0.873015873015873,multiply_pulsed;irregular_f0,7327.954349995129,734.7581404768654,2,,,0,3.5844722130178788,12.010082085095178,5.868432521611718,8,27.814964441285728,1,,0,,0,27.814964441285728,1,,0,False
s01_C_creak_C030,s01,C_creak,C030,command,Delete the last voice memo.,Delete the last voice memo.,False,data/split/s01_C_creak_C030.wav,2.18,s01_C_creak_C030.wav,2.18,272.32205515782863,86.31681655168623,222.92438949463406,67.01476074175976,483.4019027771059,34.20806816003192,40.0,750.0,22.0,0.075,0.01875,0.35,76.86900120068717,0.6856684476497619,0.09523809523809523,0.0,0.0,19.469026548672566,octave_uncertain;jumpy;period_doubling_unresolved;period_doubling_present,2.1180348051163125,5.8436618585441025,21.078641796714802,1.7081253804158014,6.775719142125481,4500.0,0.1678776875619168,508.94584693611466,1467.4089271993512,2559.732322269334,13,,0.6014598937384478,0.6067291631965492,0.8579376408600926,0.9772727272727273,0.9090909090909091,44,True,67.01476074175976,5.8436618585441025,2.1180348051163125,0.6067291631965492,0.9772727272727273,multiply_pulsed;irregular_f0,7437.239577721892,276.34760559163976,2,,,0,-5.11886124928774,-6.395716834785057,0.5997466494520385,4,,0,,0,,0,,0,,0,False
s01_C_creak_C031,s01,C_creak,C031,command,What's the fastest way to Morningside Heights?,What's the fastest way to Morningside Heights?,False,data/split/s01_C_creak_C031.wav,3.2,s01_C_creak_C031.wav,3.2,493.4723517359087,434.5232028332836,189.51263248338458,371.35639908615025,708.651907298923,11.187272462747288,40.0,750.0,33.0,0.15,0.01875,0.35,158.06354078005293,0.0,0.15625,1.0,0.0,20.245398773006134,anchor_unreliable;jumpy;period_doubling_unresolved;period_doubling_present,2.1107974618823437,6.605588142383634,25.01141737270316,1.9876337314372103,6.474523782961033,5000.0,0.19907830389103323,567.1719753228641,1641.3986566402477,2639.6105156205126,13,,0.5457765816848053,0.5302859058811691,0.7828538185878524,0.9487179487179487,0.8846153846153846,78,True,371.35639908615025,6.605588142383634,2.1107974618823437,0.5302859058811691,0.9487179487179487,multiply_pulsed;irregular_f0,7575.778397727416,1163.5163714279527,5,,,0,9.32802688591594,22.055099612987632,9.773735178825584,8,,0,,0,,0,,0,,0,False
s01_C_creak_C032,s01,C_creak,C032,command,Add a wisteria trellis to my shopping list.,Add a wisteria trellis to my shopping list.,False,data/split/s01_C_creak_C032.wav,2.84,s01_C_creak_C032.wav,2.84,138.27868597742005,88.5414161289864,180.62486197161454,68.13424702767662,94.58961663581196,5.67962023458901,40.0,750.0,23.0,0.075,0.01875,0.35,85.01440616269845,0.6695103512022604,0.045454545454545456,0.0,0.0,15.54054054054054,period_doubling_unresolved;period_doubling_present,2.8996614765503224,3.9546624536743256,13.297758047318206,1.3739272701472443,6.0495184460548765,4000.0,0.1557302689012392,541.7852996779905,1403.441766776501,2294.3127365599225,13,,0.5011855703854496,0.5300456394886799,0.7128525928765498,0.8235294117647058,0.6764705882352942,34,True,68.13424702767662,3.9546624536743256,2.8996614765503224,0.5300456394886799,0.8235294117647058,multiply_pulsed;irregular_f0,,,0,4014.5215184481553,,1,2.1839482589631984,1.797350852683124,9.118620576692763,3,,0,,0,,0,,0,,0,False
s01_C_creak_C033,s01,C_creak,C033,command,Tell me a joke about linguists.,Tell me a joke about linguists.,False,data/split/s01_C_creak_C033.wav,3.56,s01_C_creak_C033.wav,3.56,288.6572024291673,271.01247353984763,207.13568122678933,82.53403422721829,672.8861735286455,36.32761693715506,40.0,750.0,43.0,0.15,0.01875,0.35,87.49728181178267,0.9394388197338995,0.07142857142857142,5.0,3.0,23.626373626373628,octave_disagreement;jumpy;heavy_repair;period_doubling_unresolved;period_doubling_present,2.721521154752049,5.348178386589128,20.536958672446808,1.811442122191461,5.648719325865244,5250.0,0.12605691992588255,866.7319157298214,1883.6041542851476,2793.9122770478216,13,,0.4728731992767414,0.4513596041834285,0.7954834742434193,0.7777777777777778,0.7333333333333333,45,True,82.53403422721829,5.348178386589128,2.721521154752049,0.4513596041834285,0.7777777777777778,multiply_pulsed;irregular_f0,7805.212630739277,354.0804603875561,2,,,0,3.4126706487963006,16.2420302161613,9.081637916732316,3,,0,,0,,0,,0,,0,True
s01_C_creak_C034,s01,C_creak,C034,command,Show me photos from Cape Cod.,Show me photos from Cape Cod.,False,data/split/s01_C_creak_C034.wav,2.06,s01_C_creak_C034.wav,2.06,95.52148836087397,94.84333879247241,7.478676958991781,84.48786120202632,106.29584543843589,3.975230739392817,40.0,750.0,21.0,0.075,0.01875,0.8,93.75427355266118,0.8670903027491007,0.0,0.0,0.0,19.81132075471698,period_doubling_unresolved,4.30150322007084,3.9034993042177084,21.76810734132953,1.7498051276124258,6.61826587425925,4250.0,0.15505663724277083,486.59951468115355,1324.2280686840058,2328.1548183662703,13,,0.29823237778933104,0.3122441978845609,0.38025878533938007,0.7777777777777778,0.3333333333333333,18,True,84.48786120202632,3.9034993042177084,4.30150322007084,0.3122441978845609,0.7777777777777778,multiply_pulsed;irregular_f0,,,0,4173.293756428118,,1,,,,3,109.88890229455394,1,109.88890229455394,1,,0,,0,,0,False
s01_C_creak_C035,s01,C_creak,C035,command,How many days until September first?,How many days until September first?,False,data/split/s01_C_creak_C035.wav,2.47,s01_C_creak_C035.wav,2.47,164.40037432626474,87.62664823909685,141.96357802798715,83.31840093781207,429.18991562473855,28.378909466519744,40.0,750.0,22.0,0.15,0.01875,0.8,87.43607617997856,0.8961930734361006,0.14285714285714285,2.0,0.0,17.741935483870968,jumpy;heavy_repair;period_doubling_unresolved;period_doubling_present,3.2684607147847364,5.967746552543444,23.18362252178445,1.8601389033892965,6.330932644711254,5250.0,0.15537095749148874,617.5460616518147,1890.0402876187193,2660.8421843196766,13,,0.42192367036271483,0.38333254213477075,0.6218010949694922,0.796875,0.6875,64,True,83.31840093781207,5.967746552543444,3.2684607147847364,0.38333254213477075,0.796875,multiply_pulsed;irregular_f0,6806.742145127319,,1,,,0,-2.489739177258052,-2.941024203484041,5.592220680361031,5,,0,,0,,0,,0,,0,True
s01_C_creak_C036,s01,C_creak,C036,command,Turn on do not disturb until noon.,Turn on do not disturb until noon.,False,data/split/s01_C_creak_C036.wav,2.55,s01_C_creak_C036.wav,2.55,114.17758545387302,80.92015035652592,120.85369272390759,53.667439915476386,178.33987944024582,20.790124472269095,40.0,750.0,55.0,0.075,0.01875,0.8,76.57215047497922,0.9051865818639075,0.07407407407407407,5.0,2.0,41.35338345864662,jumpy;heavy_repair;period_doubling_unresolved;period_doubling_present,4.564779226167091,3.848917137680622,20.213291192661416,1.6976891593383376,7.371104608332451,5250.0,0.1853346596341694,539.6051392024333,1641.6266928718223,2664.3381177064084,13,,0.4503157160304236,0.41565035831069014,0.6885945854214695,0.8202247191011236,0.651685393258427,89,True,53.667439915476386,3.848917137680622,4.564779226167091,0.41565035831069014,0.8202247191011236,multiply_pulsed;irregular_f0,6750.833383338906,,1,,,0,-1.6680403037494989,-2.0581057030335037,6.783360531414127,5,86.01543807437717,1,,0,,0,86.01543807437717,1,,0,True
s01_C_creak_C037,s01,C_creak,C037,command,Where is the nearest pharmacy?,Where is the nearest pharmacy?,False,data/split/s01_C_creak_C037.wav,2.18,s01_C_creak_C037.wav,2.18,303.7157849821749,439.51711032180464,182.41442969453573,88.7995531453367,478.3682730877742,29.153968640981013,40.0,750.0,34.0,0.15,0.01875,0.8,99.72059648778445,0.43523174090817407,0.09090909090909091,0.0,0.0,31.192660550458715,anchor_unreliable;jumpy;period_doubling_unresolved;period_doubling_present,4.079411089130499,5.277776355648102,23.41367517809953,1.8418916564832726,6.816132810048985,5500.0,0.15885088420460414,642.3143633164069,2050.914942701651,2710.9839553339525,13,,0.4516262387227331,0.40327300519983905,0.7150268601196752,0.873015873015873,0.746031746031746,63,True,88.7995531453367,5.277776355648102,4.079411089130499,0.40327300519983905,0.873015873015873,multiply_pulsed;irregular_f0,6526.228954138746,117.77744489404914,2,,,0,31.10251858587968,65.29278986162302,22.788570917081316,6,,0,,0,,0,,0,,0,False
s01_C_creak_C038,s01,C_creak,C038,command,Email the lab about the annotation deadline.,Email the lab about the annotation deadline.,False,data/split/s01_C_creak_C038.wav,2.64,s01_C_creak_C038.wav,2.64,251.40593461746818,96.10306106964651,218.5107874394687,89.93355360793791,523.0422224535953,30.479952374451365,40.0,750.0,36.0,0.075,0.01875,0.35,92.07916848902592,0.7804438485982064,0.08571428571428572,3.0,1.0,26.277372262773724,jumpy;heavy_repair;period_doubling_unresolved;period_doubling_present,2.657618667135746,5.266225849449339,19.822412380911576,1.7515101751362558,7.823618038543822,4500.0,0.16035190427165003,510.37566538372255,1443.4783662141785,2549.1888756218104,13,,0.5010630750258452,0.4649510919417658,0.8334360486298722,0.8539325842696629,0.6404494382022472,89,True,89.93355360793791,5.266225849449339,2.657618667135746,0.4649510919417658,0.8539325842696629,multiply_pulsed;irregular_f0,,,0,3912.9195486410968,,1,-5.501884542941878,-7.042389784056106,0.9731177700768296,10,54.85526553094977,1,,0,,0,,0,54.85526553094977,1,True
s01_C_creak_C039,s01,C_creak,C039,command,What's on my agenda this morning?,What's on my agenda this morning?,False,data/split/s01_C_creak_C039.wav,2.46,s01_C_creak_C039.wav,2.46,503.4740264013576,504.5901837195184,174.22271102970825,202.20531234625798,689.1776863423422,21.228661098984063,40.0,750.0,34.0,0.15,0.01875,0.35,175.75369211228832,0.0,0.09090909090909091,0.0,0.0,27.419354838709676,anchor_unreliable;jumpy;period_doubling_unresolved;period_doubling_present,2.2079957678929625,6.884962623133852,22.720207932541882,1.9431764085097136,7.2252180627877545,5250.0,0.16916190558503572,628.9474438176364,1779.5020768553873,2686.8012175138483,13,,0.5404476399339764,0.5425057111465715,0.7295023856780543,0.9506172839506173,0.9012345679012346,81,True,202.20531234625798,6.884962623133852,2.2079957678929625,0.5425057111465715,0.9506172839506173,multiply_pulsed;irregular_f0,6989.899839339529,142.04766763167675,2,,,0,9.562433015826802,20.801400452078816,14.293319764339435,8,,0,,0,,0,,0,,0,False
s01_C_creak_C040,s01,C_creak,C040,command,Play white noise for thirty minutes.,Play white noise for thirty minutes.,False,data/split/s01_C_creak_C040.wav,2.56,s01_C_creak_C040.wav,2.56,122.39548484267964,79.68953099469911,129.06090826034887,53.27934439840148,329.2206731616322,31.52888035503323,40.0,750.0,35.0,0.15,0.01875,0.35,79.40729995192766,0.5696639603405829,0.11764705882352941,2.0,0.0,27.131782945736433,jumpy;period_doubling_unresolved;period_doubling_present,2.0821843037844454,4.394077647926282,23.551147033974416,1.7898864980738551,6.426919730079331,6000.0,0.1836593473967676,613.8679574010102,2044.6618789416318,2750.2256142125316,13,,0.5009409025687022,0.5035630492996288,0.7050614748962363,0.9545454545454546,0.8181818181818182,44,True,53.27934439840148,4.394077647926282,2.0821843037844454,0.5035630492996288,0.9545454545454546,multiply_pulsed;irregular_f0,8178.216205730766,,1,,,0,-5.00303322511801,-5.7974018328345025,-4.775596298624336,5,,0,,0,,0,,0,,0,False
s01_C_creak_D001,s01,C_creak,D001,declarative,The old bridge groaned under the weight of the truck.,The old bridge groaned under the weight of the truck.,False,data/split/s01_C_creak_D001.wav,3.15,s01_C_creak_D001.wav,3.15,318.2481691905795,231.95009428193399,260.7828353036291,58.249199813313226,675.4932478117421,42.42757454701686,40.0,750.0,64.0,0.15,0.01875,0.8,87.2652173167206,0.462489489667249,0.07936507936507936,4.0,0.0,39.75155279503105,anchor_unreliable;jumpy;period_doubling_unresolved;period_doubling_present,3.484572638088646,6.224741838934252,23.66654217921404,1.9217623509659911,6.889353850437249,4500.0,0.20750683096124267,534.1073152267682,1316.7509214943555,2517.960862951389,13,,0.5108746916075007,0.48166385313801013,0.7849131625033519,0.9111111111111111,0.7444444444444445,90,True,58.249199813313226,6.224741838934252,3.484572638088646,0.48166385313801013,0.9111111111111111,multiply_pulsed;irregular_f0,,,0,,,0,-13.635965501775397,-14.409005922372309,-11.366483137697339,7,,0,,0,,0,,0,,0,False
s01_C_creak_D002,s01,C_creak,D002,declarative,She poured the vinegar into a shallow glass dish.,She poured the vinegar into a shallow glass dish.,False,data/split/s01_C_creak_D002.wav,4.06,s01_C_creak_D002.wav,4.06,335.71838917498997,107.3709000223431,267.50780023426904,86.3454630011932,695.8298047529421,36.126506363605245,40.0,750.0,55.0,0.15,0.01875,0.35,92.88731504189224,0.0,0.07407407407407407,0.0,0.0,26.31578947368421,anchor_unreliable;jumpy;period_doubling_unresolved;period_doubling_present,2.687201054930523,5.944150802557082,20.702711068415404,1.799710516483429,6.6664291221625165,4750.0,0.20477466021174676,571.6648593174841,1621.398183367866,2591.145070610571,13,,0.5402717107579327,0.49033471420387675,0.7944498444353698,0.9487179487179487,0.8717948717948718,78,True,86.3454630011932,5.944150802557082,2.687201054930523,0.49033471420387675,0.9487179487179487,multiply_pulsed;irregular_f0,6332.568592523876,,1,4314.8434260303575,144.06946494109002,3,18.317256324027497,36.57671826797706,14.883196740567245,9,,0,,0,,0,,0,,0,False
s01_C_creak_D003,s01,C_creak,D003,declarative,Seven zebras wandered across the dusty road.,Seven zebras wandered across the dusty road.,False,data/split/s01_C_creak_D003.wav,2.92,s01_C_creak_D003.wav,2.92,234.7054570301623,94.76105682714308,218.25029651923012,69.97073021719166,570.6909244224756,36.334634009490685,40.0,750.0,37.0,0.075,0.01875,0.8,92.56268141677636,0.6271017753277983,0.1111111111111111,5.0,1.0,24.342105263157894,jumpy;heavy_repair;period_doubling_unresolved;period_doubling_present,3.2342694158753074,5.119234203891841,20.42677575719378,1.7192922514627598,6.543803104577525,4750.0,0.18093605167834323,555.3208791591568,1614.4447875071432,2591.9916072545666,13,,0.4539968497579609,0.42531806504204833,0.6655239992524359,0.8157894736842105,0.6447368421052632,76,True,69.97073021719166,5.119234203891841,3.2342694158753074,0.42531806504204833,0.8157894736842105,multiply_pulsed;irregular_f0,7117.956363877482,488.24064701697796,3,,,0,-23.330250985990734,-23.70082006574625,-16.595264167947988,9,,0,,0,,0,,0,,0,True
s01_C_creak_D004,s01,C_creak,D004,declarative,My grandmother kept her thimbles in a wooden box.,My grandmother kept her thimbles in a wooden box.,False,data/split/s01_C_creak_D004.wav,3.2,s01_C_creak_D004.wav,3.2,178.13273307322265,75.41343868181832,190.486697462857,49.56729866287046,483.0827841510714,39.41771877782318,40.0,750.0,38.0,0.15,0.01875,0.35,69.99110591048967,0.5993807410897654,0.13513513513513514,6.0,4.0,23.312883435582823,jumpy;heavy_repair;period_doubling_unresolved;period_doubling_present,2.6228370907226957,5.1065729459900036,19.255277255966487,1.807399058360496,6.899863142232377,5250.0,0.18307941032261169,538.9815805035089,1600.0429805899898,2628.866513254868,13,,0.5372621298681073,0.46112775909904824,0.9060395488565139,0.8461538461538461,0.7564102564102564,78,True,49.56729866287046,5.1065729459900036,2.6228370907226957,0.46112775909904824,0.8461538461538461,multiply_pulsed;irregular_f0,7155.757587202337,,1,,,0,,,,9,,0,,0,,0,,0,,0,True
s01_C_creak_D005,s01,C_creak,D005,declarative,The judge asked for silence in the crowded room.,The judge asked for silence in the crowded room.,False,data/split/s01_C_creak_D005.wav,3.48,s01_C_creak_D005.wav,3.48,460.6778873356295,448.23609368405215,177.47236205743707,185.80165380139488,678.6079642987444,22.425780226685255,40.0,750.0,67.0,0.075,0.01875,0.35,82.26753606017107,0.43310165242041465,0.12121212121212122,0.0,0.0,36.81318681318681,anchor_unreliable;jumpy;period_doubling_unresolved;period_doubling_present,3.31283984291576,6.75370324140232,24.689794347977827,2.0727874212785355,6.6701867997574835,5000.0,0.16824382590670883,601.2181794000176,1634.0918761365347,2600.155403624537,13,,0.5520540745131164,0.5121379803844481,0.8194973512063648,0.99,0.88,100,True,185.80165380139488,6.75370324140232,3.31283984291576,0.5121379803844481,0.99,multiply_pulsed;irregular_f0,6841.801797221033,470.28277240702744,3,,,0,12.004534076143987,22.62638615044734,19.928682254534657,9,,0,,0,,0,,0,,0,False
s01_C_creak_D006,s01,C_creak,D006,declarative,Thick fog settled over the harbor before dawn.,Thick fog settled over the harbor before dawn.,False,data/split/s01_C_creak_D006.wav,3.1,s01_C_creak_D006.wav,3.1,402.2715417704957,450.6265346459361,279.0776091094932,85.48722502687804,734.1058945726056,37.22648925068051,40.0,750.0,36.0,0.075,0.01875,0.35,102.22497716039166,0.0,0.14285714285714285,0.0,0.0,22.22222222222222,anchor_unreliable;jumpy;period_doubling_unresolved;period_doubling_present,1.9228834842801776,6.503613768736457,22.63105291508854,1.9110731820106432,7.029391457673626,5000.0,0.15833786399150285,667.2342876289508,1485.2567308343741,2649.464334291107,13,,0.48617688265120096,0.4535398960084335,0.7603028747611128,0.9090909090909091,0.8,55,True,85.48722502687804,6.503613768736457,1.9228834842801776,0.4535398960084335,0.9090909090909091,multiply_pulsed;irregular_f0,6832.805673770415,,1,,,0,-8.353083381629258,-14.68730750220919,5.193098222015193,10,,0,,0,,0,,0,,0,False
s01_C_creak_D007,s01,C_creak,D007,declarative,He measured the flour twice and still got it wrong.,He measured the flour twice and still got it wrong.,False,data/split/s01_C_creak_D007.wav,3.67,s01_C_creak_D007.wav,3.67,502.39169746474,493.1431569395429,188.08160442515728,165.15201443061764,707.350876807438,25.183577582207917,40.0,750.0,64.0,0.15,0.01875,0.35,95.30136127753161,0.0,0.1111111111111111,0.0,0.0,34.04255319148936,anchor_unreliable;jumpy;period_doubling_unresolved;period_doubling_present,2.6748049416878215,6.843318938663352,22.773589118325425,1.8702207685327152,6.668579651769569,4250.0,0.20753211216924253,516.926861791895,1369.607840843168,2434.566635198493,13,,0.5615788900341797,0.5649823939056141,0.8041827093488824,0.9203539823008849,0.8761061946902655,113,True,165.15201443061764,6.843318938663352,2.6748049416878215,0.5649823939056141,0.9203539823008849,multiply_pulsed;irregular_f0,6764.010503253328,182.43830093007344,2,2929.863988599625,,1,-1.559408854703669,1.0526515036540425,4.637887102921008,7,65.59338537702475,1,,0,,0,65.59338537702475,1,,0,False
s01_C_creak_D008,s01,C_creak,D008,declarative,Purple thistles grew along the railway embankment.,Purple thistles grew along the railway embankment.,False,data/split/s01_C_creak_D008.wav,3.36,s01_C_creak_D008.wav,3.36,279.8597620945019,150.85156626196004,226.17285432911464,50.50166110834695,574.4006167033937,42.09185461204432,40.0,750.0,72.0,0.075,0.01875,0.8,83.53125346765657,0.47413012987090164,0.14084507042253522,2.0,0.0,40.90909090909091,anchor_unreliable;jumpy;period_doubling_unresolved;period_doubling_present,4.2760088485564784,5.708779817935079,25.063688603120372,1.9069672263029116,6.57220679702679,5750.0,0.20966141525319934,549.5749634084264,1796.2206323026244,2737.850751849147,13,,0.5780800471515019,0.5875227201672392,0.8601022113979407,0.9252336448598131,0.7850467289719626,107,True,50.50166110834695,5.708779817935079,4.2760088485564784,0.5875227201672392,0.9252336448598131,multiply_pulsed;irregular_f0,5451.324804849527,,1,,,0,,,,10,,0,,0,,0,,0,,0,False
s01_C_creak_D009,s01,C_creak,D009,declarative,The choir rehearsed the same passage eleven times.,The choir rehearsed the same passage eleven times.,False,data/split/s01_C_creak_D009.wav,3.6,s01_C_creak_D009.wav,3.6,330.84290714169606,358.5184096447317,246.89144921716596,82.06483399010979,638.4869774767294,35.517853824433544,40.0,750.0,37.0,0.075,0.01875,0.35,89.34024432408873,0.8958814179881421,0.1111111111111111,2.0,0.0,19.576719576719576,octave_disagreement;jumpy;period_doubling_unresolved;period_doubling_present,2.1273587148015616,4.979466153475376,23.27265078677571,1.9600823126922842,6.273690555193723,4500.0,0.18855040929377154,629.5524614352598,1507.4748702366255,2451.7265464048332,13,,0.46390530134593455,0.42344384852808264,0.6854738686112356,0.8481012658227848,0.7215189873417721,79,True,82.06483399010979,4.979466153475376,2.1273587148015616,0.42344384852808264,0.8481012658227848,multiply_pulsed;irregular_f0,7357.138756958877,806.4059213673648,3,,,0,-13.714937731196102,-24.78801734104716,-5.429868877188693,7,,0,,0,,0,,0,,0,True
s01_C_creak_D010,s01,C_creak,D010,declarative,A single moth circled the porch light all evening.,A single moth circled the porch light all evening.,False,data/split/s01_C_creak_D010.wav,5.29,s01_C_creak_D010.wav,5.29,338.4470870815769,347.20112561543067,261.017201082098,48.37629757497708,692.1202506899947,46.06380544113647,40.0,750.0,52.0,0.075,0.01875,0.8,171.88499420486633,0.0,0.13725490196078433,4.0,0.0,18.63799283154122,anchor_unreliable;jumpy;period_doubling_unresolved;period_doubling_present,2.320496639808714,5.871364849575697,23.61104981148786,1.8558603188980665,5.875751658454121,3750.0,0.1690349858967922,575.2329902643334,1272.3791786378843,2279.194827274005,13,,0.522836976382062,0.49878748599215184,0.7950903310611468,0.9142857142857143,0.8,70,True,48.37629757497708,5.871364849575697,2.320496639808714,0.49878748599215184,0.9142857142857143,multiply_pulsed;irregular_f0,7254.785909654614,1821.7720367439285,2,,,0,7.50711967566207,24.40817190123434,12.697678215015449,8,,0,,0,,0,,0,,0,False
s01_C_creak_D011,s01,C_creak,D011,declarative,They shipped the equipment in reinforced crates.,They shipped the equipment in reinforced crate.,True,data/split/s01_C_creak_D011.wav,3.76,s01_C_creak_D011.wav,3.76,440.1728679703899,442.87016670625036,22.994822215516468,416.41348229716357,475.86188936218633,2.3103136480493616,40.0,750.0,12.0,0.075,0.01875,0.8,83.10830683525775,0.0,0.0,0.0,0.0,6.091370558375634,anchor_unreliable;low_voicing;period_doubling_unresolved;period_doubling_present,3.277532357785267,6.560464057259472,19.673136509726618,1.7228315857900491,6.643330454742624,3750.0,0.2253895651233219,461.0012204499914,1361.8160808738307,2217.0665749813165,13,,0.5561527789476544,0.5492048595310617,0.7511194100031777,1.0,0.922077922077922,77,True,416.41348229716357,6.560464057259472,3.277532357785267,0.5492048595310617,1.0,multiply_pulsed;irregular_f0,7361.844170325703,,1,5200.108553524131,,1,12.56576422694972,22.05007566490499,13.570647949082208,9,,0,,0,,0,,0,,0,False
s01_C_creak_D012,s01,C_creak,D012,declarative,The tide pulled the small boat toward the rocks.,The tide pulled the small boat towards the rocks.,True,data/split/s01_C_creak_D012.wav,3.06,s01_C_creak_D012.wav,3.06,315.87159479004316,419.9645691105266,240.75739507774637,77.92535794023418,689.3446976332826,37.740729383701954,40.0,750.0,17.0,0.15,0.01875,0.35,87.5830781109751,0.6587273743745332,0.1875,0.0,0.0,10.897435897435898,octave_disagreement;jumpy;low_voicing;period_doubling_unresolved;period_doubling_present,1.7236051945212674,6.60297413555001,22.410324785100965,1.9192914007579012,6.324304280490926,4750.0,0.16444018840805855,650.7892609032306,1423.1806550341332,2651.24507390164,13,,0.5318846714098444,0.5123048606320089,0.7413769043862003,0.9310344827586207,0.8620689655172413,58,True,77.92535794023418,6.60297413555001,1.7236051945212674,0.5123048606320089,0.9310344827586207,multiply_pulsed;irregular_f0,6553.842163902238,616.7119492803358,2,,,0,-1.2424765378216307,-1.6812341976130227,8.429616102067957,6,,0,,0,,0,,0,,0,True
s01_C_creak_D013,s01,C_creak,D013,declarative,Cinnamon and cloves filled the kitchen with warmth.,Cinnamon and cloves filled the kitchen with warmth.,False,data/split/s01_C_creak_D013.wav,3.26,s01_C_creak_D013.wav,3.26,126.13064300262477,75.1554677711646,135.30970656403926,56.31940362808044,427.90857825092223,35.10718366231437,40.0,750.0,27.0,0.15,0.01875,0.8,72.33177900322204,0.9636748373097399,0.07692307692307693,3.0,3.0,16.265060240963855,jumpy;heavy_repair;period_doubling_unresolved;period_doubling_present,3.2206933766667722,5.994950648549341,22.250872543828574,1.770137099311223,6.6641759152056155,4500.0,0.21021078178578556,535.6917036770892,1600.5204500934442,2596.375940819457,13,,0.48407299169353274,0.45016812242459586,0.7021388830999585,0.8333333333333334,0.8125,48,True,56.31940362808044,5.994950648549341,3.2206933766667722,0.45016812242459586,0.8333333333333334,multiply_pulsed;irregular_f0,6164.034353206415,,1,,,0,,,,4,,0,,0,,0,,0,,0,True
s01_C_creak_D014,s01,C_creak,D014,declarative,Nobody remembered who had locked the back door.,Nobody remembered who had locked the back doors.,True,data/split/s01_C_creak_D014.wav,3.64,s01_C_creak_D014.wav,3.64,226.38177641473075,93.03639945177328,204.11009549510047,71.44822204641635,495.86404588706074,33.53969527289012,40.0,750.0,84.0,0.075,0.01875,0.8,85.36975516312519,0.5413088459116324,0.060240963855421686,9.0,3.0,43.97905759162304,jumpy;heavy_repair;period_doubling_unresolved;period_doubling_present,5.030166613099581,4.721498870773283,22.732138280457736,1.9015519071821476,6.780501225248161,4750.0,0.15467420270728863,528.0937898694133,1629.1420500766194,2529.821804302611,13,,0.48724065108856435,0.475109487880889,0.7225910781767169,0.9099099099099099,0.7387387387387387,111,True,71.44822204641635,4.721498870773283,5.030166613099581,0.475109487880889,0.9099099099099099,multiply_pulsed;irregular_f0,,,0,,,0,2.1148056521358303,3.8463675178358763,10.773437509819697,6,,0,,0,,0,,0,,0,True
s01_C_creak_D015,s01,C_creak,D015,declarative,The librarian stamped each card with quiet precision.,The librarian stamped each card with quiet precision.,False,data/split/s01_C_creak_D015.wav,3.74,s01_C_creak_D015.wav,3.74,337.4910392130097,458.2615338239474,238.49707039764158,68.77113889779804,615.212328602438,37.934511260049455,40.0,750.0,32.0,0.15,0.01875,0.8,82.2843008560558,0.36918376268834535,0.06451612903225806,0.0,0.0,16.666666666666668,anchor_unreliable;jumpy;period_doubling_unresolved;period_doubling_present,3.099124090084686,5.353034847217457,23.83471574280955,1.897939299855977,6.71455105984984,4500.0,0.20048162107653675,555.6819514773956,1677.692272554368,2490.0016795414595,13,,0.5258785565001479,0.4632940681973605,0.8145476071211364,0.8878504672897196,0.7663551401869159,107,True,68.77113889779804,5.353034847217457,3.099124090084686,0.4632940681973605,0.8878504672897196,multiply_pulsed;irregular_f0,7545.60255318317,1.606094461998318,2,4293.328797355247,,1,6.143428615003224,12.142521751269317,9.84095313300718,10,,0,,0,,0,,0,,0,False
s01_C_creak_D016,s01,C_creak,D016,declarative,Wet leaves clogged the gutter above the window.,Wet leaves clogged the gutter above the window.,False,data/split/s01_C_creak_D016.wav,3.12,s01_C_creak_D016.wav,3.12,318.94870057038565,427.7585199433529,235.23134978847418,75.5260616914934,633.1269934066928,36.80938130009648,40.0,750.0,41.0,0.15,0.01875,0.8,90.58399761859178,0.26552823264701714,0.05,0.0,0.0,25.78616352201258,anchor_unreliable;period_doubling_unresolved;period_doubling_present,3.262486500620331,5.793520139878112,22.825725216452486,1.8076062327526163,6.552136006174503,4000.0,0.20076668473421566,480.3714144780266,1346.3111041106476,2301.2675888050976,13,,0.48047452938692514,0.4269382813027237,0.8352370411557457,0.7674418604651163,0.6976744186046512,86,True,75.5260616914934,5.793520139878112,3.262486500620331,0.4269382813027237,0.7674418604651163,multiply_pulsed;irregular_f0,,,0,,,0,10.160879508458558,26.39827916691196,10.892290890606567,9,0.3495016220185221,1,,0,,0,0.3495016220185221,1,,0,False
s01_C_creak_D017,s01,C_creak,D017,declarative,I bought a secondhand bicycle for forty dollars.,I bought a secondhand bicycle for forty dollars.,False,data/split/s01_C_creak_D017.wav,3.05,s01_C_creak_D017.wav,3.05,472.3648796079468,472.76062408115996,183.55152749713724,95.41276405687523,697.2618388792033,34.43335609322324,40.0,750.0,55.0,0.15,0.01875,0.35,83.94024696943927,0.4,0.07407407407407407,0.0,0.0,35.483870967741936,anchor_unreliable;jumpy;period_doubling_unresolved;period_doubling_present,2.8455877843406223,6.269839800682006,23.02082840110134,1.864405073274455,7.055753567131889,5000.0,0.18019822572144129,594.4679084736174,1492.087747217232,2606.0251788063406,13,,0.5305592139433927,0.505743957579152,0.8082769742330005,0.8913043478260869,0.8260869565217391,92,True,95.41276405687523,6.269839800682006,2.8455877843406223,0.505743957579152,0.8913043478260869,multiply_pulsed;irregular_f0,6673.343441657124,649.1286822900776,2,,,0,1.9522559228748193,3.904706107473745,6.509840865781661,9,,0,,0,,0,,0,,0,False
s01_C_creak_D018,s01,C_creak,D018,declarative,The mountain village looked empty in the photograph.,The mountain village looked empty in the photograph.,False,data/split/s01_C_creak_D018.wav,3.2,s01_C_creak_D018.wav,3.2,234.32894637630133,117.01344754786881,175.1253316691169,74.1382393258661,483.92265368532907,32.47784061999624,40.0,750.0,40.0,0.15,0.01875,0.35,83.90345437341031,0.5717800715259813,0.10256410256410256,14.0,5.0,24.539877300613497,octave_disagreement;jumpy;heavy_repair;period_doubling_unresolved;period_doubling_present,3.0617640867390383,5.311869919863472,27.79929436305142,2.119528365319899,6.576893151824459,4000.0,0.20042811370425137,553.2285712307678,1394.9683993013616,2364.5247835214195,13,,0.4861374389768216,0.43566146249558174,0.8056285819702198,0.8863636363636364,0.7045454545454546,88,True,74.1382393258661,5.311869919863472,3.0617640867390383,0.43566146249558174,0.8863636363636364,multiply_pulsed;irregular_f0,,,0,,,0,1.925157439423451,1.654403263144344,4.680230533861119,7,61.308464528508026,1,,0,,0,,0,61.308464528508026,1,True
s01_C_creak_D019,s01,C_creak,D019,declarative,Three sparrows fought over a crust of bread.,Three sparrows fought over a crust of bread.,False,data/split/s01_C_creak_D019.wav,2.79,s01_C_creak_D019.wav,2.79,465.7134428717908,553.6459526538247,209.36226873996083,91.18114801085159,643.1567039700476,33.82035374194821,40.0,750.0,36.0,0.15,0.01875,0.35,90.81111042096916,0.4,0.02857142857142857,0.0,0.0,25.53191489361702,anchor_unreliable;period_doubling_unresolved;period_doubling_present,2.369415172051712,6.456705838351981,23.69913657089648,1.9101374006126628,6.086201250506177,4250.0,0.16028167791886605,558.3452279125672,1287.8317595459196,2299.667712155806,13,,0.5078543782786636,0.49918319763299124,0.7528312270590848,0.8918918918918919,0.8378378378378378,37,True,91.18114801085159,6.456705838351981,2.369415172051712,0.49918319763299124,0.8918918918918919,multiply_pulsed;irregular_f0,5777.197507485261,,1,,,0,,,,4,,0,,0,,0,,0,,0,False
s01_C_creak_D020,s01,C_creak,D020,declarative,His youngest brother plays trumpet in the marching band.,His youngest brother plays trumpet in the marching band.,False,data/split/s01_C_creak_D020.wav,3.52,s01_C_creak_D020.wav,3.52,311.69933627602705,457.5598013222,225.68207001535723,83.86246862841635,602.0643550026859,34.12584602067248,40.0,750.0,42.0,0.15,0.01875,0.35,90.18758534466889,0.779518141702723,0.0975609756097561,1.0,1.0,23.333333333333332,octave_disagreement;jumpy;period_doubling_unresolved;period_doubling_present,2.3308989164496983,4.84793599424063,18.228124136609434,1.6344581633792532,6.550711322576464,4500.0,0.20906260699129017,566.2285837230515,1465.8683402602705,2469.851196140414,13,,0.4864453206492329,0.46465963268936245,0.7472380503747417,0.7926829268292683,0.6463414634146342,82,True,83.86246862841635,4.84793599424063,2.3308989164496983,0.46465963268936245,0.7926829268292683,multiply_pulsed;irregular_f0,7030.082949261669,,1,,,0,0.8708611796480632,0.2790316661861816,10.358522759778193,9,,0,,0,,0,,0,,0,True
s01_C_creak_D021,s01,C_creak,D021,declarative,"The recipe called for saffron, which we could not find.","The recipe calls for saffron, which we could not find.",True,data/split/s01_C_creak_D021.wav,3.81,s01_C_creak_D021.wav,3.81,280.95869732541735,94.15680015631467,241.2141637807743,71.07707367783708,682.8411436687142,39.169125579341674,40.0,750.0,31.0,0.15,0.01875,0.35,94.10533281427776,0.5609581350845876,0.2,0.0,0.0,15.816326530612244,jumpy;period_doubling_unresolved;period_doubling_present,2.248208161211146,5.12124944898509,18.638843556573274,1.5329860867224787,7.2418408647933195,3750.0,0.1750147085047311,604.040373325353,1345.5419151315773,2231.598404512916,13,,0.5088243479588288,0.5192345548279448,0.7455318280583867,0.896551724137931,0.7931034482758621,87,True,71.07707367783708,5.12124944898509,2.248208161211146,0.5192345548279448,0.896551724137931,multiply_pulsed;irregular_f0,6429.271341790094,538.4641843827519,2,,,0,3.2582056490519697,3.905067360326685,7.363408472343278,11,,0,,0,,0,,0,,0,False
s01_C_creak_D022,s01,C_creak,D022,declarative,Snow buried the fence posts by early January.,Snow buried the fence posts by early January.,False,data/split/s01_C_creak_D022.wav,3.53,s01_C_creak_D022.wav,3.53,215.75627121137333,88.4025709207597,215.3770075883644,65.20028080124669,515.0573209104965,35.78139499634092,40.0,750.0,57.0,0.15,0.01875,0.35,88.69319743852947,0.6839604354962228,0.08928571428571429,0.0,0.0,31.49171270718232,jumpy;period_doubling_unresolved;period_doubling_present,3.9310947984096605,5.817709971144364,22.487978321017533,1.9788475693903345,6.740640695092185,4750.0,0.19730913378243775,536.314791351462,1797.9774193351996,2504.446408321337,13,,0.5190494323244594,0.4680677658617042,0.8104796614726083,0.8990825688073395,0.7522935779816514,109,True,65.20028080124669,5.817709971144364,3.9310947984096605,0.4680677658617042,0.8990825688073395,multiply_pulsed;irregular_f0,6341.652555226509,198.929788091389,4,,,0,19.308976299205746,42.743812728393195,14.84458074417282,8,,0,,0,,0,,0,,0,False
s01_C_creak_D023,s01,C_creak,D023,declarative,She wrote the whole essay on a borrowed laptop.,She wrote the whole essay on a borrowed laptop.,False,data/split/s01_C_creak_D023.wav,3.04,s01_C_creak_D023.wav,3.04,421.3317263988221,488.2504141752043,203.8056716628478,101.65464206160547,664.6793296396958,32.50778870304504,40.0,750.0,27.0,0.15,0.01875,0.8,100.53621828428489,0.029588251468055993,0.07692307692307693,0.0,0.0,17.419354838709676,anchor_unreliable;jumpy;period_doubling_unresolved;period_doubling_present,2.854064866873311,5.2163648261327245,22.090945435806503,1.8074767163047798,7.394009994519464,4500.0,0.18068556524000687,613.6376007100889,1373.34148514329,2497.3567327253254,13,,0.5460906293717412,0.5279900974225218,0.7566358078986855,0.9622641509433962,0.9056603773584906,53,True,101.65464206160547,5.2163648261327245,2.854064866873311,0.5279900974225218,0.9622641509433962,multiply_pulsed;irregular_f0,6926.442640765867,,1,4280.806379209283,,1,18.942390319531768,43.515180238369254,18.936381210180997,7,,0,,0,,0,,0,,0,False
s01_C_creak_D024,s01,C_creak,D024,declarative,The engine coughed once and then went silent.,The engine coughed once and then went silent.,False,data/split/s01_C_creak_D024.wav,3.39,s01_C_creak_D024.wav,3.39,79.41012190179364,80.13844783558606,10.526424632108975,65.25363214976322,92.81918035063245,6.10037700529848,40.0,750.0,37.0,0.15,0.01875,0.8,79.02187690446547,0.5947806904451092,0.0,0.0,0.0,21.387283236994218,period_doubling_unresolved;period_doubling_present,2.571691499478701,4.521512225541253,17.696290039147417,1.5273272368596622,7.023067979821812,5000.0,0.1943057228194224,614.516756406561,1702.4439690407899,2689.000049698308,13,,0.4865316782829738,0.4949899262302061,0.6631231572325168,0.8584070796460177,0.7522123893805309,113,True,65.25363214976322,4.521512225541253,2.571691499478701,0.4949899262302061,0.8584070796460177,multiply_pulsed;irregular_f0,6890.873804778108,309.01467742527507,2,,,0,1.7729345346512204,0.9513622011490703,9.610394175490239,10,53.66903950853441,1,53.66903950853441,1,,0,,0,,0,False
s01_C_creak_D025,s01,C_creak,D025,declarative,Amber light spilled across the polished floorboards.,Amber light spilled across the polished floorboards.,False,data/split/s01_C_creak_D025.wav,3.26,s01_C_creak_D025.wav,3.26,411.4757785548634,472.71430030127,200.62117372809794,88.38403999222012,645.5870525826507,34.42504635196358,40.0,750.0,31.0,0.15,0.01875,0.35,79.32203496136292,0.4,0.03333333333333333,0.0,0.0,18.674698795180724,anchor_unreliable;period_doubling_unresolved;period_doubling_present,1.9791825671837207,5.541473264765189,23.28996427653186,1.8705762368083299,5.429470928293935,4000.0,0.19372105265057893,496.95757371816467,1277.4802386225153,2267.5211322923296,13,,0.5448942224488053,0.4930824524350238,0.7922186929170241,0.9863013698630136,0.8904109589041096,73,True,88.38403999222012,5.541473264765189,1.9791825671837207,0.4930824524350238,0.9863013698630136,multiply_pulsed;irregular_f0,6453.718830018983,10.670284834190767,2,4095.587195842518,,1,3.1194843027284835,11.249670003606903,11.78953635877049,8,,0,,0,,0,,0,,0,False
s01_C_creak_D026,s01,C_creak,D026,declarative,We watched the storm move east across the valley.,We watched the storm move east across the valley.,False,data/split/s01_C_creak_D026.wav,2.8,s01_C_creak_D026.wav,2.8,139.8843103922464,89.5741065931357,163.76613939780268,84.23946313341136,96.0718684805489,2.2754136552378936,40.0,750.0,34.0,0.075,0.01875,0.35,92.27406311852504,0.9032775830225638,0.09090909090909091,14.0,9.0,23.28767123287671,jumpy;heavy_repair;period_doubling_unresolved;period_doubling_present,2.6074951957654986,4.99667558197361,19.31664833152866,2.009639702649348,6.323578891215369,4500.0,0.2055720887632734,660.0352592258502,1509.3748161897147,2540.7259322615855,13,,0.4927004140497766,0.45221059183093804,0.8567636101925159,0.8648648648648649,0.7297297297297297,74,True,84.23946313341136,4.99667558197361,2.6074951957654986,0.45221059183093804,0.8648648648648649,multiply_pulsed;irregular_f0,6383.908038129852,602.7844603475112,3,,,0,,,,7,3.745821552459505,1,,0,,0,3.745821552459505,1,,0,True
s01_C_creak_D027,s01,C_creak,D027,declarative,The tailor pinned the hem with practiced fingers.,The tailor pinned the hem with practiced fingers.,False,data/split/s01_C_creak_D027.wav,3.11,s01_C_creak_D027.wav,3.11,350.8233731991319,447.3059232842869,202.44078781347338,69.68167669070102,518.5475083688914,34.74749914024144,40.0,750.0,37.0,0.15,0.01875,0.35,75.76785603248928,0.4,0.1111111111111111,6.0,0.0,23.417721518987342,anchor_unreliable;jumpy;heavy_repair;period_doubling_unresolved;period_doubling_present,1.8149000244668068,8.132346234541744,21.737429837426152,1.9202127437006065,6.391586584803193,5500.0,0.17745851913104752,635.0963328369601,1851.1966803579974,2668.4742797837403,13,,0.59597187570093,0.572128822612198,0.839040166938154,1.0,0.9411764705882353,68,True,69.68167669070102,8.132346234541744,1.8149000244668068,0.572128822612198,1.0,multiply_pulsed;irregular_f0,7628.790268824618,,1,,,0,35.08265100666994,63.39525644704821,11.628701536060845,7,,0,,0,,0,,0,,0,True
s01_C_creak_D028,s01,C_creak,D028,declarative,Salt crusted the windows of the beach house.,Salt crusted the windows of the beach house.,False,data/split/s01_C_creak_D028.wav,2.78,s01_C_creak_D028.wav,2.78,267.3101114341063,157.7842187581685,221.3067508833678,51.474806707269416,611.8768962684571,42.85563615907468,40.0,750.0,56.0,0.075,0.01875,0.35,98.91365638541404,0.6853150913269402,0.12727272727272726,6.0,3.0,38.62068965517241,octave_disagreement;jumpy;heavy_repair;period_doubling_unresolved;period_doubling_present,2.6104054333782365,5.6884657971996395,20.36202619589615,1.714835747250779,6.7058923002569335,4000.0,0.16014148982074528,519.821108085778,1301.8324228314636,2290.7538721237916,13,,0.4644323823153427,0.4519694150118997,0.5744836237983344,0.9807692307692307,0.8076923076923077,52,True,51.474806707269416,5.6884657971996395,2.6104054333782365,0.4519694150118997,0.9807692307692307,multiply_pulsed;irregular_f0,6640.576928422643,56.1303466123684,2,,,0,-0.48547847247145626,10.537583006391184,10.979927341150018,5,,0,,0,,0,,0,,0,True
s01_C_creak_D029,s01,C_creak,D029,declarative,Their apartment smelled faintly of turpentine.,Their apartment smelled faintly of turpentine.,False,data/split/s01_C_creak_D029.wav,2.78,s01_C_creak_D029.wav,2.78,262.6536703835978,245.43074560533307,184.19287639330486,90.18176790198376,522.0785323507291,30.400309671319913,40.0,750.0,28.0,0.15,0.01875,0.8,92.15066960932393,0.6874826764835504,0.1111111111111111,0.0,0.0,19.858156028368793,octave_disagreement;jumpy;period_doubling_unresolved;period_doubling_present,4.594236544765014,5.787393878159298,19.025584656524217,1.8407063183318777,6.917018526777403,4500.0,0.17718861212824458,529.9168484796103,1405.679390721345,2311.1772951420835,13,,0.5683796739060917,0.5696289185554064,0.896603776545679,0.7727272727272727,0.75,44,True,90.18176790198376,5.787393878159298,4.594236544765014,0.5696289185554064,0.7727272727272727,multiply_pulsed;irregular_f0,7093.350585577305,,1,,,0,-2.613315718426753,-3.239335387878562,-0.6343270790506867,4,,0,,0,,0,,0,,0,True
s01_C_creak_D030,s01,C_creak,D030,declarative,A heron stood motionless at the edge of the pond.,A heron stood motionless at the edge of the pond.,False,data/split/s01_C_creak_D030.wav,3.4,s01_C_creak_D030.wav,3.4,178.50820210289817,87.28632948415928,140.36049224769886,74.21977426228534,384.22166813896007,28.46476036434449,40.0,750.0,23.0,0.15,0.01875,0.8,86.98955213238165,0.7679825450444445,0.13636363636363635,2.0,2.0,13.218390804597702,jumpy;heavy_repair;low_voicing;period_doubling_unresolved;period_doubling_present,2.266288631359078,5.073944320054978,23.369429165331113,1.9362624284667787,6.408254135610537,4000.0,0.1970867203222939,533.7254187985134,1456.151733633948,2436.4959389608234,13,,0.5011775034481785,0.49326806990425415,0.7766717318343136,0.8382352941176471,0.7205882352941176,68,True,74.21977426228534,5.073944320054978,2.266288631359078,0.49326806990425415,0.8382352941176471,multiply_pulsed;irregular_f0,7349.336370764722,366.9368097880498,2,3621.5109086912084,,1,29.59496512432224,63.715448052328306,28.95471178608168,7,,0,,0,,0,,0,,0,True
s01_C_creak_D031,s01,C_creak,D031,declarative,The clock in the hallway runs about four minutes fast.,The clock in the hallway runs about four minutes fast.,False,data/split/s01_C_creak_D031.wav,3.97,s01_C_creak_D031.wav,3.97,470.6600792915353,497.45959862542037,220.93803541676428,93.92562896930055,708.8051769189502,34.98958036821667,40.0,750.0,69.0,0.15,0.01875,0.35,92.00993859704889,0.4,0.07352941176470588,0.0,0.0,33.8235294117647,anchor_unreliable;jumpy;period_doubling_unresolved;period_doubling_present,2.7875147782493035,6.375318226068637,22.39277281673158,1.8006605934053423,6.355222119714741,4750.0,0.1794864510808013,621.3296698953118,1474.0938690904386,2619.3032378133,13,,0.4932081138102061,0.46021457367864976,0.8261189944320145,0.8521739130434782,0.7565217391304347,115,True,93.92562896930055,6.375318226068637,2.7875147782493035,0.46021457367864976,0.8521739130434782,multiply_pulsed;irregular_f0,7193.070727834647,592.5927632893823,2,,,0,4.338612352703023,2.777313995147331,8.347832368660878,8,,0,,0,,0,,0,,0,False
s01_C_creak_D032,s01,C_creak,D032,declarative,He folded the newspaper and set it on the table.,He folded the newspapers and set it on the tape.,True,data/split/s01_C_creak_D032.wav,3.02,s01_C_creak_D032.wav,3.02,174.80484032480135,93.97475942581761,155.13382148394774,80.26233985044257,458.5044403639245,30.169687026488237,40.0,750.0,56.0,0.15,0.01875,0.35,89.80092802883811,0.8528453147834296,0.09090909090909091,7.0,4.0,36.36363636363637,jumpy;heavy_repair;period_doubling_unresolved;period_doubling_present,4.577486927426545,4.339561757797123,18.615458664611417,1.7221344790150337,7.8590469407143315,5250.0,0.19577861185911968,434.84423861898455,1824.166021788949,2688.8542211252025,13,,0.45903424462954495,0.42169062716320194,0.7361438269720235,0.8048780487804879,0.6707317073170732,82,True,80.26233985044257,4.339561757797123,4.577486927426545,0.42169062716320194,0.8048780487804879,multiply_pulsed;irregular_f0,7775.111161185217,737.7549413156794,2,,,0,4.293469089273439,12.116817876148696,7.623622914084588,9,27.415315989919534,2,,0,,0,27.415315989919534,2,,0,True
s01_C_creak_D033,s01,C_creak,D033,declarative,Bright green algae covered the surface of the water.,Bright green algae covered the surface of the water.,False,data/split/s01_C_creak_D033.wav,2.88,s01_C_creak_D033.wav,2.88,88.98734548801106,88.09012852559003,6.910923220281775,81.12849407067915,99.37482139627294,3.512059841028605,40.0,750.0,21.0,0.15,0.01875,0.35,88.01423336452855,0.8867412253456126,0.0,0.0,0.0,14.383561643835616,low_voicing;period_doubling_unresolved;period_doubling_present,3.5903285088918593,3.836207950160684,14.895588240870158,1.5319380042478654,6.737836317619768,5000.0,0.1923778359399936,581.0199783104941,1746.6066507930004,2657.2625103210685,13,,0.4213452615446997,0.40926792443702414,0.5596087574061468,0.7833333333333333,0.6833333333333333,60,True,81.12849407067915,3.836207950160684,3.5903285088918593,0.40926792443702414,0.7833333333333333,multiply_pulsed;irregular_f0,6638.385887032267,439.25354616559605,2,,,0,-5.170988664393491,-6.137760005098244,3.99914588423038,9,4.120412462213396,1,4.120412462213396,1,,0,,0,,0,False
s01_C_creak_D034,s01,C_creak,D034,declarative,The children traded stickers during the long bus ride.,The children traded stickers during the long bus.,True,data/split/s01_C_creak_D034.wav,3.21,s01_C_creak_D034.wav,3.21,125.41228953495573,93.22364255573683,110.47579416109318,67.04076223958295,175.53946208808543,16.664219209956297,40.0,750.0,49.0,0.075,0.01875,0.8,86.62885720806955,0.6239184222728069,0.0625,6.0,2.0,29.166666666666668,jumpy;heavy_repair;period_doubling_unresolved;period_doubling_present,3.5187356463690347,4.979734698633339,19.355714784904627,1.5084715351783782,6.729600712201829,4000.0,0.21241998300992262,479.28751627638553,1361.6291642809476,2345.035204627669,13,,0.4099242305419495,0.38083547134870016,0.7631699921762272,0.6111111111111112,0.5416666666666666,72,True,67.04076223958295,4.979734698633339,3.5187356463690347,0.38083547134870016,0.6111111111111112,multiply_pulsed;irregular_f0,6692.612173423324,312.09645912765126,2,,,0,11.664770538184166,34.301357030482635,14.368925919769238,10,15.7756997607148,1,15.7756997607148,1,,0,,0,,0,True
s01_C_creak_D035,s01,C_creak,D035,declarative,Rain hammered the tin roof for most of the night.,Rain hammered the tin roof for most of the night.,False,data/split/s01_C_creak_D035.wav,3.56,s01_C_creak_D035.wav,3.56,252.6734781678821,369.56477425597876,172.78173632573123,57.30513230216492,455.06743497628196,35.87212908551092,40.0,750.0,45.0,0.15,0.01875,0.8,88.62289964401442,0.01027539865490057,0.11363636363636363,3.0,0.0,24.725274725274726,anchor_unreliable;jumpy;period_doubling_unresolved;period_doubling_present,2.8303680537441465,5.737371312586161,21.841273314970028,1.7658150805130317,7.143774010170275,5000.0,0.17603154292075374,478.2248090275805,1747.0657626322563,2653.8796818292894,13,,0.49980882193771164,0.48861929017404016,0.6945655036879214,0.9117647058823529,0.7549019607843137,102,True,57.30513230216492,5.737371312586161,2.8303680537441465,0.48861929017404016,0.9117647058823529,multiply_pulsed;irregular_f0,7477.275512705023,,1,,,0,2.8590753945053127,7.299389954021606,5.77157210708258,7,,0,,0,,0,,0,,0,False
s01_C_creak_F001,s01,C_creak,F001,final_fall,"I don't really know what she was thinking, honestly.","I don't know what she was thinking, honest.",True,data/split/s01_C_creak_F001.wav,3.3,s01_C_creak_F001.wav,3.3,187.28283362932285,94.50201700811158,128.9612176605907,76.64606507641177,395.9643172826597,28.42904152470743,40.0,750.0,42.0,0.075,0.01875,0.8,92.1701287838882,0.770634220032459,0.14634146341463414,3.0,0.0,24.277456647398843,jumpy;period_doubling_unresolved;period_doubling_present,2.888950393006541,5.2344878498852285,20.7364997552964,1.718073061662062,6.5632484183465865,5500.0,0.2084212501162855,661.4902984904944,1981.863459027691,2739.5632960311686,13,,0.4206265040665156,0.38528143512212587,0.6751394519534613,0.7368421052631579,0.5614035087719298,57,True,76.64606507641177,5.2344878498852285,2.888950393006541,0.38528143512212587,0.7368421052631579,multiply_pulsed;irregular_f0,6574.704372712305,,1,4543.225593777548,,1,7.894340484364591,19.38689882834749,13.493237009960813,6,,0,,0,,0,,0,,0,False
s01_C_creak_F002,s01,C_creak,F002,final_fall,"We ended up walking the whole way home, anyway.","We ended up walking the whole way home, anyway.",False,data/split/s01_C_creak_F002.wav,2.86,s01_C_creak_F002.wav,2.86,89.74940757543837,94.75502614553922,24.661912443271497,43.68706948244854,105.05389151383332,15.190216395183331,40.0,750.0,34.0,0.075,0.01875,0.35,96.92740029792974,0.812231684214904,0.12121212121212122,1.0,1.0,22.818791946308725,jumpy;period_doubling_unresolved;period_doubling_present,2.5292005076300734,3.8100457219955253,16.734611556579786,1.3734373024305233,7.410277193484918,5000.0,0.21656486533997554,535.6042818071846,1620.2107556932822,2653.405196566573,13,,0.4912752450111216,0.42254639257123416,0.8174597203379081,0.8421052631578947,0.6710526315789473,76,True,43.68706948244854,3.8100457219955253,2.5292005076300734,0.42254639257123416,0.8421052631578947,multiply_pulsed;irregular_f0,,,0,,,0,-18.033772016472987,-18.247283857330835,-4.139604305795668,10,,0,,0,,0,,0,,0,False
s01_C_creak_F003,s01,C_creak,F003,final_fall,It was one of those afternoons where nothing happened at all.,It was one of those afternoons where nothing happens at all.,True,data/split/s01_C_creak_F003.wav,4.26,s01_C_creak_F003.wav,4.26,85.0061643677973,85.7965253482001,6.211425050764748,77.87423138468728,94.7128994685561,3.3889789049538526,40.0,750.0,28.0,0.15,0.01875,0.8,84.39371974363678,0.7906802014536284,0.0,0.0,0.0,12.727272727272727,low_voicing;period_doubling_unresolved;period_doubling_present,3.7929579597379077,4.477502614846486,20.887189400760214,1.8242265235377917,6.839450449105416,4750.0,0.19327414969171675,592.1452680272163,1545.8576024041938,2617.044926868894,13,,0.4161713690354639,0.4027819137123645,0.6755424364700595,0.6911764705882353,0.5882352941176471,68,True,77.87423138468728,4.477502614846486,3.7929579597379077,0.4027819137123645,0.6911764705882353,multiply_pulsed;irregular_f0,,,0,,,0,,,,9,,0,,0,,0,,0,,0,False
s01_C_creak_F004,s01,C_creak,F004,final_fall,"He said he'd call back, but he never really did.","He said he'd call back, but he never really did.",False,data/split/s01_C_creak_F004.wav,3.04,s01_C_creak_F004.wav,3.04,348.19870117570093,403.9504319887235,193.9037025734453,83.15548161920276,625.8238894435104,34.94248148323106,40.0,750.0,56.0,0.075,0.01875,0.8,92.69870664573003,0.4365679602109194,0.10909090909090909,8.0,0.0,35.22012578616352,anchor_unreliable;jumpy;heavy_repair;period_doubling_unresolved;period_doubling_present,3.9330313503804337,6.025164667047176,20.361774672637555,1.862651213981318,7.261801858681449,5500.0,0.17404522752616539,566.9194140530128,1956.6247675816085,2712.098021094673,13,,0.4690756142267136,0.4426150827015445,0.7018371246785352,0.8125,0.6875,80,True,83.15548161920276,6.025164667047176,3.9330313503804337,0.4426150827015445,0.8125,multiply_pulsed;irregular_f0,8093.24130776407,,1,,,0,1.7723835509252677,-1.2216068270348828,19.669998987898907,9,,0,,0,,0,,0,,0,True
s01_C_creak_F005,s01,C_creak,F005,final_fall,"The whole thing fell apart before anyone noticed, apparently.","The whole thing fell apart before anyone noticed, apparently.",False,data/split/s01_C_creak_F005.wav,3.33,s01_C_creak_F005.wav,3.33,213.93886545376773,96.2995285234895,202.94333280056296,83.51192379665034,546.0402038928469,32.50743687767193,40.0,750.0,59.0,0.075,0.01875,0.35,97.11627341159107,0.6688435317974493,0.06896551724137931,13.0,10.0,33.9080459770115,jumpy;heavy_repair;period_doubling_unresolved;period_doubling_present,3.674022041522096,4.4797253634196315,21.53944459216077,1.830938032701014,6.973493509812321,4500.0,0.196234808009193,494.5050938687696,1338.2586155838508,2450.0825523965204,13,,0.4546280385342116,0.41922919669770137,0.6976686982454694,0.8541666666666666,0.7291666666666666,96,True,83.51192379665034,4.4797253634196315,3.674022041522096,0.41922919669770137,0.8541666666666666,multiply_pulsed;irregular_f0,6412.447137594644,,1,,,0,-0.10349295412050452,-2.037338735378036,-3.6849874464536114,11,,0,,0,,0,,0,,0,True
s01_C_creak_F006,s01,C_creak,F006,final_fall,I guess that's just how it goes sometimes.,I guess that's just how it goes sometimes.,False,data/split/s01_C_creak_F006.wav,2.96,s01_C_creak_F006.wav,2.96,480.67250992914575,497.78980387457733,37.18216503007939,427.6084682399047,515.7799894613651,3.2455845407407233,40.0,750.0,14.0,0.075,0.01875,0.8,81.89175430063061,0.4,0.0,0.0,0.0,9.090909090909092,anchor_unreliable;low_voicing;period_doubling_unresolved;period_doubling_present,1.119734251404426,6.963922394905778,28.005489730503392,2.0266758079468556,6.196310203717663,4000.0,0.15539294394819803,542.5639853086486,1529.3416729259293,2372.4089304237195,13,,0.5791461790889982,0.5474458411870248,0.7587492394670933,1.0,0.9375,32,True,427.6084682399047,6.963922394905778,1.119734251404426,0.5474458411870248,1.0,multiply_pulsed;irregular_f0,7276.947882576871,900.2170732962289,4,,,0,,,,8,,0,,0,,0,,0,,0,False
s01_C_creak_F007,s01,C_creak,F007,final_fall,She left the party early and nobody said anything.,She left the party early and nobody said anything.,False,data/split/s01_C_creak_F007.wav,3.68,s01_C_creak_F007.wav,3.68,303.4680635558467,338.27223069031015,235.28237645950733,51.62564468385613,611.4392160364686,42.792591456576886,40.0,750.0,42.0,0.075,0.01875,0.8,89.28145305868394,0.44586394796072004,0.0975609756097561,0.0,0.0,21.761658031088082,anchor_unreliable;jumpy;period_doubling_unresolved;period_doubling_present,2.948002897588581,6.282438033921458,19.72180399163486,1.7018886196067786,7.669301163669332,5250.0,0.20066367027866297,508.8775976676426,1821.3514886409434,2646.8291139976836,13,,0.513090416398014,0.494039321793735,0.7531978419870696,0.9431818181818182,0.8522727272727273,88,True,51.62564468385613,6.282438033921458,2.948002897588581,0.494039321793735,0.9431818181818182,multiply_pulsed;irregular_f0,8105.497398068023,,1,5093.106407908846,,1,11.882646516942803,28.84012908767453,4.878773641675338,10,,0,,0,,0,,0,,0,False
s01_C_creak_F008,s01,C_creak,F008,final_fall,"It's not that I mind, it's just kind of strange.","It's not that I mind, it's just kind of strange.",False,data/split/s01_C_creak_F008.wav,3.0,s01_C_creak_F008.wav,3.0,253.34188192937384,370.9333387456439,171.66317679631658,75.9699828713608,468.13199402893383,31.480967603285293,40.0,750.0,25.0,0.15,0.01875,0.35,80.1673083577901,0.0,0.16666666666666666,0.0,0.0,16.33986928104575,anchor_unreliable;jumpy;period_doubling_unresolved;period_doubling_present,1.636792508810139,4.798044276615581,20.450264458897085,1.9444466517145012,6.510395050008062,4000.0,0.1992491901880895,543.7525560235168,1511.5709650942965,2367.3961184610416,13,,0.4970183707598613,0.4755572377699819,0.7158159583150365,0.9298245614035088,0.8947368421052632,57,True,75.9699828713608,4.798044276615581,1.636792508810139,0.4755572377699819,0.9298245614035088,multiply_pulsed;irregular_f0,7546.87503172554,770.54072605121,4,,,0,-10.850874885746352,-25.148213542762008,-7.071683957378861,8,41.92422630754233,2,,0,,0,41.92422630754233,2,,0,False
s01_C_creak_F009,s01,C_creak,F009,final_fall,They moved out to Oregon a couple of years ago.,They moved out to Oregon a couple of years ago.,False,data/split/s01_C_creak_F009.wav,3.12,s01_C_creak_F009.wav,3.12,259.51069729194876,95.89870547986891,232.09732577846384,66.36703221009196,645.5391353221142,39.383590726693775,40.0,750.0,63.0,0.075,0.01875,0.35,87.06311697247452,0.6199832783132331,0.0967741935483871,13.0,7.0,38.65030674846626,jumpy;heavy_repair;period_doubling_unresolved;period_doubling_present,4.05297363446408,5.302232281748463,21.812119938820867,1.917648119811293,7.147529983829067,4250.0,0.1889151692929283,505.0511818876629,1369.7743619654766,2245.031777418825,13,,0.4306765639579169,0.36687351610978036,0.7721293941502301,0.7350427350427351,0.5470085470085471,117,True,66.36703221009196,5.302232281748463,4.05297363446408,0.36687351610978036,0.7350427350427351,multiply_pulsed;irregular_f0,,,0,,,0,3.862531376123969,12.29029919223688,16.899909875490827,11,,0,,0,,0,,0,,0,True
s01_C_creak_F010,s01,C_creak,F010,final_fall,"Nothing about that story adds up, if you think about it.","Nothing about that story adds up, if you think about it.",False,data/split/s01_C_creak_F010.wav,3.16,s01_C_creak_F010.wav,3.16,555.0381778927718,484.0605857544127,107.70693283706322,447.5963152234601,710.284544508417,7.99438720389505,40.0,750.0,24.0,0.075,0.01875,0.8,97.04095486299855,0.4,0.08695652173913043,1.0,0.0,14.545454545454545,anchor_unreliable;jumpy;low_voicing;period_doubling_unresolved;period_doubling_present,2.420766496395344,6.844578940869099,21.29321844311908,1.8706726555830175,6.291042386029882,4000.0,0.15714170458093576,535.3577001600133,1463.5162714110752,2344.2834822399172,13,,0.5560231070982292,0.5336129327172805,0.7641455052828344,0.9746835443037974,0.8860759493670886,79,True,447.5963152234601,6.844578940869099,2.420766496395344,0.5336129327172805,0.9746835443037974,multiply_pulsed;irregular_f0,6211.8160610656705,,1,,,0,0.4236936449302622,13.489239110792038,4.4049968784885,10,67.71726693713931,1,,0,,0,67.71726693713931,1,,0,False
s01_C_creak_F011,s01,C_creak,F011,final_fall,I'd been meaning to write back for a while now.,I've been meaning to write back for a while now,True,data/split/s01_C_creak_F011.wav,2.13,s01_C_creak_F011.wav,2.13,194.4568569284943,96.98827350405314,190.9661896979111,75.1435090589879,399.16598788118876,28.9112208363942,40.0,750.0,45.0,0.15,0.01875,0.8,93.78872484091404,0.7504199117595511,0.09090909090909091,6.0,1.0,42.45283018867924,jumpy;heavy_repair;period_doubling_unresolved;period_doubling_present,4.548829197287407,4.600851474889827,19.26505023530744,1.6400276028475917,8.339448562916475,5500.0,0.12606842950894523,566.5987718217,1517.070081808397,2600.274096128836,13,,0.4686016887038371,0.48655969385306147,0.7588725640975437,0.7647058823529411,0.7058823529411765,119,True,75.1435090589879,4.600851474889827,4.548829197287407,0.48655969385306147,0.7647058823529411,multiply_pulsed;irregular_f0,,,0,,,0,-8.465550044981088,-17.159086401787317,-1.168405853515934,8,,0,,0,,0,,0,,0,True
s01_C_creak_F012,s01,C_creak,F012,final_fall,We sat there in the car for maybe twenty minutes.,We sat in the car for maybe 20 minutes.,True,data/split/s01_C_creak_F012.wav,2.52,s01_C_creak_F012.wav,2.52,85.62201341843301,85.55718229331418,8.767594479086931,74.61699621020473,97.50697326646679,4.632013364015103,40.0,750.0,27.0,0.075,0.01875,0.8,86.22979480599807,0.9399492997931721,0.0,0.0,0.0,20.610687022900763,period_doubling_unresolved;period_doubling_present,3.090336532283161,5.351209553691612,17.901813770561844,1.767882094595179,6.663581003439616,3750.0,0.18169374233183958,550.4738879792187,1315.871249468733,2248.367474350809,13,,0.472192197214688,0.4579683666272553,0.7050393204462849,0.9555555555555556,0.7333333333333333,45,True,74.61699621020473,5.351209553691612,3.090336532283161,0.4579683666272553,0.9555555555555556,multiply_pulsed;irregular_f0,4969.115674947698,2647.5536675495123,2,,,0,,,,6,,0,,0,,0,,0,,0,False
s01_C_creak_F013,s01,C_creak,F013,final_fall,He's been doing that same job for eleven years.,He's been doing that same job for eleven years.,False,data/split/s01_C_creak_F013.wav,3.6,s01_C_creak_F013.wav,3.6,291.68577994893224,93.21682899069462,238.63233133030892,64.10723668462872,639.8859449097209,39.83106779460143,40.0,750.0,65.0,0.075,0.01875,0.35,87.79610481783169,0.5259957386501214,0.171875,12.0,6.0,34.39153439153439,jumpy;heavy_repair;period_doubling_unresolved;period_doubling_present,4.167879670730141,6.101847276992922,20.80989832721151,1.7114806814730104,6.764356958154557,5250.0,0.1442798757537697,499.0617052392525,1850.0686082889943,2626.357424882908,13,,0.5425125843396645,0.5133110323260837,0.8438231015855935,0.9117647058823529,0.8529411764705882,102,True,64.10723668462872,6.101847276992922,4.167879670730141,0.5133110323260837,0.9117647058823529,multiply_pulsed;irregular_f0,7152.599537313188,,1,,,0,4.177636211260663,5.736844840921701,8.06495795861857,9,,0,,0,,0,,0,,0,True
s01_C_creak_F014,s01,C_creak,F014,final_fall,It rained the entire week we were on the island.,It rained the entire week we were on the island.,False,data/split/s01_C_creak_F014.wav,3.25,s01_C_creak_F014.wav,3.25,87.12663104420791,92.99160871095488,13.69033562852246,67.1649142043801,98.0589018234438,6.551289768496435,40.0,750.0,50.0,0.075,0.01875,0.8,90.99479109489545,0.9133417635622137,0.04081632653061224,0.0,0.0,29.41176470588235,period_doubling_unresolved;period_doubling_present,3.919425817305146,3.823901716516648,21.080731431888264,1.661880487807038,7.606197192655447,5500.0,0.1728086931391866,642.5645040257017,2014.77310402076,2683.6767468828766,13,,0.39464822057787147,0.3670784409850131,0.667995518911145,0.6911764705882353,0.5588235294117647,136,True,67.1649142043801,3.823901716516648,3.919425817305146,0.3670784409850131,0.6911764705882353,multiply_pulsed;irregular_f0,,,0,,,0,0.5262907194921329,3.089258138788546,7.644108790223456,9,,0,,0,,0,,0,,0,False
s01_C_creak_F015,s01,C_creak,F015,final_fall,"I never learned how to swim, which is embarrassing.","I never learned how to swim, which is embarrassing.",False,data/split/s01_C_creak_F015.wav,3.08,s01_C_creak_F015.wav,3.08,207.83823754091557,93.44715097845791,203.78482823813206,86.73441114154532,589.1705771034749,33.168107946318,40.0,750.0,35.0,0.075,0.01875,0.8,92.79279479647599,0.8424741192785841,0.058823529411764705,5.0,5.0,21.73913043478261,jumpy;heavy_repair;period_doubling_unresolved;period_doubling_present,2.3395109198720148,4.239213132846533,19.829583019178305,1.7149422626585435,6.583453794162398,5250.0,0.1870527472724689,576.9268536581028,1690.014135309732,2618.7993969100276,13,,0.4750238413128258,0.4458719726921929,0.7062223377950204,0.8064516129032258,0.6559139784946236,93,True,86.73441114154532,4.239213132846533,2.3395109198720148,0.4458719726921929,0.8064516129032258,multiply_pulsed;irregular_f0,6889.27300685634,358.58849606650546,2,,,0,6.066712784943998,12.943220434479988,4.068793555554033,10,,0,,0,,0,,0,,0,True
s01_C_creak_F016,s01,C_creak,F016,final_fall,That's pretty much all anyone talked about afterward.,That's pretty much all anyone talked about afterward.,False,data/split/s01_C_creak_F016.wav,3.38,s01_C_creak_F016.wav,3.38,330.17851750089613,92.10412580287337,291.91013510460795,44.76582009026768,704.1558227352701,47.70510236632287,40.0,750.0,48.0,0.15,0.01875,0.8,93.81812937716958,0.0,0.0851063829787234,0.0,0.0,27.745664739884393,anchor_unreliable;jumpy;period_doubling_unresolved;period_doubling_present,2.7006662255728817,5.607905286037728,22.52031298936464,1.8626275590637453,7.004499593839428,5000.0,0.18713549664886553,609.7218413291879,1543.4588987405807,2651.455282644341,13,,0.5341299872229841,0.4957983350064296,0.7743085029833144,0.9090909090909091,0.8181818181818182,77,True,44.76582009026768,5.607905286037728,2.7006662255728817,0.4957983350064296,0.9090909090909091,multiply_pulsed;irregular_f0,7353.362818524584,,1,,,0,-16.356930636246595,-38.26946176852665,1.4851244157468102,9,122.34830296124777,1,,0,,0,122.34830296124777,1,,0,False
s01_C_creak_F017,s01,C_creak,F017,final_fall,She kept apologizing even though it wasn't her fault.,She kept apologizing even though it wasn't her fault.,False,data/split/s01_C_creak_F017.wav,3.44,s01_C_creak_F017.wav,3.44,245.25656401369568,93.2955986873209,210.67621481713994,60.28201683546171,640.9533737466833,40.925037851510275,40.0,750.0,50.0,0.15,0.01875,0.8,93.41813925410106,0.7354114452095463,0.08163265306122448,3.0,0.0,28.40909090909091,jumpy;period_doubling_unresolved;period_doubling_present,3.6048429679135108,4.488213530388483,21.411299570014258,1.7319740744031809,7.337097469236182,5000.0,0.16952758482228333,578.4737041856374,1723.513278379439,2684.3343167292046,13,,0.5028152725723911,0.495600158775215,0.7961707793530368,0.8918918918918919,0.7567567567567568,37,True,60.28201683546171,4.488213530388483,3.6048429679135108,0.495600158775215,0.8918918918918919,multiply_pulsed;irregular_f0,,,0,3958.5156955541297,,1,30.730426847320018,67.02406074818333,27.33304693333176,5,,0,,0,,0,,0,,0,False
s01_C_creak_F018,s01,C_creak,F018,final_fall,"The apartment was smaller than we expected, obviously.","The apartment was smaller than we expected, obviously.",False,data/split/s01_C_creak_F018.wav,3.34,s01_C_creak_F018.wav,3.34,243.43395820407778,101.229489515357,224.72507289139165,86.29687070010776,650.7453214921194,34.9765546086709,40.0,750.0,40.0,0.075,0.01875,0.8,94.34381819937717,0.6349985472802944,0.10256410256410256,8.0,0.0,22.857142857142858,jumpy;heavy_repair;period_doubling_unresolved;period_doubling_present,2.486942935779494,5.466249365228584,21.640813584481556,1.7976120346068527,6.487008603595132,4750.0,0.18894795273857315,504.0045620996216,1578.8995408041642,2591.347636325436,13,,0.47712255793179137,0.4600889118775661,0.7963886374835802,0.7910447761194029,0.6567164179104478,67,True,86.29687070010776,5.466249365228584,2.486942935779494,0.4600889118775661,0.7910447761194029,multiply_pulsed;irregular_f0,7337.595719567319,592.6237095403484,3,,,0,-5.93555444883811,-6.452009067753371,2.067362677149257,11,42.341140090046196,1,,0,,0,42.341140090046196,1,,0,True
s01_C_creak_F019,s01,C_creak,F019,final_fall,I think I left my keys somewhere in the stairwell.,I think I left my keys somewhere in the stairwell.,False,data/split/s01_C_creak_F019.wav,3.52,s01_C_creak_F019.wav,3.52,381.2384620652178,476.25643092649574,256.6820183284553,45.283771079255544,676.3702922723271,46.808967403578244,40.0,750.0,29.0,0.075,0.01875,0.8,95.85848769418729,0.0,0.07142857142857142,0.0,0.0,15.76086956521739,anchor_unreliable;jumpy;period_doubling_unresolved;period_doubling_present,2.3598291007678935,6.610533885606605,23.426061434523863,1.8939091937429668,6.634717099147238,4750.0,0.1790816815874455,596.0278128000589,1702.134163007756,2671.7949475535042,13,,0.5156687363583508,0.43414495544214887,0.7234165584036751,0.8441558441558441,0.6883116883116883,77,True,45.283771079255544,6.610533885606605,2.3598291007678935,0.43414495544214887,0.8441558441558441,multiply_pulsed;irregular_f0,6883.36249906123,528.2414686122592,2,,,0,-3.9588517317569796,-7.724781347479826,4.740626169247303,11,48.64072464824787,1,48.64072464824787,1,,0,,0,,0,False
s01_C_creak_F020,s01,C_creak,F020,final_fall,"It turned out fine, more or less, in the end.","It turned out fine, more or less, in the end.",False,data/split/s01_C_creak_F020.wav,3.73,s01_C_creak_F020.wav,3.73,237.099574702,90.83756725341986,254.94095669026268,53.36000362420951,674.74256949882,43.926078176331245,40.0,750.0,26.0,0.15,0.01875,0.8,78.26585290704202,0.3977798018643637,0.16,0.0,0.0,13.612565445026178,anchor_unreliable;jumpy;low_voicing;period_doubling_unresolved;period_doubling_present,2.8656578619098494,5.687016960905619,23.951455175072997,1.9096079660693743,7.126382779595289,4750.0,0.20989751856266536,617.6636688908163,1786.0120209356942,2582.172605719619,13,,0.5395270592711822,0.5199580907749947,0.7368803314680412,0.9905660377358491,0.8962264150943396,106,True,53.36000362420951,5.687016960905619,2.8656578619098494,0.5199580907749947,0.9905660377358491,multiply_pulsed;irregular_f0,8118.667860252263,,1,,,0,-0.44702178561306266,-3.602364851250234,3.307803278622264,8,,0,,0,,0,,0,,0,False
s01_C_creak_F021,s01,C_creak,F021,final_fall,Nobody warned us about the traffic on the way in.,Nobody warned us about the traffic on the way in.,False,data/split/s01_C_creak_F021.wav,3.33,s01_C_creak_F021.wav,3.33,74.86694911480134,75.92498091447763,6.323327259317641,67.88807099996583,83.09324746997508,3.4988777918428395,40.0,750.0,25.0,0.075,0.01875,0.8,76.41149413063198,0.8189085112943065,0.041666666666666664,2.0,1.0,14.367816091954023,low_voicing;period_doubling_unresolved;period_doubling_present,1.7175264312878284,4.548763425582861,19.761915256732806,1.6800449631506105,6.498515689499791,4250.0,0.1984192960100084,534.291111846223,1453.9967074952774,2506.403882791114,13,,0.5161264527811114,0.5191080952676959,0.7385402931107519,0.8831168831168831,0.7662337662337663,77,True,67.88807099996583,4.548763425582861,1.7175264312878284,0.5191080952676959,0.8831168831168831,multiply_pulsed;irregular_f0,7468.9622295086965,,1,,,0,10.830123949917585,10.582995990405681,7.3356105132818215,8,63.775372388075624,1,63.775372388075624,1,,0,,0,,0,False
s01_C_creak_F022,s01,C_creak,F022,final_fall,He mentioned it once and then never brought it up again.,He mentioned it once and then never brought it up again.,False,data/split/s01_C_creak_F022.wav,3.63,s01_C_creak_F022.wav,3.63,314.0580598242,86.2597010541016,267.01602375612043,65.78211184375803,665.8963931751233,40.07436595278843,40.0,750.0,59.0,0.075,0.01875,0.35,80.82957247992064,0.6666912160230178,0.08620689655172414,8.0,5.0,31.05263157894737,jumpy;heavy_repair;period_doubling_unresolved;period_doubling_present,2.8718708307566296,6.748900558978456,20.79910328815665,1.7474216751561797,6.106264926855756,4000.0,0.18892452847864272,519.4412062573338,1546.5870280196878,2346.8062583637457,13,,0.45925063351227124,0.3970814223504428,0.7904809353443993,0.8064516129032258,0.6236559139784946,93,True,65.78211184375803,6.748900558978456,2.8718708307566296,0.3970814223504428,0.8064516129032258,multiply_pulsed;irregular_f0,6701.121373005219,,1,4794.740823857153,,1,15.40226982691986,26.79704324828665,26.72792776088745,10,,0,,0,,0,,0,,0,True
s01_C_creak_F023,s01,C_creak,F023,final_fall,We were both too tired to argue about it anymore.,We were both too tired to argue about it anymore.,False,data/split/s01_C_creak_F023.wav,3.52,s01_C_creak_F023.wav,3.52,306.1141344733955,82.85057318501296,269.9833177565955,45.574126762905564,646.8927530358005,45.926875587382156,40.0,750.0,37.0,0.075,0.01875,0.8,158.58894404111328,0.0,0.05555555555555555,0.0,0.0,20.108695652173914,anchor_unreliable;jumpy;period_doubling_unresolved;period_doubling_present,2.9376006281203684,5.8409219874798834,16.77642604350325,1.6283774937841113,6.758623114948992,5250.0,0.20072131471132662,570.7202028157266,1664.2160786326297,2574.6187752500928,13,,0.514539331139669,0.5143070523779838,0.7141661326909465,0.9574468085106383,0.8404255319148937,94,True,45.574126762905564,5.8409219874798834,2.9376006281203684,0.5143070523779838,0.9574468085106383,multiply_pulsed;irregular_f0,,,0,,,0,12.44997304236422,29.236663459354457,19.001174025502344,11,,0,,0,,0,,0,,0,False
s01_C_creak_F024,s01,C_creak,F024,final_fall,I've been putting that conversation off for months.,I've been putting that conversation off for months.,False,data/split/s01_C_creak_F024.wav,2.9,s01_C_creak_F024.wav,2.9,344.8942104971451,389.2030301710476,215.12503069028455,75.91745473758102,643.3097740908906,36.996120946698426,40.0,750.0,23.0,0.15,0.01875,0.8,86.03547671597087,0.36148844636612687,0.13636363636363635,0.0,0.0,15.646258503401361,anchor_unreliable;jumpy;period_doubling_unresolved;period_doubling_present,2.241995184831667,5.253555769799003,27.335646592254363,2.1905982122935894,6.959426003499868,3750.0,0.17209286158133352,609.813776331708,1330.2074269061454,2243.9480570841265,13,,0.5209068411337959,0.4904158661555849,0.7489774792745294,0.8953488372093024,0.7906976744186046,86,True,75.91745473758102,5.253555769799003,2.241995184831667,0.4904158661555849,0.8953488372093024,multiply_pulsed;irregular_f0,7708.8176888832095,1375.9102995046064,2,3798.902305615606,,1,11.424927712103544,28.740020401059173,14.509642697691826,12,61.19560151423875,1,61.19560151423875,1,,0,,0,,0,False
s01_C_creak_F025,s01,C_creak,F025,final_fall,It felt like the longest week of the entire summer.,It felt like the longest week of the entire summer.,False,data/split/s01_C_creak_F025.wav,2.96,s01_C_creak_F025.wav,2.96,330.64327916118106,434.5579690941343,221.7346037644408,89.27160924734281,615.0980612439694,33.41451708900449,40.0,750.0,30.0,0.075,0.01875,0.8,89.01032442715305,0.5909567665309559,0.13793103448275862,8.0,4.0,19.48051948051948,octave_disagreement;jumpy;heavy_repair;period_doubling_unresolved;period_doubling_present,3.0647006777424695,5.944684179853107,23.32072689068334,1.9039657055127486,6.4392039385629944,4250.0,0.19843294770271022,472.55386068737414,1464.410141839962,2364.6786847669327,13,,0.5262833123585111,0.5063851111278439,0.7810581194991145,0.9333333333333333,0.8380952380952381,105,True,89.27160924734281,5.944684179853107,3.0647006777424695,0.5063851111278439,0.9333333333333333,multiply_pulsed;irregular_f0,6003.451543790208,918.5647745893451,2,,,0,-18.087716273742885,-18.319227438434446,-15.200510708782653,13,53.26392256818724,1,53.26392256818724,1,,0,,0,,0,True
s02_A_modal_C001,s02,A_modal,C001,command,Set a timer for twelve minutes.,Set a timer for twelve minutes.,False,data/split/s02_A_modal_C001.wav,2.08,s02_A_modal_C001.wav,2.08,141.70476919210844,137.64093093192017,25.546094036463924,112.57228130541014,186.5871547368284,8.74797640498701,69.79760766369581,243.64813182724095,81.0,0.08596283169058831,0.010745353961323539,0.35,133.78567322482058,0.8763583794374911,0.0,0.0,0.0,43.54838709677419,,7.052985758589705,2.578171926957603,12.617675978265677,1.1896738672013067,8.239957369367936,4000.0,0.19370809606844452,526.8568101054725,1404.1741368161433,2298.16037049672,13,,0.2971603462882946,0.20291097102063374,0.6939398055776552,0.40350877192982454,0.2982456140350877,57,True,112.57228130541014,2.578171926957603,7.052985758589705,0.20291097102063374,0.40350877192982454,,6953.688951246111,132.28806595239976,2,,,0,-3.455769229840963,-5.587884927526938,11.90676820132147,8,,0,,0,,0,,0,,0,False
s02_A_modal_C002,s02,A_modal,C002,command,Text Marcus that I'm running late.,Text Marcus that I'm running late.,False,data/split/s02_A_modal_C002.wav,2.24,s02_A_modal_C002.wav,2.24,137.4687428190578,126.89936630500986,25.98773831318393,115.4640153094845,183.62426009353283,8.031760510290491,65.89858813802559,336.4190474482342,94.0,0.09104899163291495,0.011381123954114369,0.35,127.17013541964806,0.8630355203142204,0.0,0.0,0.0,49.735449735449734,,9.509330966395348,1.6677098934149321,12.845163402643772,1.0938275015919356,9.303607505206976,4500.0,0.21305751495071135,549.475339300826,1449.2726307551352,2495.2958924264367,13,,0.2259283010130254,0.14840194505487986,0.5507940208924851,0.22916666666666666,0.17708333333333334,96,True,115.4640153094845,1.6677098934149321,9.509330966395348,0.14840194505487986,0.22916666666666666,,6930.841855517538,1133.4878820275712,2,,,0,-5.762210170161613,-7.58330506047125,8.996714754920152,7,10.9096479414732,1,,0,,0,10.9096479414732,1,,0,False
s02_A_modal_C003,s02,A_modal,C003,command,What's the weather in Newton tomorrow?,What's the weather in Newton tomorrow?,False,data/split/s02_A_modal_C003.wav,1.9,s02_A_modal_C003.wav,1.9,157.6490761652387,154.9234100758928,38.5180489358473,106.52881434757782,210.91628222845185,11.825121152919337,74.93866519823268,284.1263212002817,108.0,0.08006547733574391,0.01000818466696799,0.35,155.09589080023997,0.755029179849639,0.009345794392523364,0.0,0.0,59.34065934065934,period_doubling_present,9.11167259048137,2.612612079245335,15.616483490479622,1.3939084512002664,9.056563298464429,3750.0,0.17932972986026988,474.8626086969532,1313.75761049028,2337.178638115627,13,,0.3587990510153618,0.32083927228418324,0.726138600045657,0.5529411764705883,0.4588235294117647,85,True,106.52881434757782,2.612612079245335,9.11167259048137,0.32083927228418324,0.5529411764705883,multiply_pulsed,7426.091679108948,,1,,,0,-5.37337944702559,-8.375935884548264,9.417472612242332,8,,0,,0,,0,,0,,0,False
s02_A_modal_C004,s02,A_modal,C004,command,Play the new Noah Kahan album.,Play the new Noah Kahn album.,True,data/split/s02_A_modal_C004.wav,2.1,s02_A_modal_C004.wav,2.1,172.1800362285133,167.85384389201042,45.34126967335374,106.10432900419265,225.80085943926156,13.074809503003559,82.56413908728472,288.70436705272573,130.0,0.07267077530666131,0.009083846913332664,0.35,166.87081162319544,0.8536900269038498,0.007751937984496124,4.0,2.0,58.035714285714285,,11.946909380619374,2.222250140578369,12.611535536416643,1.1215220792289098,10.431595614342243,6500.0,0.17448341759799602,720.7326364731042,2486.6790091024436,3329.955167089971,13,ceiling_at_search_edge,0.2790982589572015,0.1956637244294128,0.6303958946821941,0.4024390243902439,0.34146341463414637,82,True,106.10432900419265,2.222250140578369,11.946909380619374,0.1956637244294128,0.4024390243902439,,,,0,,,0,-6.35962361875185,-9.306188371859584,15.307042642445271,5,,0,,0,,0,,0,,0,False
s02_A_modal_C005,s02,A_modal,C005,command,Remind me to email my advisor on Monday.,Remind me to email my advisor on Monday.,False,data/split/s02_A_modal_C005.wav,2.26,s02_A_modal_C005.wav,2.26,138.76801678781544,129.9681451699365,41.0954263176007,100.27895594635004,194.0788348087256,11.431486960010622,80.7698241243958,317.758937474713,155.0,0.07428516856442868,0.009285646070553585,0.35,130.04816807486165,0.9660114820202994,0.012987012987012988,5.0,3.0,65.67796610169492,,10.82854851910763,2.166664708701635,13.03276873277268,1.1863105190156522,10.431088893788099,5750.0,0.21994611401867395,494.2413684430193,1970.4722606755518,2646.5659843414196,13,,0.27503836784876873,0.18906493037178315,0.6026989406333577,0.30597014925373134,0.2537313432835821,134,True,100.27895594635004,2.166664708701635,10.82854851910763,0.18906493037178315,0.30597014925373134,,,,0,,,0,-4.474259097951198,-5.378178961581248,3.029949626989293,9,,0,,0,,0,,0,,0,False
s02_A_modal_C006,s02,A_modal,C006,command,How long is the flight to Tokyo?,How long is the flight to Tokyo?,False,data/split/s02_A_modal_C006.wav,1.96,s02_A_modal_C006.wav,1.96,178.4652694050178,169.16075162808525,46.676392635784055,129.73497567209102,285.85788311328616,13.676767238646672,112.14982546788212,408.563805747979,155.0,0.02674993017139515,0.006687482542848787,0.35,171.80694628247946,0.634527636893611,0.006493506493506494,8.0,4.0,53.44827586206897,,10.99989552522325,2.2195241028149493,13.777369658318683,1.2627282943553704,10.34546465848743,4500.0,0.19165226632287582,527.4523202654295,1391.1254086928695,2534.041710313473,13,,0.23039340676731845,0.16802810063661655,0.5455179554106578,0.2692307692307692,0.20512820512820512,78,True,129.73497567209102,2.2195241028149493,10.99989552522325,0.16802810063661655,0.2692307692307692,,,,0,,,0,-7.5966266925716885,-14.65438680910259,8.397767991051166,7,37.02859124418789,1,,0,,0,37.02859124418789,1,,0,False
s02_A_modal_C007,s02,A_modal,C007,command,Add oat milk to my grocery list.,Add oat milk to my grocery list.,False,data/split/s02_A_modal_C007.wav,1.87,s02_A_modal_C007.wav,1.87,125.97838554926757,126.29728203662765,22.72071873746911,101.77799613700279,142.537396156742,5.83097739314269,87.48643384066143,194.9566584890821,102.0,0.06858206165915698,0.008572757707394622,0.35,125.1510048045628,0.8174423650062256,0.0,11.0,6.0,48.34123222748815,heavy_repair,7.725663064467378,2.851557639391519,13.500107112709433,1.2769832076768315,8.345068628643007,4000.0,0.18042669825541024,523.9229254984733,1393.480030178206,2336.7225249301005,13,,0.2874160529635914,0.22893194603174066,0.6019131385541234,0.423728813559322,0.3559322033898305,59,True,101.77799613700279,2.851557639391519,7.725663064467378,0.22893194603174066,0.423728813559322,,6085.887641250891,203.2246838823173,2,,,0,-7.373577629408288,-8.541306074179687,2.0421446670470864,4,40.60056024990699,1,40.60056024990699,1,,0,,0,,0,True
s02_A_modal_C008,s02,A_modal,C008,command,Call the gelato shop on Orchard Street.,Call the gelato shop on Orchard Street.,False,data/split/s02_A_modal_C008.wav,2.64,s02_A_modal_C008.wav,2.64,144.0494184892079,146.76684801226978,31.253270007197976,98.83408954715595,179.83101357805504,10.362734474575074,71.59423719298641,246.30402634049022,141.0,0.0838056278723475,0.010475703484043437,0.35,145.4154123371994,0.7393059872391874,0.007142857142857143,6.0,3.0,57.55102040816327,,8.609059149222093,2.7398327329976575,13.171288033966643,1.2160187586305102,9.441373811535309,3750.0,0.24995614516222806,467.62981434748474,1342.4129255554062,2399.40535233774,13,,0.2856051645921627,0.22426489381079023,0.6412115087944416,0.41237113402061853,0.28865979381443296,97,True,98.83408954715595,2.7398327329976575,8.609059149222093,0.22426489381079023,0.41237113402061853,,6011.330270411317,,1,3716.615268496784,,1,-8.186974327188706,-10.793114149691377,7.151539250200794,8,,0,,0,,0,,0,,0,False
s02_A_modal_C009,s02,A_modal,C009,command,Turn off the bedroom lights.,Turn off the bedroom lights.,False,data/split/s02_A_modal_C009.wav,1.33,s02_A_modal_C009.wav,1.33,145.81785100836456,144.53554630834,22.75467985330567,125.24664066530708,181.3305088832582,6.406197249819478,95.12118925893157,247.46818481296577,89.0,0.06307742834950542,0.007884678543688177,0.35,152.79758197127524,0.4869174720185421,0.0,0.0,0.0,55.27950310559006,anchor_unreliable,11.132705337247288,2.4426964672894065,12.26898454588236,1.0672501095151787,9.809627820501477,4000.0,0.13365218589669,548.0789247965536,1355.4160741850992,2395.9231042388574,13,,0.29159553304677605,0.1423539669295761,0.7236770511803341,0.35294117647058826,0.3333333333333333,51,True,125.24664066530708,2.4426964672894065,11.132705337247288,0.1423539669295761,0.35294117647058826,,7406.610003767705,,1,,,0,-5.064030844164684,-7.873748846319266,-1.2220512194906874,3,,0,,0,,0,,0,,0,False
s02_A_modal_C010,s02,A_modal,C010,command,What time does the library close today?,What time does the library close today?,False,data/split/s02_A_modal_C010.wav,2.18,s02_A_modal_C010.wav,2.18,241.66909374351607,164.25014668481464,168.0687902074206,134.09420568835472,559.3923207388469,24.72736260216557,40.0,750.0,66.0,0.075,0.01875,0.35,158.67358059653617,0.8557657188939559,0.046153846153846156,0.0,0.0,58.4070796460177,period_doubling_unresolved;period_doubling_present,5.641717154089631,3.8779188487933984,16.23631944828751,1.5167305119710097,9.330657158279239,4500.0,0.17395490656566973,510.3728960827568,1400.2850400889472,2508.1945265553313,13,,0.3604526538008089,0.3356323838984242,0.6825011156792442,0.6,0.4444444444444444,90,True,134.09420568835472,3.8779188487933984,5.641717154089631,0.3356323838984242,0.6,multiply_pulsed;irregular_f0,6663.221496626466,,1,,,0,11.353121604393793,23.461019701814337,12.161572970655362,6,,0,,0,,0,,0,,0,False
s02_A_modal_C011,s02,A_modal,C011,command,Navigate to Grand Central Terminal.,Navigate to Grand Central Terminal.,False,data/split/s02_A_modal_C011.wav,1.74,s02_A_modal_C011.wav,1.74,147.82444436180037,141.8529297610191,31.73504714966323,115.86131731182022,194.19428945829642,8.941221644929097,73.31005114999193,238.17795410037078,131.0,0.08184416605744872,0.01023052075718109,0.8,142.3604548245758,0.962013155642166,0.0,6.0,3.0,80.3680981595092,,9.239393328962455,2.388679001454895,14.771542682701696,1.333537845085435,10.871555635523412,4750.0,0.2003384040526328,444.66071559803424,1446.158509172098,2503.873500126751,13,,0.29038949838306666,0.21490430039319108,0.6751851163519195,0.32432432432432434,0.22972972972972974,74,True,115.86131731182022,2.388679001454895,9.239393328962455,0.21490430039319108,0.32432432432432434,,6837.94360340407,,1,,,0,-6.483585288672392,-11.240218760533207,8.667246713112394,5,52.881071609118365,1,,0,,0,52.881071609118365,1,,0,False
s02_A_modal_C012,s02,A_modal,C012,command,Send a photo to the choir group chat.,Send a photo to the choir group chat.,False,data/split/s02_A_modal_C012.wav,3.48,s02_A_modal_C012.wav,3.48,149.7998771551602,151.63500343001454,32.99035331438916,125.23656849920067,176.7685003637041,5.966463953670269,98.45722651912422,360.1704784304957,255.0,0.030470084381437286,0.0076175210953593215,0.8,152.0822860418013,0.9565403287875054,0.003937007874015748,9.0,4.0,56.29139072847682,,11.066943125270955,1.9948910076713726,11.654251956767132,1.339155434997835,10.083411297920152,3750.0,0.20602729845573053,516.8353727694101,1345.9972703622514,2304.447849682405,13,,0.19904758566800862,0.12918185446363556,0.5135295228900827,0.1951219512195122,0.17073170731707318,123,True,125.23656849920067,1.9948910076713726,11.066943125270955,0.12918185446363556,0.1951219512195122,,6759.400559418493,,1,,,0,-4.751323317887988,-5.760690601834338,12.666500389893713,7,,0,,0,,0,,0,,0,False
s02_A_modal_C013,s02,A_modal,C013,command,Show me my calendar for next Thursday.,Show me my calendar for next Thursday.,False,data/split/s02_A_modal_C013.wav,2.4,s02_A_modal_C013.wav,2.4,161.32488380066792,172.98323434614073,40.351295505149274,99.83799588949577,207.66372759468592,12.679060376104214,68.26628510240118,301.54442529894067,107.0,0.08789111625159983,0.010986389531449979,0.35,173.59551807342035,0.21443773992735837,0.009433962264150943,0.0,0.0,50.71090047393365,anchor_unreliable,10.222145728244753,2.056989063774497,10.892488897534864,1.1212834872079074,9.047041187193258,3750.0,0.21096059716200957,451.78636170598725,1278.4239249036766,2283.703352711047,13,,0.15607974032697258,0.11771436367762592,0.2974527541445138,0.11594202898550725,0.07246376811594203,69,True,99.83799588949577,2.056989063774497,10.222145728244753,0.11771436367762592,0.11594202898550725,,6448.845330110122,,1,5097.372716042644,,1,1.4618391844345338,-0.5584929932502138,6.63089393480093,6,,0,,0,,0,,0,,0,False
s02_A_modal_C014,s02,A_modal,C014,command,Convert eighty degrees Fahrenheit to Celsius.,Convert eighty degrees Fahrenheit to Celsius.,False,data/split/s02_A_modal_C014.wav,2.28,s02_A_modal_C014.wav,2.28,153.97591287275807,143.5163293293036,28.64847571294269,125.20741403071221,208.8562275748882,8.858282030399476,100.9256245944596,365.6517509672536,167.0,0.029724859390810127,0.007431214847702532,0.8,143.46952740854118,0.8216301253592576,0.006024096385542169,8.0,4.0,55.115511551155116,,11.211889077475563,2.547422633051294,13.005814148411558,1.2499574389161936,9.902831554487529,4500.0,0.21782654613891558,452.3997509250941,1729.480653075139,2505.573491662137,13,,0.23061041624686346,0.12327049037361652,0.6305829183513962,0.22988505747126436,0.19540229885057472,87,True,125.20741403071221,2.547422633051294,11.211889077475563,0.12327049037361652,0.22988505747126436,,7461.125616133882,141.56283845671308,2,,,0,-4.635655185792931,-6.758368945658589,10.213541730527327,9,37.24179709953185,1,37.24179709953185,1,,0,,0,,0,False
s02_A_modal_C015,s02,A_modal,C015,command,Skip to the next song.,Skip to the next song.,False,data/split/s02_A_modal_C015.wav,2.04,s02_A_modal_C015.wav,2.04,153.2310978372236,156.61571682877346,30.135395340362166,103.98406037673075,194.33853425008965,10.826515163444334,86.80800471531208,263.0673175730601,106.0,0.06911804988119556,0.008639756235149445,0.35,156.47548904544573,0.894639849238909,0.0,0.0,0.0,46.2882096069869,,9.415722744972225,1.834939847992133,9.285119602310257,0.9286499056349542,9.532782924613452,4750.0,0.14901088359783057,602.5601022980155,1727.884776284925,2572.4346423207207,13,,0.1716817293444528,0.1014421160236481,0.49370613063628943,0.17391304347826086,0.17391304347826086,69,True,103.98406037673075,1.834939847992133,9.415722744972225,0.1014421160236481,0.17391304347826086,,6634.325862507633,264.28887525625373,3,,,0,-2.4170276192975964,-7.13715040476867,15.934120054312979,5,,0,,0,,0,,0,,0,False
s02_A_modal_C016,s02,A_modal,C016,command,What's the score of the Mets game?,What's the score of the Mets game?,False,data/split/s02_A_modal_C016.wav,1.98,s02_A_modal_C016.wav,1.98,144.68886374710902,132.91708448955512,44.62421246212766,97.73297594968923,208.72623075498728,13.136335068796196,67.05979643389765,359.112716781574,92.0,0.044736193062517984,0.011184048265629496,0.35,132.66557955079,0.9424622033570775,0.03296703296703297,1.0,1.0,52.87356321839081,,6.9639354776882705,2.86637735262112,17.846121431020922,1.6095275115118182,8.814207429067965,4250.0,0.19485086561683795,506.15657642528333,1355.8415124400387,2449.315577240938,13,,0.3396463409032983,0.28001256083065107,0.6547418071686777,0.5,0.3815789473684211,76,True,97.73297594968923,2.86637735262112,6.9639354776882705,0.28001256083065107,0.5,multiply_pulsed,7587.673873762797,1988.7328940522261,3,,,0,-3.687970094551323,-5.978309002361396,5.060630793656737,6,3.182408517981683,1,3.182408517981683,1,,0,,0,,0,False
s02_A_modal_C017,s02,A_modal,C017,command,Set an alarm for six forty-five.,Set an alarm for six forty-five.,False,data/split/s02_A_modal_C017.wav,2.55,s02_A_modal_C017.wav,2.55,128.89456079489716,128.30968088031244,16.835634779597605,106.59870506552842,154.11155892383394,6.381421926579295,70.50902785111703,200.92403664675973,133.0,0.08509548610809482,0.010636935763511853,0.35,128.2802933567584,0.9499228569694852,0.0,8.0,4.0,57.327586206896555,,10.490357244499341,1.6575054051917777,9.708199642694424,1.0157958458552114,10.560195677267357,4250.0,0.20256492655864453,590.3953279991854,1499.6343278350173,2458.9963671397695,13,,0.18536401159163884,0.1389227515056039,0.3881320282055049,0.21311475409836064,0.16393442622950818,122,True,106.59870506552842,1.6575054051917777,10.490357244499341,0.1389227515056039,0.21311475409836064,,6909.335408924719,485.57062518128413,3,,,0,-10.455673735629013,-13.22872301230936,7.452068127489325,9,,0,,0,,0,,0,,0,False
s02_A_modal_C018,s02,A_modal,C018,command,Find a ramen place open past midnight.,Find a ramen place open past midnight.,False,data/split/s02_A_modal_C018.wav,2.02,s02_A_modal_C018.wav,2.02,141.782100144816,136.8900779617554,30.469880118053496,107.2372343929368,181.09161521118884,9.070965968686712,68.57623447929623,250.86364193667848,121.0,0.08749386789109065,0.010936733486386331,0.35,137.761621294598,0.6092756796819947,0.0,4.0,2.0,68.36158192090396,,9.824289478164468,2.350210122786634,15.39225945363307,1.3463414407076284,10.880112479796013,4750.0,0.20507638099440825,527.6863663237112,1435.0559078554998,2545.4056677220387,13,,0.3029271206177844,0.1766786430173022,0.7687924469471629,0.32954545454545453,0.29545454545454547,88,True,107.2372343929368,2.350210122786634,9.824289478164468,0.1766786430173022,0.32954545454545453,,6616.481784981395,760.4595827855575,2,,,0,-3.0448807466647287,-5.083704944186313,3.008330266931585,6,,0,,0,,0,,0,,0,False
s02_A_modal_C019,s02,A_modal,C019,command,Read my last message from Anjali.,Read my last message from Anjali.,False,data/split/s02_A_modal_C019.wav,2.2,s02_A_modal_C019.wav,2.2,148.04646888308667,143.18352117628615,24.610206573770583,125.34661882041907,185.8934190387958,6.82263139970749,72.54327047449303,253.48175716385663,109.0,0.08270925698214368,0.01033865712276796,0.35,139.51420458729746,0.7879544068859438,0.018518518518518517,4.0,2.0,53.170731707317074,,9.697071021624234,2.5437889054241625,14.530546321536036,1.2976594519980809,9.364584437053518,4750.0,0.23028699941761144,510.175951943458,1671.9927889027579,2630.570137209361,13,,0.20928906444552414,0.18720476283753984,0.41487232207486713,0.2702702702702703,0.16216216216216217,74,True,125.34661882041907,2.5437889054241625,9.697071021624234,0.18720476283753984,0.2702702702702703,,6845.717087415048,758.653250145831,2,,,0,-7.146183654074097,-12.143296459476788,9.150233010378596,4,,0,,0,,0,,0,,0,False
s02_A_modal_C020,s02,A_modal,C020,command,How do you say thank you in Japanese?,How do you say thank you in Japanese?,False,data/split/s02_A_modal_C020.wav,1.62,s02_A_modal_C020.wav,1.62,140.3849411605465,132.83825515284985,39.09951722260554,101.07957593196112,185.18987805948368,10.482164765909113,80.95095514428664,232.64507642073457,119.0,0.037059476255132666,0.009264869063783166,0.8,133.31233646829332,0.8910140857885803,0.01694915254237288,2.0,1.0,69.5906432748538,period_doubling_present,7.679667127690069,3.0369760885535855,14.20609105958352,1.3359704963389587,9.889417216641764,6000.0,0.1888943657027591,377.02223552931156,2417.6299511923335,2974.2536221304626,13,,0.34403936822528913,0.30887248677376056,0.641702492971149,0.5425531914893617,0.425531914893617,94,True,101.07957593196112,3.0369760885535855,7.679667127690069,0.30887248677376056,0.5425531914893617,multiply_pulsed;irregular_f0,7386.790650221621,,1,,,0,-6.449763900817525,-8.667556659915824,7.621303883544869,7,,0,,0,,0,,0,,0,False
s02_A_modal_C021,s02,A_modal,C021,command,Start a workout on my watch.,Start a workout on my watch.,False,data/split/s02_A_modal_C021.wav,1.82,s02_A_modal_C021.wav,1.82,143.3423698235434,144.10472802111113,26.054017185189497,117.70105014792905,179.33613603697944,7.290468319092755,91.19127613736885,239.1928651338276,107.0,0.03289788373485262,0.008224470933713155,0.35,145.18385245011194,0.6382659033465521,0.0,0.0,0.0,49.08256880733945,,9.724454073789985,2.6302891947708438,13.18883343634262,1.2772628033897937,9.42764043167868,4750.0,0.13907291205290034,614.4197937440532,1421.8980016807932,2521.0266022781952,13,,0.25155183612848175,0.17325690334090577,0.5876943399818628,0.265625,0.203125,64,True,117.70105014792905,2.6302891947708438,9.724454073789985,0.17325690334090577,0.265625,,6870.132121686967,,1,,,0,-5.212669992324068,-6.9615019256819615,6.274917880740452,5,2.7392851834948106,2,2.826298469502775,1,,0,2.6522718974868464,1,,0,False
s02_A_modal_C022,s02,A_modal,C022,command,Cancel my reminder about the dentist.,Cancel my reminder about the dentist.,False,data/split/s02_A_modal_C022.wav,2.26,s02_A_modal_C022.wav,2.26,139.03050833324366,130.52697407247496,25.209349349998003,108.87599724065447,176.76436416176554,8.389698269164269,69.959533085428,232.8255161777422,105.0,0.08576386570038087,0.010720483212547609,0.8,130.6369017706522,0.9282017574678741,0.0,0.0,0.0,51.724137931034484,,10.05195975760008,1.617497210742598,12.537440735382837,1.1846226940600706,10.037307221305086,4750.0,0.19186599961352055,578.3603587883715,1620.0734508987957,2586.902410121287,13,,0.23934873735959747,0.14085855341895012,0.6687178252393734,0.22429906542056074,0.18691588785046728,107,True,108.87599724065447,1.617497210742598,10.05195975760008,0.14085855341895012,0.22429906542056074,,6790.1982453438095,472.22143991719446,2,,,0,-5.585143081092466,-7.116577305896101,7.624726498690198,7,,0,,0,,0,,0,,0,False
s02_A_modal_C023,s02,A_modal,C023,command,Take a note about the pitch analysis.,Take a note about the pitch analysis.,False,data/split/s02_A_modal_C023.wav,2.08,s02_A_modal_C023.wav,2.08,146.33207510328685,149.70968108416497,32.44121802458334,95.1981187204336,185.85054138083308,11.581655063826673,82.50559226493556,256.94960309338376,106.0,0.07272234324108923,0.009090292905136153,0.35,147.71391044363313,0.4373070186516581,0.0,0.0,0.0,47.963800904977376,anchor_unreliable;period_doubling_present,7.941955808840414,3.1550349724784814,17.366527048858675,1.4959565137810171,8.32069186765619,4750.0,0.1693155375421456,522.1116153476136,1768.6307390426673,2611.3553722248535,13,,0.3580340198287227,0.2913099436978078,0.6663203141649661,0.547945205479452,0.410958904109589,73,True,95.1981187204336,3.1550349724784814,7.941955808840414,0.2913099436978078,0.547945205479452,multiply_pulsed;irregular_f0,6720.7568054428275,949.9370755067599,2,,,0,-4.511574275208995,-7.151597211189406,8.903298467360976,7,,0,,0,,0,,0,,0,False
s02_A_modal_C024,s02,A_modal,C024,command,What is twenty percent of forty-three dollars?,What is twenty percent of forty-three dollars?,False,data/split/s02_A_modal_C024.wav,2.09,s02_A_modal_C024.wav,2.09,145.98657590757108,147.32929437687622,33.03287693064496,111.2489281255391,190.29452989465224,9.293311864417612,91.97791733016375,354.3316511483472,155.0,0.06523304912919926,0.008154131141149908,0.35,147.45282278974494,0.815267000982762,0.006493506493506494,8.0,4.0,62.24899598393574,,9.874664613818465,2.785444945154173,14.666106822912194,1.372087492571695,9.958492782505843,4500.0,0.1858744269756086,469.9664348077893,1519.2314478449898,2555.9669568571926,13,,0.26233713537389125,0.16108413932161525,0.6317451194445437,0.28735632183908044,0.2413793103448276,87,True,111.2489281255391,2.785444945154173,9.874664613818465,0.16108413932161525,0.28735632183908044,,5728.24738306398,,1,,,0,-5.095789027793447,-10.153202899804054,11.948639591164206,9,,0,,0,,0,,0,,0,False
s02_A_modal_C025,s02,A_modal,C025,command,Turn the volume down a little.,Turn the volume down a little.,False,data/split/s02_A_modal_C025.wav,1.6,s02_A_modal_C025.wav,1.6,146.47704150430422,159.06472203405133,35.2637363083358,94.21475872695687,189.63176996543137,12.110108470184208,60.11325347055883,259.8367792875942,70.0,0.09981159983195004,0.012476449978993755,0.35,159.25217416504677,0.6212907829242502,0.0,0.0,0.0,57.85123966942149,,10.234865321513238,1.53906383426053,11.755417876184165,1.1768147488436347,10.171828350136233,5000.0,0.13905152539472468,536.5875184762365,1377.2575784597634,2565.1750625946174,13,,0.262744505208658,0.15655289960098628,0.7264532315349203,0.28125,0.21875,64,True,94.21475872695687,1.53906383426053,10.234865321513238,0.15655289960098628,0.28125,,,,0,,,0,-4.833185329598404,-6.700269188290616,4.260258825551734,5,3.610651588118019,1,,0,,0,3.610651588118019,1,,0,False
s02_A_modal_C026,s02,A_modal,C026,command,Open the Praat documentation in Safari.,Open the Pratt documentation in Safari.,True,data/split/s02_A_modal_C026.wav,2.165,s02_A_modal_C026.wav,2.165,137.15271925349668,129.67639359438243,26.94412418946452,104.05109898793599,172.6096085379947,8.762646880117376,90.01397154610802,235.35939192158273,171.0,0.06665631897962206,0.008332039872452757,0.8,130.69023464119698,0.6984350929400014,0.011764705882352941,8.0,2.0,67.85714285714286,,9.768155905730694,2.1441163221683746,13.340822379817604,1.1943500243251501,10.37369106833833,4250.0,0.20936322372329916,446.62916151792615,1410.9318605481747,2414.0319793497947,13,,0.26222272691944865,0.19660966059785312,0.5778177864031627,0.3611111111111111,0.23148148148148148,108,True,104.05109898793599,2.1441163221683746,9.768155905730694,0.19660966059785312,0.3611111111111111,,7386.918618175752,,1,4427.1850056632675,,1,-3.0788164398289957,-5.654684167536218,4.925907268341032,7,,0,,0,,0,,0,,0,False
s02_A_modal_C027,s02,A_modal,C027,command,Schedule a meeting for Friday afternoon.,Schedule a meeting for Friday afternoon.,False,data/split/s02_A_modal_C027.wav,2.16,s02_A_modal_C027.wav,2.16,155.73846526348677,140.9223160908429,30.093768194184413,127.86170034383325,204.9982122090711,8.172325722616907,75.8060948108017,275.59578809535884,154.0,0.039574654353155346,0.009893663588288837,0.35,140.6729189375307,0.9217503872154664,0.0,0.0,0.0,71.62790697674419,,12.667143358770605,1.7288123556683939,10.43398436724858,1.0654158324782346,12.43824716266497,4000.0,0.18088436461644228,459.7453033343457,1385.5772917722963,2335.3473925523767,13,,0.13396625230740283,0.09781212387649865,0.26871681861780977,0.09345794392523364,0.07476635514018691,107,True,127.86170034383325,1.7288123556683939,12.667143358770605,0.09781212387649865,0.09345794392523364,,8295.087091439787,,1,,,0,-6.782179932152399,-10.365010166015383,5.317569442224331,9,,0,,0,,0,,0,,0,False
s02_A_modal_C028,s02,A_modal,C028,command,Is it going to rain this evening?,Is it going to rain this evening?,False,data/split/s02_A_modal_C028.wav,1.9,s02_A_modal_C028.wav,1.9,170.32973040488736,156.46506636966717,33.62379752899904,135.72889433495368,224.08150988390844,8.679548775597866,109.81591669221727,299.76006982626507,160.0,0.054636888537900115,0.006829611067237514,0.8,156.87085147916434,0.8344458734759135,0.0,0.0,0.0,59.04059040590406,,11.333346090172066,2.1616285666269293,14.002722010867485,1.252590734490886,10.36585892616133,5250.0,0.18597903861475085,475.2440781956749,1993.3950485494363,2612.6363517259792,13,,0.1759134123723477,0.13689321100390286,0.362671090364449,0.19696969696969696,0.12121212121212122,66,True,135.72889433495368,2.1616285666269293,11.333346090172066,0.13689321100390286,0.19696969696969696,,7295.081520244164,,1,,,0,-1.806779594500328,-5.093374521037201,4.418389116251198,6,,0,,0,,0,,0,,0,False
s02_A_modal_C029,s02,A_modal,C029,command,Play something quiet while I study.,Play something quiet while I study.,False,data/split/s02_A_modal_C029.wav,1.92,s02_A_modal_C029.wav,1.92,157.15750426242454,164.05066650819853,38.66461818044116,102.66854052228167,203.15447538263572,11.814995578896676,82.54419219763733,278.58472274288624,124.0,0.03634416813743886,0.009086042034359715,0.8,163.45217044521172,0.652182376677356,0.0,0.0,0.0,59.61538461538461,,7.622387663545385,2.822296213495881,12.021125134925201,1.1278920571824413,9.218994075317335,6500.0,0.17612704778699273,644.7819396967548,2532.7679826981694,3476.096822607633,13,ceiling_at_search_edge,0.30647619208056526,0.2556979591906271,0.6393253104702955,0.43243243243243246,0.3783783783783784,74,True,102.66854052228167,2.822296213495881,7.622387663545385,0.2556979591906271,0.43243243243243246,,7982.7680127161175,564.4704573355508,2,,,0,-4.258832618342123,-6.932620112207398,13.147088109145216,7,2.8746709250602187,1,,0,,0,2.8746709250602187,1,,0,False
s02_A_modal_C030,s02,A_modal,C030,command,Delete the last voice memo.,delete that last voice memo.,True,data/split/s02_A_modal_C030.wav,1.68,s02_A_modal_C030.wav,1.68,151.22459301164346,143.2860486344229,24.330028273986155,127.10896753940226,190.63586523590394,7.017044997644728,100.14180777900052,246.17358346620165,113.0,0.05991503581841854,0.0074893794773023175,0.8,144.0632871491945,0.9172325322881262,0.0,2.0,1.0,52.07373271889401,,8.9622930906692,2.421489892076065,13.031828986478573,1.2258969446632637,9.94043820094459,4000.0,0.18380867098122713,491.7723161344512,1331.8627995206473,2435.0040099512735,13,,0.29157403271795207,0.15825981890326318,0.8244481955217325,0.36666666666666664,0.2833333333333333,60,True,127.10896753940226,2.421489892076065,8.9622930906692,0.15825981890326318,0.36666666666666664,,6298.873081646081,686.4509034395383,2,,,0,-2.8431778536888466,-4.487459581612331,7.702134343059099,5,9.483837567417552,1,,0,,0,9.483837567417552,1,,0,False
s02_A_modal_C031,s02,A_modal,C031,command,What's the fastest way to Morningside Heights?,What's the fastest way to Morningside Heights?,False,data/split/s02_A_modal_C031.wav,2.43,s02_A_modal_C031.wav,2.43,142.20125047545648,125.6735474997032,31.445929021521515,115.50090294468056,204.2106150382883,9.865844765992396,89.83730602600939,230.41732544336062,142.0,0.06678739897056687,0.00834842487132086,0.8,126.00072676496283,0.9054872229549062,0.0,0.0,0.0,50.0,,7.1868432886277995,2.3934215423657657,13.098528001482329,1.3171685162758429,9.255296054800358,4000.0,0.1908481763489069,507.7177243155859,1340.6874416602882,2366.2578963172,13,,0.22596286963668033,0.14989923450303094,0.4979080264341831,0.24489795918367346,0.1836734693877551,98,True,115.50090294468056,2.3934215423657657,7.1868432886277995,0.14989923450303094,0.24489795918367346,,7494.309676459796,893.5625279735566,5,,,0,-8.349951891084185,-10.679507322005637,2.947350859112518,8,,0,,0,,0,,0,,0,False
s02_A_modal_C032,s02,A_modal,C032,command,Add a wisteria trellis to my shopping list.,Add a wisteria trellis to my shopping list.,False,data/split/s02_A_modal_C032.wav,2.42,s02_A_modal_C032.wav,2.42,129.58799807508507,126.86147829260958,21.96078265736713,99.30402730093671,158.20667301936052,8.062635837384555,85.09477909675222,223.30495296311761,134.0,0.03525480683825525,0.008813701709563812,0.35,127.06210932852753,0.8593383581110572,0.0,0.0,0.0,49.44649446494465,,8.666431749953917,2.2815355888376576,13.175550224901928,1.2280875174322787,8.737821839888394,3750.0,0.17735941889152831,500.6503114400583,1330.1136622558633,2299.9179237661556,13,,0.2741657348553238,0.23060723874040634,0.5508213377352783,0.40625,0.3125,64,True,99.30402730093671,2.2815355888376576,8.666431749953917,0.23060723874040634,0.40625,,6176.868117421482,,1,5103.098467979377,,1,-2.9159416443852235,-6.365129954647164,12.605068273731131,5,,0,,0,,0,,0,,0,False
s02_A_modal_C033,s02,A_modal,C033,command,Tell me a joke about linguists.,Tell me a joke about linguists.,False,data/split/s02_A_modal_C033.wav,1.98,s02_A_modal_C033.wav,1.98,147.90748864752334,149.6394549110655,24.27827536017364,112.57806887261279,186.66250262075994,8.7540760478326,76.883069881682,237.761708253314,111.0,0.0780405882495796,0.00975507353119745,0.35,149.96470571732704,0.8371384238190438,0.0,2.0,1.0,56.92307692307692,,8.810588015846594,2.341862698151892,13.896801638420381,1.2915368991693823,9.431560970689315,3750.0,0.183999911232861,495.79113278550665,1238.8511090939946,2277.5580891262503,13,,0.22338516803082975,0.13429907542795028,0.5689344831610904,0.18333333333333332,0.15,60,True,112.57806887261279,2.341862698151892,8.810588015846594,0.13429907542795028,0.18333333333333332,,7845.429658243793,120.70748294584857,2,,,0,-5.880331536424298,-10.449989907600775,3.26692344642043,4,,0,,0,,0,,0,,0,False
s02_A_modal_C034,s02,A_modal,C034,command,Show me photos from Cape Cod.,Show me photos from Cape Cod.,False,data/split/s02_A_modal_C034.wav,1.98,s02_A_modal_C034.wav,1.98,147.92702233041635,144.52749523278317,21.511385451264726,127.01638667280989,190.49330792182644,7.016708183936,74.27077216920466,226.12408926085743,89.0,0.08078548027386494,0.010098185034233117,0.35,144.35820551032205,0.9122257223366161,0.0,0.0,0.0,47.08994708994709,,9.165050454385774,2.1064084086088948,16.47500838776553,1.4116167730179743,8.510997300247068,3750.0,0.1812753059306067,534.3677440427698,1304.3981967611826,2372.343626457832,13,,0.17990182912207284,0.08291276749812806,0.5039338505475397,0.21428571428571427,0.19047619047619047,42,True,127.01638667280989,2.1064084086088948,9.165050454385774,0.08291276749812806,0.21428571428571427,,,,0,4910.651237003726,,1,-5.510360617008207,-7.2707314176319535,-0.5129687599082011,3,78.6877126608232,1,78.6877126608232,1,,0,,0,,0,False
s02_A_modal_C035,s02,A_modal,C035,command,How many days until September first?,How many days until September?,True,data/split/s02_A_modal_C035.wav,1.68,s02_A_modal_C035.wav,1.68,151.05843755877504,146.79782353999718,25.975351511750155,122.44045651558262,196.96133659289669,8.229985537932457,72.96281923745211,243.20791269384648,90.0,0.08223366452539947,0.010279208065674934,0.35,146.52270891379695,0.8014798394209217,0.0,2.0,1.0,57.69230769230769,,10.392058702912278,2.6967319954008433,16.943319113080385,1.5545439912586736,9.30982778723414,3750.0,0.19798285672425572,484.6893265201612,1346.0870987091662,2330.0154923608857,13,,0.20054437860890534,0.15975505709821622,0.4673198245796723,0.24193548387096775,0.1774193548387097,62,True,122.44045651558262,2.6967319954008433,10.392058702912278,0.15975505709821622,0.24193548387096775,,5983.417642751842,,1,,,0,-3.1125051450765717,-6.10740130685091,4.85500808279145,6,,0,,0,,0,,0,,0,False
s02_A_modal_C036,s02,A_modal,C036,command,Turn on do not disturb until noon.,Turn on do not disturb until noon.,False,data/split/s02_A_modal_C036.wav,2.2,s02_A_modal_C036.wav,2.2,142.89483803942014,146.075073065596,24.560457987693198,113.06400982010467,183.59435817023132,8.392583488235573,93.80827857764564,238.60457227947117,147.0,0.06396023987407216,0.00799502998425902,0.8,146.00128785606825,0.5930296151074808,0.0,12.0,6.0,54.850746268656714,heavy_repair,10.159097401701509,2.7120911023721948,14.058196605796894,1.3295046312261374,9.682145089855302,6500.0,0.21960000848248082,572.6772451285494,2511.1530951170807,3622.15131633977,13,ceiling_at_search_edge,0.3262882096317528,0.2654927836458827,0.6798204417996969,0.4880952380952381,0.39285714285714285,84,True,113.06400982010467,2.7120911023721948,10.159097401701509,0.2654927836458827,0.4880952380952381,,5911.602014734854,,1,,,0,-4.9834705271295725,-6.433452809647729,16.747204533844442,6,2.8674163868787073,1,,0,,0,2.8674163868787073,1,,0,True
s02_A_modal_C037,s02,A_modal,C037,command,Where is the nearest pharmacy?,What is the nearest pharmacy?,True,data/split/s02_A_modal_C037.wav,1.66,s02_A_modal_C037.wav,1.66,140.01193625510396,134.5203914367503,36.13466011819332,99.47266625137371,191.90468761231628,11.376214803409376,63.348892092663036,237.83955805454693,78.0,0.09471357433092205,0.011839196791365256,0.35,134.12935022047287,0.87164845384388,0.0,0.0,0.0,58.64661654135338,,7.756148293255902,2.0775108032056258,11.474797709318992,1.040584925616649,9.599418230547482,4000.0,0.20805491908021734,455.7666654754545,1320.595521472152,2302.350251557378,13,,0.2398284467016203,0.20841939059934728,0.44201114531778424,0.2926829268292683,0.17073170731707318,82,True,99.47266625137371,2.0775108032056258,7.756148293255902,0.20841939059934728,0.2926829268292683,,6786.954119134328,644.147354024311,2,,,0,-8.234787694124238,-10.70309578136942,3.652053835307162,8,,0,,0,,0,,0,,0,False
s02_A_modal_C038,s02,A_modal,C038,command,Email the lab about the annotation deadline.,Email the lab about the annotation deadline.,False,data/split/s02_A_modal_C038.wav,2.48,s02_A_modal_C038.wav,2.48,146.36394218553323,147.5118553398471,33.384580975167545,106.6895225738565,199.23803732769264,10.812895210312652,90.23693148651702,239.96112453358202,167.0,0.03324581133887795,0.008311452834719487,0.35,144.21605442370952,0.8280886456470473,0.0,9.0,5.0,56.610169491525426,,10.260625131953702,2.174277347377957,14.624349076032955,1.3491841157050068,10.301157952442592,5250.0,0.20703732277212641,555.856571554899,1970.2975847830494,2673.49947575213,13,,0.27403700209927756,0.1658661394901426,0.6301383823071954,0.3130434782608696,0.28695652173913044,115,True,106.6895225738565,2.174277347377957,10.260625131953702,0.1658661394901426,0.3130434782608696,,,,0,5052.335136983692,,1,-3.4854202679253774,-7.01057905774295,7.081466054267102,13,,0,,0,,0,,0,,0,False
s02_A_modal_C039,s02,A_modal,C039,command,What's on my agenda this morning?,What's my agenda this morning?,True,data/split/s02_A_modal_C039.wav,1.78,s02_A_modal_C039.wav,1.78,146.901186485794,124.73443259569332,48.53215990374336,95.86230062812149,224.1485140420702,14.705033593683268,60.75490179740269,269.8476743278799,73.0,0.0987574635542659,0.012344682944283238,0.35,120.94700310161286,0.8550347545919822,0.0,0.0,0.0,53.284671532846716,period_doubling_present,7.3902599787704135,2.4787628529858123,13.306063460296738,1.2155029378086943,8.545909186606227,3750.0,0.18973161220125548,484.78664121032824,1356.0480549812478,2341.227868098345,13,,0.3346404757956249,0.31364248308148657,0.600336922206029,0.5975609756097561,0.4146341463414634,82,True,95.86230062812149,2.4787628529858123,7.3902599787704135,0.31364248308148657,0.5975609756097561,multiply_pulsed,6917.983235681411,880.5988925111205,2,,,0,-5.366587013697654,-7.532002441708616,0.9483803746557887,6,,0,,0,,0,,0,,0,False
s02_A_modal_C040,s02,A_modal,C040,command,Play white noise for thirty minutes.,Play white noise for thirty minutes.,False,data/split/s02_A_modal_C040.wav,2.15,s02_A_modal_C040.wav,2.15,134.77031025401976,133.87000573171088,22.53532456278137,107.84493895322416,159.72867113100838,6.799977891549127,64.12669889950473,225.91255544799412,93.0,0.09356477259811576,0.01169559657476447,0.35,133.95253701586427,0.9023833834078578,0.0,2.0,1.0,52.84090909090909,,8.967039271912846,2.276867780392299,10.016160730551915,0.9364648798580084,9.700735018857573,6500.0,0.1935601201563629,603.6802715443761,2429.759317774461,3405.8183323834146,13,ceiling_at_search_edge,0.251352211308046,0.1705604501754598,0.47532403839575066,0.28125,0.21875,64,True,107.84493895322416,2.276867780392299,8.967039271912846,0.1705604501754598,0.28125,,7358.816106476246,,1,,,0,-2.870213278312567,-5.266403230837567,7.046526740648491,6,,0,,0,,0,,0,,0,False
s02_A_modal_D001,s02,A_modal,D001,declarative,The old bridge groaned under the weight of the truck.,The old bridge groaned under the weight of the truck.,False,data/split/s02_A_modal_D001.wav,2.51,s02_A_modal_D001.wav,2.51,124.69687678116671,124.59914370685796,16.01400602087823,104.27819896814471,149.51146034811026,6.237822039132023,83.41384308028387,204.75958562070917,161.0,0.07193050671727402,0.008991313339659253,0.35,124.72855129153481,0.9901721148441566,0.0,4.0,2.0,59.19117647058823,,10.830335797252625,2.0981142869548846,12.083159408524367,1.2918408682998384,9.669600476479559,4500.0,0.18738943310667758,449.2012633378562,1427.964482775154,2469.9519646647723,13,,0.3072933411307975,0.20857804199671545,0.6336391557852353,0.41935483870967744,0.3010752688172043,93,True,104.27819896814471,2.0981142869548846,10.830335797252625,0.20857804199671545,0.41935483870967744,,,,0,,,0,-9.270333954260275,-12.415431091342093,-0.722557967900561,8,,0,,0,,0,,0,,0,False
s02_A_modal_D002,s02,A_modal,D002,declarative,She poured the vinegar into a shallow glass dish.,She poured the vinegar into a shallow glass dish.,False,data/split/s02_A_modal_D002.wav,3.24,s02_A_modal_D002.wav,3.24,150.71587710990514,149.3057877626652,26.421079332937204,119.09698914942145,190.39821639537325,8.122596270124667,95.30362789592134,246.34454714383378,214.0,0.0629566799550637,0.007869584994382962,0.35,153.00694152963365,0.7817344314245259,0.0,4.0,2.0,52.97029702970297,,9.398046438054172,2.1639872640499025,15.401766246994015,1.443518754995052,9.395780385646962,4750.0,0.21722176722365913,530.4774924088802,1756.684955097866,2546.6810485721307,13,,0.18846339565087675,0.12481679614794158,0.4512872104859812,0.15625,0.125,96,True,119.09698914942145,2.1639872640499025,9.398046438054172,0.12481679614794158,0.15625,,6293.706833356229,,1,4301.679123072493,899.8966097345352,3,-5.7148195751440465,-9.827061829235703,8.464596425272454,9,,0,,0,,0,,0,,0,False
s02_A_modal_D003,s02,A_modal,D003,declarative,Seven zebras wandered across the dusty road.,Seven zebras wandered across the dusty road.,False,data/split/s02_A_modal_D003.wav,2.58,s02_A_modal_D003.wav,2.58,134.5682815909866,122.77239896091154,38.25519425133469,103.15277031131811,179.60965304050896,9.600987862000204,82.23755430578369,325.99782099847926,158.0,0.07295936814572836,0.009119921018216045,0.35,123.02987336458827,0.8978478874758704,0.006369426751592357,4.0,2.0,57.45454545454545,,9.363672700151106,2.6386050420452256,14.423063315659117,1.3485253302706133,9.769924271542726,4250.0,0.19013643231830094,483.3962277462945,1354.2350974096,2409.5953153855685,13,,0.2574267160009435,0.16409900918837478,0.5768049306066232,0.2897196261682243,0.2336448598130841,107,True,103.15277031131811,2.6386050420452256,9.363672700151106,0.16409900918837478,0.2897196261682243,,7001.546251318942,692.8638503160537,3,,,0,-7.984719642931072,-11.382094274621466,2.0517281189471284,9,,0,,0,,0,,0,,0,False
s02_A_modal_D004,s02,A_modal,D004,declarative,My grandmother kept her thimbles in a wooden box.,My grandmother kept her thimbles in a wooden box.,False,data/split/s02_A_modal_D004.wav,2.52,s02_A_modal_D004.wav,2.52,129.85978030213903,128.81865232696202,21.10349741414117,102.7557868315422,160.02398848982452,7.668822550162258,84.51479737999303,214.68186412013532,164.0,0.07099348499911762,0.008874185624889702,0.8,128.4926781506578,0.9189677370998055,0.006134969325153374,0.0,0.0,59.42028985507246,,10.00039739816886,2.245735894527724,12.311518867420848,1.0881523047199273,9.178833777646087,4500.0,0.17000786284743308,548.2781589009655,1428.7066904135038,2525.0891449407645,13,,0.2838623863102358,0.19576716785644435,0.5585923144913415,0.34444444444444444,0.28888888888888886,90,True,102.7557868315422,2.245735894527724,10.00039739816886,0.19576716785644435,0.34444444444444444,,6750.79137249247,,1,,,0,-6.035504652894701,-7.891433929664524,6.387466814214513,7,,0,,0,,0,,0,,0,False
s02_A_modal_D005,s02,A_modal,D005,declarative,The judge asked for silence in the crowded room.,The judge asked for silence in the crowded room.,False,data/split/s02_A_modal_D005.wav,3.19,s02_A_modal_D005.wav,3.19,131.2304357055909,128.6312609115415,16.05338872366218,112.3321439904698,154.76122641092394,5.547279008790271,89.26037470703447,214.59893609110964,193.0,0.03360953849730562,0.008402384624326405,0.35,128.7459686906863,0.9702363521352493,0.0,8.0,4.0,51.329787234042556,,10.406040844284284,1.5552392531412604,11.384041318682234,1.1023149863753832,9.773984704785585,4000.0,0.20823733347282433,511.2852784103968,1354.6733856592123,2333.491689313626,13,,0.2019642412511643,0.1493415803668147,0.45228776621126104,0.2074074074074074,0.14814814814814814,135,True,112.3321439904698,1.5552392531412604,10.406040844284284,0.1493415803668147,0.2074074074074074,,6003.043136438576,241.36522655450588,3,,,0,-4.426481826058266,-6.42146319683403,12.971508988181828,9,,0,,0,,0,,0,,0,False
s02_A_modal_D006,s02,A_modal,D006,declarative,Thick fog settled over the harbor before dawn.,Thick fog settled over the harbor before dawn.,False,data/split/s02_A_modal_D006.wav,2.44,s02_A_modal_D006.wav,2.44,133.2543519030138,131.77706380116462,25.28333982957731,100.1982043246451,171.65336432985188,9.319697758375119,83.89761458702148,217.784789522579,175.0,0.07151574010220034,0.008939467512775042,0.35,133.16623178583862,0.8785412659016482,0.0,0.0,0.0,66.0377358490566,,9.523913292921176,2.428057960373695,13.033051966871259,1.2692813297721757,9.925883598846223,4500.0,0.17474517615749086,538.9074775913264,1337.1615797578675,2518.09625133159,13,,0.23239230900462984,0.15551939409596488,0.49562348907988324,0.29473684210526313,0.21052631578947367,95,True,100.1982043246451,2.428057960373695,9.523913292921176,0.15551939409596488,0.29473684210526313,,7241.991185656483,,1,,,0,-4.676412891775627,-6.968113372247536,10.077084261719461,9,,0,,0,,0,,0,,0,False
s02_A_modal_D007,s02,A_modal,D007,declarative,He measured the flour twice and still got it wrong.,He measured the flower twice and got it wrong.,True,data/split/s02_A_modal_D007.wav,3.01,s02_A_modal_D007.wav,3.01,127.28034072117933,122.5912926526222,23.65565197534301,103.66148288840954,167.18784853930845,8.275080685532647,80.61913357651865,208.2285853063767,165.0,0.03721200993995535,0.009303002484988837,0.35,122.68724868924062,0.787056894909556,0.0,2.0,1.0,51.5625,,8.981367792446756,2.5712723149050856,13.62695533094852,1.215354371838211,9.063540218176852,5000.0,0.23439930707683834,548.906144942388,1534.9028936292898,2482.11886146265,13,,0.3371175473159474,0.2457786478286353,0.748916696914634,0.4351145038167939,0.3893129770992366,131,True,103.66148288840954,2.5712723149050856,8.981367792446756,0.2457786478286353,0.4351145038167939,,7371.874900244633,,1,3505.6227556470794,,1,-8.608782640763142,-11.683005003857252,2.0382885168028793,10,2.937317464246636,1,,0,,0,2.937317464246636,1,,0,False
s02_A_modal_D008,s02,A_modal,D008,declarative,Purple thistles grew along the railway embankment.,Purple thistles grew along the railway embankment.,False,data/split/s02_A_modal_D008.wav,2.88,s02_A_modal_D008.wav,2.88,136.61082874754308,131.93345695451,32.415074045818386,100.10448213783538,174.45119123481277,9.615802527089567,68.10499070679495,227.8135316357717,172.0,0.08809927051941246,0.011012408814926558,0.35,131.74885154021905,0.9463737374437503,0.0,4.0,2.0,67.71653543307086,,11.796789677413898,2.1273758537292475,15.242892877832112,1.3803600501386781,10.775122375795366,3750.0,0.23325836060884217,430.7461172972114,1327.6088814020763,2358.2334558392263,13,,0.23316173614873184,0.15657325575372574,0.5252737006314869,0.2589928057553957,0.2014388489208633,139,True,100.10448213783538,2.1273758537292475,11.796789677413898,0.15657325575372574,0.2589928057553957,,6175.640679653657,,1,,,0,-8.34013899805434,-10.107751701142266,3.016578086804511,11,,0,,0,,0,,0,,0,False
s02_A_modal_D009,s02,A_modal,D009,declarative,The choir rehearsed the same passage eleven times.,The choir rehearsed the same passage eleven times.,False,data/split/s02_A_modal_D009.wav,3.17,s02_A_modal_D009.wav,3.17,133.73673989458396,136.0308718530991,25.500160097725267,100.89360465075201,170.15888941913545,9.048573518661476,82.5810606024214,226.96797459873687,177.0,0.03632794224384223,0.009081985560960558,0.8,134.72863824172532,0.6960337618676565,0.0,6.0,3.0,51.15606936416185,,10.05996834226162,2.322163895231935,12.66493950200729,1.361262869581,8.73333610741103,3750.0,0.2191833673653252,545.2008863093381,1324.8868254062497,2305.511378662223,13,,0.2955081902268328,0.2202678551458667,0.6300766153186547,0.4108527131782946,0.32558139534883723,129,True,100.89360465075201,2.322163895231935,10.05996834226162,0.2202678551458667,0.4108527131782946,,7207.578075705681,848.0464718000708,3,,,0,-4.761345303184348,-7.83857873048666,1.626732118077041,9,,0,,0,,0,,0,,0,False
s02_A_modal_D010,s02,A_modal,D010,declarative,A single moth circled the porch light all evening.,A single moth circled the porch light all evening.,False,data/split/s02_A_modal_D010.wav,3.02,s02_A_modal_D010.wav,3.02,122.34607253582217,121.18713228020759,28.613946814073746,89.69838678199532,161.69258302160495,10.201194707059397,57.9048117349621,216.9701030341772,109.0,0.051809165941707785,0.012952291485426946,0.35,119.38834743832615,0.8848589241034459,0.018518518518518517,5.0,2.0,47.391304347826086,period_doubling_present,7.586278404040088,2.753724644803388,12.570068134930953,1.2162743973268362,8.590557254461364,4750.0,0.22230007975493435,521.9531857687391,1535.354050946628,2641.7068941698763,13,,0.35477886324508484,0.2906959759039877,0.7321063706959996,0.5263157894736842,0.4105263157894737,95,True,89.69838678199532,2.753724644803388,7.586278404040088,0.2906959759039877,0.5263157894736842,multiply_pulsed,6889.7082997942925,1186.1951740355603,2,,,0,-8.254445818700436,-9.908240038075615,-2.542571080287965,9,35.50333994819987,1,35.50333994819987,1,,0,,0,,0,False
s02_A_modal_D011,s02,A_modal,D011,declarative,They shipped the equipment in reinforced crates.,They shipped the equipment in reinforced crate.,True,data/split/s02_A_modal_D011.wav,2.13,s02_A_modal_D011.wav,2.13,122.91007322747302,122.15149987740824,22.16932326950209,95.64097291441799,153.93293143291325,8.239214334480987,63.919821231202874,203.7927329829061,112.0,0.04693379834634973,0.011733449586587433,0.8,122.03184949616497,0.8612984078372609,0.009009009009009009,8.0,4.0,62.92134831460674,period_doubling_present,6.731913507709679,2.3498034536761847,13.340324752947113,1.318158074552012,9.198164895403114,4500.0,0.22491663129002973,444.1548819341359,1644.1731126446048,2524.592824616084,13,,0.35743285042451883,0.2886750944073472,0.7427260399233484,0.5096153846153846,0.41346153846153844,104,True,95.64097291441799,2.3498034536761847,6.731913507709679,0.2886750944073472,0.5096153846153846,multiply_pulsed,3490.5054209910973,,1,5243.418064922376,,1,-5.6757370690400215,-8.4282780877492,4.311549751423751,10,5.523572442953206,1,,0,,0,5.523572442953206,1,,0,False
s02_A_modal_D012,s02,A_modal,D012,declarative,The tide pulled the small boat toward the rocks.,The tide pulled the small boat towards the rocks.,True,data/split/s02_A_modal_D012.wav,3.55,s02_A_modal_D012.wav,3.55,132.71198852003974,129.96549050531033,26.759005328434935,106.0987971408252,170.22142803258518,8.184052312417254,81.75842257585414,321.15275175203493,173.0,0.03669346723533772,0.00917336680883443,0.8,130.8435362823837,0.8978375833436811,0.011627906976744186,2.0,1.0,45.16971279373368,,9.135555951170668,2.2429907232984014,12.634325251306318,1.2674336340922845,8.930923171589077,4250.0,0.16856949415318523,468.0660413104205,1294.380554153235,2449.8788032963084,13,,0.25998636459309815,0.17167759988080353,0.6263801515451775,0.3146067415730337,0.25842696629213485,89,True,106.0987971408252,2.2429907232984014,9.135555951170668,0.17167759988080353,0.3146067415730337,,6678.150706877837,255.3093324646808,2,,,0,-5.045752240780452,-6.7450416217233204,6.479127664700579,4,,0,,0,,0,,0,,0,False
s02_A_modal_D013,s02,A_modal,D013,declarative,Cinnamon and cloves filled the kitchen with warmth.,Cinnamon and cloves filled the kitchen with warmth.,False,data/split/s02_A_modal_D013.wav,2.8,s02_A_modal_D013.wav,2.8,148.1008669110819,155.7492292433794,30.06271683118665,110.23857148908728,185.50487110426295,9.009935666710899,68.55470317775422,267.7507768889122,125.0,0.08752134750613261,0.010940168438266576,0.35,156.53926815773593,0.410503445331461,0.0,0.0,0.0,50.403225806451616,anchor_unreliable,7.899242354333203,2.3141641615519406,12.28770508669371,1.162595043910204,9.118961051501245,4000.0,0.2081001478097221,477.2509042085656,1298.45808844419,2377.8248063732576,13,,0.2209575897587609,0.16345239910468373,0.3852873094430588,0.22077922077922077,0.14285714285714285,77,True,110.23857148908728,2.3141641615519406,7.899242354333203,0.16345239910468373,0.22077922077922077,,8544.517415244523,,1,,,0,-0.0062165865303758965,-4.902325375169364,14.776193312957583,5,,0,,0,,0,,0,,0,False
s02_A_modal_D014,s02,A_modal,D014,declarative,Nobody remembered who had locked the back door.,Nobody remembered who had locked the back door.,False,data/split/s02_A_modal_D014.wav,2.9,s02_A_modal_D014.wav,2.9,135.08382985224867,128.36664852981335,28.865581511675742,105.45461705906703,179.34752719426936,9.193627111850283,64.911626902828,224.1526434455979,142.0,0.04621668171236822,0.011554170428092056,0.35,128.2008041510555,0.9757362320162808,0.0,8.0,4.0,57.48987854251012,,10.5505746714255,2.371857111191094,12.470382118885324,1.1892507304018032,10.092817779988927,4500.0,0.19071477223276656,467.153445363005,1363.2821384119447,2446.015175098619,13,,0.29720196208938654,0.23875818754839725,0.6029837814094432,0.4426229508196721,0.3360655737704918,122,True,105.45461705906703,2.371857111191094,10.5505746714255,0.23875818754839725,0.4426229508196721,,,,0,,,0,-9.780872303376041,-13.175082185061997,3.3109714214515016,7,,0,,0,,0,,0,,0,False
s02_A_modal_D015,s02,A_modal,D015,declarative,The librarian stamped each card with quiet precision.,The librarian stamped each card with quiet precision.,False,data/split/s02_A_modal_D015.wav,2.71,s02_A_modal_D015.wav,2.71,121.80677043228215,120.74100006164535,13.330249060274827,108.52684011404489,140.7405345273509,4.499832158368021,84.35932549759613,190.58517651237483,131.0,0.03556216200526031,0.008890540501315077,0.35,119.91379570323224,0.9130598178911369,0.0,0.0,0.0,43.521594684385384,,7.92562896761022,1.9780949981675318,11.811388198205945,1.0925069927364237,8.316497447543098,4250.0,0.18290362769665983,484.9888428225019,1458.8916961243638,2337.7261257494374,13,,0.25759583816703235,0.16799995586751154,0.5316754628502871,0.3263157894736842,0.2631578947368421,95,True,108.52684011404489,1.9780949981675318,7.92562896761022,0.16799995586751154,0.3263157894736842,,6756.631642498716,509.25322002738454,2,4748.221232861248,,1,-9.922270763327175,-11.868217714751038,0.5033441106647483,9,73.30274815273752,1,,0,,0,73.30274815273752,1,,0,False
s02_A_modal_D016,s02,A_modal,D016,declarative,Wet leaves clogged the gutter above the window.,Wet leaves clogged the gutter above the window.,False,data/split/s02_A_modal_D016.wav,2.42,s02_A_modal_D016.wav,2.42,151.0645750401649,140.55086603716325,53.31536391309354,103.10854092782674,221.4968715513327,13.237469757344236,61.843706095993646,330.70193345893085,112.0,0.09701876518665965,0.012127345648332457,0.35,142.00111346299207,0.6288299486778335,0.009009009009009009,6.0,4.0,58.333333333333336,,8.361947804605627,2.3866101846434224,14.084436657305513,1.2921821014792787,9.773269709258972,4750.0,0.1731528580958799,504.9058179409301,1429.0502903025144,2533.6386367728073,13,,0.3047745747545001,0.22158537457389754,0.658582646833363,0.43636363636363634,0.34545454545454546,110,True,103.10854092782674,2.3866101846434224,8.361947804605627,0.22158537457389754,0.43636363636363634,,,,0,,,0,-8.10069534312657,-13.016207154874706,-0.058995440885351816,10,,0,,0,,0,,0,,0,False
s02_A_modal_D017,s02,A_modal,D017,declarative,I bought a secondhand bicycle for forty dollars.,I bought a secondhand bicycle for forty dollars.,False,data/split/s02_A_modal_D017.wav,2.785,s02_A_modal_D017.wav,2.785,141.51083104725362,144.91069386025453,21.56251642156676,104.92113835674974,165.70210126658128,7.911438383414392,98.34027543721939,236.6050939372808,224.0,0.030506320901197856,0.007626580225299464,0.35,144.87174858601279,0.9906954254013669,0.0,2.0,1.0,61.87845303867403,,11.129809404070752,1.9274127111739217,13.2790390867049,1.2701655686825362,11.003626525023124,5000.0,0.21068732918329683,524.1279313288303,1662.35256357311,2607.5257919765663,13,,0.2157199566516296,0.16572468598070172,0.42686071209341414,0.23728813559322035,0.19491525423728814,118,True,104.92113835674974,1.9274127111739217,11.129809404070752,0.16572468598070172,0.23728813559322035,,6975.177019400451,462.45988158033555,2,,,0,-3.7614389896219733,-7.304330099279714,10.63365445330454,11,3.733886398860964,1,3.733886398860964,1,,0,,0,,0,False
s02_A_modal_D018,s02,A_modal,D018,declarative,The mountain village looked empty in the photograph.,The mountain village looked empty in the photograph.,False,data/split/s02_A_modal_D018.wav,2.66,s02_A_modal_D018.wav,2.66,146.53159031472694,142.0477282412951,18.609979479912763,128.26810567605114,182.48227795335742,6.103126530253401,73.8648384235853,231.31002881452844,142.0,0.040614723649650464,0.010153680912412616,0.35,143.74314221253667,0.9612989516668219,0.0,0.0,0.0,55.03875968992248,,10.680321588046525,2.1028758350247183,13.848476170094415,1.2520079449029387,9.606454288346063,4000.0,0.2328865211640653,479.02924491355816,1350.6013365412282,2395.0488038253143,13,,0.20995959379731566,0.15647270827072213,0.49230458694906276,0.21739130434782608,0.16304347826086957,92,True,128.26810567605114,2.1028758350247183,10.680321588046525,0.15647270827072213,0.21739130434782608,,,,0,,,0,-5.479870024848855,-9.340804802103538,6.581762457149134,7,2.458759488556339,1,,0,,0,2.458759488556339,1,,0,False
s02_A_modal_D019,s02,A_modal,D019,declarative,Three sparrows fought over a crust of bread.,Three sparrows fought over a crust of bread.,False,data/split/s02_A_modal_D019.wav,2.74,s02_A_modal_D019.wav,2.74,131.8462189313599,132.23260444304924,21.54157964537379,111.90074664019706,156.71394312606367,5.8309665868041956,84.84392062381053,211.96625551082857,120.0,0.035359044913797655,0.008839761228449414,0.8,133.0528203264986,0.9323245677672694,0.008403361344537815,9.0,5.0,39.21568627450981,period_doubling_present,9.387001983078965,1.8973069602218233,11.194790389403515,1.123864824644031,8.880523774640222,4750.0,0.16307067671006434,547.9316403643472,1620.0066615771652,2493.2388100939575,13,,0.3499018753167408,0.3089246459711048,0.7056009372958655,0.5161290322580645,0.46774193548387094,62,True,111.90074664019706,1.8973069602218233,9.387001983078965,0.3089246459711048,0.5161290322580645,multiply_pulsed,6521.574103914074,,1,,,0,-5.796532184779854,-10.745085494063572,7.177476910109115,5,2.9931570912795635,1,,0,,0,2.9931570912795635,1,,0,False
s02_A_modal_D020,s02,A_modal,D020,declarative,His youngest brother plays trumpet in the marching band.,His youngest brother plays trumpet in the marching band.,False,data/split/s02_A_modal_D020.wav,3.23,s02_A_modal_D020.wav,3.23,139.7966468011187,136.4763869543151,26.10341353407968,108.17407169358425,174.573782713782,8.285786073593787,94.04302802265174,226.95531490803046,229.0,0.06380058284123737,0.00797507285515467,0.35,136.5601355987007,0.8857116178554238,0.013157894736842105,2.0,1.0,57.537688442211056,,10.741916596486892,2.3371120108679295,13.327366696664594,1.2399538922359057,9.528295846399102,4750.0,0.25265832416027606,474.56183564366194,1725.3579899477536,2513.053619344275,13,,0.2515451718419042,0.16347393801697396,0.5878008643037003,0.2847682119205298,0.1986754966887417,151,True,108.17407169358425,2.3371120108679295,10.741916596486892,0.16347393801697396,0.2847682119205298,,7896.850895592757,,1,,,0,-10.210165568107033,-14.65458281496617,3.927724481062967,11,13.248127540773869,1,,0,,0,13.248127540773869,1,,0,False
s02_A_modal_D021,s02,A_modal,D021,declarative,"The recipe called for saffron, which we could not find.","The recipe called for saffron, which we could not find.",False,data/split/s02_A_modal_D021.wav,3.05,s02_A_modal_D021.wav,3.05,135.46959584754796,139.23183049261291,21.4218837974031,104.29913920927493,158.20102543605196,7.212380399679256,71.86393940350257,346.2799709020195,151.0,0.08349110902912131,0.010436388628640164,0.8,139.41889821030247,0.9030927705656577,0.0,2.0,1.0,52.98245614035088,,9.495034465115399,2.1081877243576854,13.024617844601025,1.239896820847823,9.230463858725498,3750.0,0.1998591403154192,480.01896357779856,1300.7022651200548,2290.833290454963,13,,0.2715153381929553,0.2112734693571255,0.5436117307863093,0.4016393442622951,0.3442622950819672,122,True,104.29913920927493,2.1081877243576854,9.495034465115399,0.2112734693571255,0.4016393442622951,,6947.6834976755235,359.0081683404748,2,,,0,-7.685088253804361,-8.75703978811559,9.28080896642585,8,3.624319811441179,1,3.624319811441179,1,,0,,0,,0,False
s02_A_modal_D022,s02,A_modal,D022,declarative,Snow buried the fence posts by early January.,Snow buried the fence posts by early January.,False,data/split/s02_A_modal_D022.wav,3.04,s02_A_modal_D022.wav,3.04,125.69113918667588,120.29449939477536,25.326280142409125,94.35058868024865,157.4375641233655,8.864116562496761,78.77724684213439,222.85012734750535,182.0,0.076164124039822,0.00952051550497775,0.35,120.20342045057902,0.7119464118917436,0.0055248618784530384,0.0,0.0,58.333333333333336,,9.46103898524606,2.0780859085974743,11.836049045277747,1.2549776333785667,10.296594218698564,4250.0,0.18526976139163687,527.9351490158426,1405.4191228543173,2479.4631526905514,13,,0.2589063611580038,0.1891295690561828,0.5615599668016209,0.29285714285714287,0.2357142857142857,140,True,94.35058868024865,2.0780859085974743,9.46103898524606,0.1891295690561828,0.29285714285714287,,6610.08066708419,890.3047782107975,4,,,0,-7.517494783218374,-9.483392810705174,3.1766653000488376,10,,0,,0,,0,,0,,0,False
s02_A_modal_D023,s02,A_modal,D023,declarative,She wrote the whole essay on a borrowed laptop.,She wrote a whole essay on a borrowed laptop.,True,data/split/s02_A_modal_D023.wav,2.38,s02_A_modal_D023.wav,2.38,139.6848868336133,134.84814776981125,25.002599465968817,106.3829788498499,178.96267803890467,9.004696928179207,68.56958321524729,237.68491022995426,123.0,0.08750235481474862,0.010937794351843578,0.35,135.190731166352,0.9244972391063666,0.0,6.0,3.0,58.57142857142857,,9.279603672764408,1.962973919607687,12.20076383271403,1.2693502093609355,9.824105924978983,4500.0,0.15237593274180639,576.5273532392564,1310.1607303852513,2528.3987484615336,13,,0.26769057722271944,0.19654313877704963,0.5467757604397984,0.2839506172839506,0.2222222222222222,81,True,106.3829788498499,1.962973919607687,9.279603672764408,0.19654313877704963,0.2839506172839506,,7614.957320027479,,1,5255.220110775821,,1,-2.2116647328075154,-3.8480865990656645,4.588766767259702,8,,0,,0,,0,,0,,0,False
s02_A_modal_D024,s02,A_modal,D024,declarative,The engine coughed once and then went silent.,The engine coughed once and then went silent.,False,data/split/s02_A_modal_D024.wav,2.76,s02_A_modal_D024.wav,2.76,142.35164585998405,133.61099044821614,49.89188754497715,100.6554938451282,193.34845381134883,11.301327716324643,78.38140191945408,347.7234030310075,163.0,0.0765487711761738,0.009568596397021725,0.35,133.9752618930198,0.4490536632933948,0.024691358024691357,0.0,0.0,58.00711743772242,anchor_unreliable;period_doubling_present,7.762175980827149,3.052493544954591,13.293428126787054,1.230920533744312,9.502419941969684,4000.0,0.21961362939467996,499.0702813605983,1364.1035456992013,2417.2822548884596,13,,0.3642747560566074,0.27486772867332243,0.8195472096167492,0.4866666666666667,0.44,150,True,100.6554938451282,3.052493544954591,7.762175980827149,0.27486772867332243,0.4866666666666667,irregular_f0,7104.700603597176,725.900006524591,2,,,0,-6.154596014094039,-14.665794494221466,8.416753751504375,10,70.32067170934431,1,70.32067170934431,1,,0,,0,,0,False
s02_A_modal_D025,s02,A_modal,D025,declarative,Amber light spilled across the polished floorboards.,Amber light spilled across the polished floorboards.,False,data/split/s02_A_modal_D025.wav,2.88,s02_A_modal_D025.wav,2.88,140.81858447531337,135.7421577918095,24.546588068446304,110.17282561462608,180.37348460590334,8.534626204770877,69.16370278060548,231.02464018855306,105.0,0.08675070533792313,0.010843838167240391,0.8,137.19165877795052,0.7689551077247483,0.0,0.0,0.0,40.69767441860465,,8.513216890389817,2.5542895810509023,11.295104743320188,1.1776539930211376,8.596901071408853,4750.0,0.22926405918279577,538.9635711661668,1368.0360651680085,2594.859801313837,13,,0.2804239393774938,0.22677250549438135,0.6445468233700491,0.41,0.33,100,True,110.17282561462608,2.5542895810509023,8.513216890389817,0.22677250549438135,0.41,,8012.355561528515,522.993656967294,2,4482.231753985979,,1,-3.8616702618736967,-6.147379758443829,14.330976348428132,8,,0,,0,,0,,0,,0,False
s02_A_modal_D026,s02,A_modal,D026,declarative,We watched the storm move east across the valley.,We watched the storm move east across the valley.,False,data/split/s02_A_modal_D026.wav,3.24,s02_A_modal_D026.wav,3.24,131.1175683709422,129.98868944678972,20.31258698023395,102.89859405997002,155.5290771849445,7.151532679157386,71.49323748546752,210.11259569488692,137.0,0.041962010751154084,0.010490502687788521,0.35,130.05786598964966,0.943909118387993,0.007352941176470588,14.0,7.0,44.91803278688525,heavy_repair,10.869872960015442,1.9753499170222653,11.034425434336747,0.9759560930103256,8.729681316297642,3750.0,0.22268234703732515,492.44803939397156,1345.8663300173198,2448.549035376125,13,,0.2381332567415539,0.12126528873813108,0.6555730400697184,0.30303030303030304,0.24242424242424243,132,True,102.89859405997002,1.9753499170222653,10.869872960015442,0.12126528873813108,0.30303030303030304,,5633.640960604637,103.30004158362252,3,,,0,-10.078216206331586,-14.87790010424522,9.968395991853203,10,7.661195790110598,2,,0,,0,7.661195790110598,2,,0,True
s02_A_modal_D027,s02,A_modal,D027,declarative,The tailor pinned the hem with practiced fingers.,The tailor pinned the hem with practiced fingers.,False,data/split/s02_A_modal_D027.wav,2.58,s02_A_modal_D027.wav,2.58,137.29217986905874,134.99164801970568,22.55522161075395,113.26946785757443,165.54823971154056,6.569911679477969,70.03859045687867,223.45590603286183,121.0,0.08566705812981884,0.010708382266227355,0.35,134.7135095619893,0.7940430728510935,0.0,2.0,1.0,51.93133047210301,,8.599314499858103,2.4335784394620323,13.39303605719597,1.329652775746781,8.862581083980185,3750.0,0.2442701659784168,433.0205071945961,1346.2674848753343,2263.027500961419,13,,0.2689840105276685,0.18484219689673037,0.5823362666440028,0.3431372549019608,0.2549019607843137,102,True,113.26946785757443,2.4335784394620323,8.599314499858103,0.18484219689673037,0.3431372549019608,,6843.161929326737,,1,,,0,-5.009542909381341,-10.353658634845322,6.286682005419931,10,,0,,0,,0,,0,,0,False
s02_A_modal_D028,s02,A_modal,D028,declarative,Salt crusted the windows of the beach house.,Salt crusted the windows of the beach house.,False,data/split/s02_A_modal_D028.wav,2.76,s02_A_modal_D028.wav,2.76,126.32578626080304,127.5993202847641,21.357755111264154,98.9865006549564,152.956032552605,7.533759747628027,80.01729326715784,219.26327994719372,159.0,0.07498379106585738,0.009372973883232173,0.35,126.74223148490783,0.8129064941698841,0.0189873417721519,1.0,0.0,55.400696864111495,,8.337687011007255,2.418385878627301,14.154633062498345,1.3514369009730682,8.768286915688218,4250.0,0.2200371729851497,491.76099368647147,1388.7615025742753,2513.6923998650655,13,,0.2823695481428007,0.22121909600622117,0.5649405370548386,0.3655913978494624,0.3010752688172043,93,True,98.9865006549564,2.418385878627301,8.337687011007255,0.22121909600622117,0.3655913978494624,,6564.934739759204,357.9412835254985,2,,,0,-4.1506026580732325,-6.687933377247717,9.48180829949128,7,,0,,0,,0,,0,,0,False
s02_A_modal_D029,s02,A_modal,D029,declarative,Their apartment smelled faintly of turpentine.,Their apartment smelled faintly of turpentine.,False,data/split/s02_A_modal_D029.wav,2.13,s02_A_modal_D029.wav,2.13,150.74905732645578,133.5356011244131,51.806591855229556,106.78184339982228,256.5310063766969,15.17360222462617,93.04552392862283,315.94446608417417,155.0,0.06448456354120512,0.00806057044265064,0.35,133.59150144659395,0.8337618014602721,0.032467532467532464,3.0,2.0,60.311284046692606,,8.709680820580472,2.7871445972597284,13.890497084444037,1.2777954215820548,9.566270798700021,5000.0,0.19988123922531917,456.2480368103795,1429.6751464306956,2500.387606760789,13,,0.32367751497912284,0.21777899025370479,0.7122418060371762,0.41333333333333333,0.36,75,True,106.78184339982228,2.7871445972597284,8.709680820580472,0.21777899025370479,0.41333333333333333,,6312.109962641394,,1,,,0,-8.612264660542621,-12.812399267294001,4.506838121750211,7,,0,,0,,0,,0,,0,False
s02_A_modal_D030,s02,A_modal,D030,declarative,A heron stood motionless at the edge of the pond.,A heron stood motionless at the edge of the pond.,False,data/split/s02_A_modal_D030.wav,2.93,s02_A_modal_D030.wav,2.93,136.8618032333926,138.1888519455277,27.500352366124087,97.0746326024212,177.42629939403966,10.440643499495312,63.51958327583546,227.64504580822017,120.0,0.09445905798759482,0.011807382248449353,0.35,138.8641698219475,0.810803282110661,0.0,0.0,0.0,49.79253112033195,,9.012331176252333,1.7763851943288378,12.394355536405774,1.192198398268801,9.01107454057721,4500.0,0.20158556564735408,583.1448156133245,1583.589927910098,2542.0589766424273,13,,0.2471362079464074,0.18746975564974883,0.4589979048165014,0.2978723404255319,0.26595744680851063,94,True,97.0746326024212,1.7763851943288378,9.012331176252333,0.18746975564974883,0.2978723404255319,,6784.325657676496,525.2302792965735,2,3682.887243323756,,1,-5.495233014896273,-7.234089733022541,7.2456978166925365,7,,0,,0,,0,,0,,0,False
s02_A_modal_D031,s02,A_modal,D031,declarative,The clock in the hallway runs about four minutes fast.,The clock in the hallway runs about four minutes fast.,False,data/split/s02_A_modal_D031.wav,2.8,s02_A_modal_D031.wav,2.8,139.9650077596619,128.00853127268198,32.80000246886198,110.88540969357844,188.69170729326106,9.203537664140429,85.12831112929778,224.14882787858818,148.0,0.035240919973655145,0.008810229993413786,0.8,127.53215779532758,0.9079256671262989,0.0,6.0,5.0,47.13375796178344,,9.329570891103483,2.832735495820272,14.714914406213317,1.465399423719746,8.831854455625058,4500.0,0.21191413190549094,564.0830743643994,1376.2883263352533,2567.8352642468963,13,,0.25974917033029177,0.17917612354741783,0.6071530355844259,0.3434343434343434,0.2727272727272727,99,True,110.88540969357844,2.832735495820272,9.329570891103483,0.17917612354741783,0.3434343434343434,,6769.915254500531,997.0321549905794,2,,,0,-5.244392122605971,-7.13722606783795,10.671728668853822,8,,0,,0,,0,,0,,0,False
s02_A_modal_D032,s02,A_modal,D032,declarative,He folded the newspaper and set it on the table.,He folded the newspaper and set it on the table.,False,data/split/s02_A_modal_D032.wav,2.94,s02_A_modal_D032.wav,2.94,134.15407183642455,138.84804107307068,29.517187045062567,98.41456652846311,178.0263027014099,10.261759644535381,76.99048300997728,227.93757424347325,149.0,0.038965855034462205,0.009741463758615551,0.35,136.13842454569675,0.5478182558030464,0.013513513513513514,2.0,1.0,50.0,,9.80756986006153,2.4981938947857762,13.612393945576716,1.2470604623377828,8.830295935735125,5000.0,0.22024343116829595,471.92426336861354,1799.8152787951062,2620.9469694894506,13,,0.2592715521436546,0.2038585160919048,0.5543877519789396,0.33653846153846156,0.20192307692307693,104,True,98.41456652846311,2.4981938947857762,9.80756986006153,0.2038585160919048,0.33653846153846156,,7410.412188698473,322.3864298268486,2,,,0,-7.827000679855614,-13.132142579540385,4.365173990324381,8,23.39920058694145,2,,0,,0,23.39920058694145,2,,0,False
s02_A_modal_D033,s02,A_modal,D033,declarative,Bright green algae covered the surface of the water.,Bright green algae covered the surface of the water.,False,data/split/s02_A_modal_D033.wav,3.44,s02_A_modal_D033.wav,3.44,135.54719514680474,134.06904738633682,10.480007540052645,126.07176933533697,150.60840040645658,3.0786838183403757,96.25730781228188,210.253241474912,185.0,0.06233292968987893,0.007791616211234866,0.35,133.92788325991083,0.88012820360358,0.0,0.0,0.0,42.62672811059908,,11.373172019639151,1.5478375742352282,11.408043812827467,1.0442109011876521,9.153950775358629,4750.0,0.24925466487399373,514.0891882256931,1510.2109188871364,2563.4880226577534,13,,0.23515601869134595,0.1295760291746795,0.6313082140892049,0.3140495867768595,0.256198347107438,121,True,126.07176933533697,1.5478375742352282,11.373172019639151,0.1295760291746795,0.3140495867768595,,6384.134033019282,347.5648782111499,2,,,0,-9.373317726097438,-13.047330210002867,1.5111026351320358,11,112.52819156624372,1,112.52819156624372,1,,0,,0,,0,False
s02_A_modal_D034,s02,A_modal,D034,declarative,The children traded stickers during the long bus ride.,The children traded stickers during the long bus ride.,False,data/split/s02_A_modal_D034.wav,2.96,s02_A_modal_D034.wav,2.96,133.08861584013286,133.67402721211118,22.484785620276913,109.4376905299556,162.0838544262167,6.799568366530904,69.13576112063394,231.1200301019001,165.0,0.08678576619024546,0.010848220773780682,0.35,132.93458650257367,0.9263506194720686,0.0,8.0,4.0,62.264150943396224,,8.984855239311555,2.3775015511550186,13.440558311919974,1.33788470121302,9.981204641910288,4750.0,0.21800595979724055,514.0188949802031,1737.4101376182516,2517.2217963938656,13,,0.2302100972481252,0.15812287653937385,0.560398531843258,0.25735294117647056,0.18382352941176472,136,True,109.4376905299556,2.3775015511550186,8.984855239311555,0.15812287653937385,0.25735294117647056,,6625.773335840999,475.84651692152175,2,,,0,-4.670677835231822,-7.314079473844076,14.030264487744642,8,,0,,0,,0,,0,,0,False
s02_A_modal_D035,s02,A_modal,D035,declarative,Rain hammered the tin roof for most of the night.,Rain hammered the tin roof for most of the night.,False,data/split/s02_A_modal_D035.wav,2.67,s02_A_modal_D035.wav,2.67,135.0218074070491,131.98505409216884,24.777184614830645,107.01705468561107,167.467385532582,7.752473130340166,64.35753942769657,228.533916420153,146.0,0.04661458512363411,0.011653646280908527,0.35,129.41411066313128,0.8265278076031463,0.0,4.0,2.0,64.60176991150442,,10.583442907577385,2.327724215986206,11.782885247919586,1.146133236824445,10.156545559947194,4750.0,0.23684857737451348,478.28634962000626,1670.876802820806,2477.6143242526787,13,,0.2427713860433921,0.1637893882672941,0.5493336326214342,0.28125,0.2109375,128,True,107.01705468561107,2.327724215986206,10.583442907577385,0.1637893882672941,0.28125,,5249.719849509422,,1,,,0,-1.3127311012503036,-3.781567987956559,11.384698984624341,7,5.006123647122163,1,,0,,0,5.006123647122163,1,,0,False
s02_A_modal_F001,s02,A_modal,F001,final_fall,"I don't really know what she was thinking, honestly.","I don't really know what she was thinking, honestly.",False,data/split/s02_A_modal_F001.wav,2.36,s02_A_modal_F001.wav,2.36,146.24546835848594,137.7564457285509,27.839166119628107,120.49196617777815,190.51306627490195,7.931435881709166,72.49898769907298,239.8264964301575,137.0,0.08275977624549259,0.010344972030686574,0.35,137.6846721716405,0.9303102096775357,0.0,0.0,0.0,61.990950226244344,,8.930451278460053,2.4622368977929283,12.904465258771344,1.22677819323377,10.17653806740211,4500.0,0.22983454068223153,466.40026164255903,1403.3033106052108,2540.9056690540474,13,,0.25743188105865533,0.18263454439442073,0.5975613526306531,0.2661290322580645,0.20967741935483872,124,True,120.49196617777815,2.4622368977929283,8.930451278460053,0.18263454439442073,0.2661290322580645,,7451.175178148002,,1,4586.630284411677,,1,-5.430962399480127,-11.101815642953417,11.8831272836702,10,,0,,0,,0,,0,,0,False
s02_A_modal_F002,s02,A_modal,F002,final_fall,"We ended up walking the whole way home, anyway.","We ended up walking the whole way home, anyway.",False,data/split/s02_A_modal_F002.wav,3.015,s02_A_modal_F002.wav,3.015,142.22324912179266,137.69463133029814,36.76282317664129,112.44729999134427,174.64829655045997,7.622442609834243,91.01036704556847,340.8187864291334,251.0,0.06592655534501721,0.008240819418127151,0.8,138.8517143853423,0.7598569439247842,0.012,8.0,3.0,70.11173184357541,,11.025188790353585,2.0318926084491746,12.481166086279678,1.1144747045780496,10.591837180898633,4500.0,0.2318089873030611,513.0130974593104,1324.8096768145724,2587.278952904888,13,,0.3341129774823816,0.22450931060415685,0.7601919043038265,0.4338235294117647,0.3602941176470588,136,True,112.44729999134427,2.0318926084491746,11.025188790353585,0.22450931060415685,0.4338235294117647,,,,0,,,0,-6.463482884489659,-11.058587367237786,3.1048364800002943,10,,0,,0,,0,,0,,0,False
s02_A_modal_F003,s02,A_modal,F003,final_fall,It was one of those afternoons where nothing happened at all.,It was one of those afternoons where nothing happened at all.,False,data/split/s02_A_modal_F003.wav,3.14,s02_A_modal_F003.wav,3.14,124.5624654822443,121.82367563326932,16.795645099425137,105.18007599775771,151.3498327094487,6.300307634062508,85.28559832489678,195.6639850813617,226.0,0.0703518544495978,0.008793981806199724,0.35,122.72271783937498,0.8709914669012933,0.0,4.0,2.0,64.57142857142857,,10.178737222089675,2.416926277261193,13.221762732344938,1.1734871436024288,9.890665179543056,4750.0,0.22682208864254758,525.8012555714446,1445.876860741765,2503.3564364128197,13,,0.27802752041943185,0.19851525368212003,0.5502794725840136,0.32,0.23,100,True,105.18007599775771,2.416926277261193,10.178737222089675,0.19851525368212003,0.32,,,,0,,,0,-8.69187612310822,-10.755397434146202,2.9889976537085508,10,,0,,0,,0,,0,,0,False
s02_A_modal_F004,s02,A_modal,F004,final_fall,"He said he'd call back, but he never really did.","He said he'd call back, but he never really did.",False,data/split/s02_A_modal_F004.wav,2.78,s02_A_modal_F004.wav,2.78,151.06808773281713,136.9112596195568,46.977126750734314,108.83157597100222,213.82103429543304,11.691679050591876,65.35136791167191,334.8465413647091,130.0,0.09181139112664825,0.011476423890831032,0.35,136.62845870740753,0.7083216290805443,0.007751937984496124,4.0,2.0,55.319148936170215,,8.915414492253015,2.7010877978896333,14.694175122539008,1.30788249439453,9.548117410526809,4500.0,0.2511073763997531,511.7070087301447,1633.3192592690232,2571.289979231676,13,,0.2972832189405073,0.19697321610999846,0.638362723661908,0.39090909090909093,0.34545454545454546,110,True,108.83157597100222,2.7010877978896333,8.915414492253015,0.19697321610999846,0.39090909090909093,,8223.038883192157,,1,,,0,-7.373867241023006,-12.682139340495427,3.572310935052659,11,,0,,0,,0,,0,,0,False
s02_A_modal_F005,s02,A_modal,F005,final_fall,"The whole thing fell apart before anyone noticed, apparently.","The whole thing fell apart before anyone noticed, apparently.",False,data/split/s02_A_modal_F005.wav,3.62,s02_A_modal_F005.wav,3.62,136.6925791353016,131.37438247723296,22.654889163186777,110.96222647144094,171.05333132611105,7.492530725579615,66.01434666989829,220.7672447902379,156.0,0.09088933395043239,0.011361166743804049,0.35,131.49254671356803,0.9067534637381965,0.0,0.0,0.0,50.160771704180064,,9.633978970123652,1.929728544230429,12.145120272199101,1.1449764264963496,9.663466020361788,5000.0,0.24697450008589547,536.2819602471563,1484.2359569667867,2553.3771584294745,13,,0.21784697673424433,0.1313965263555417,0.4681173986407745,0.24285714285714285,0.17142857142857143,140,True,110.96222647144094,1.929728544230429,9.633978970123652,0.1313965263555417,0.24285714285714285,,6083.088917178201,,1,,,0,-5.944803456277011,-9.212658126477738,4.183808659226414,12,2.354791599790129,1,,0,,0,2.354791599790129,1,,0,False
s02_A_modal_F006,s02,A_modal,F006,final_fall,I guess that's just how it goes sometimes.,I guess that's just how it goes sometimes.,False,data/split/s02_A_modal_F006.wav,2.54,s02_A_modal_F006.wav,2.54,129.080417598862,139.11307448871,20.03946727259974,94.57280545248155,149.52383586354424,7.930538233314472,83.37927901988218,216.4986651305804,133.0,0.07196032480167251,0.008995040600209064,0.35,139.10190640415183,0.9191969296715164,0.0,0.0,0.0,48.36363636363637,,8.033853280192949,2.098570007477557,14.72346268108522,1.4149384858686886,8.837091880366303,3750.0,0.2045496466968704,469.5809873600494,1332.3219910559599,2279.652877579216,13,,0.2590619026995087,0.18880099707195164,0.564714449663818,0.35365853658536583,0.25609756097560976,82,True,94.57280545248155,2.098570007477557,8.033853280192949,0.18880099707195164,0.35365853658536583,,6998.382325457991,1596.2793414634086,4,,,0,-3.731753211143018,-5.691754782357378,6.057654289273756,7,31.789483165679755,1,,0,,0,,0,31.789483165679755,1,False
s02_A_modal_F007,s02,A_modal,F007,final_fall,She left the party early and nobody said anything.,She left the party early and nobody said anything.,False,data/split/s02_A_modal_F007.wav,3.54,s02_A_modal_F007.wav,3.54,131.82749834478497,133.28419402305406,20.703933657143747,105.71435892041265,158.15770580298806,6.974310014567012,85.01271922169755,217.07279649742011,215.0,0.07057767419899959,0.008822209274874948,0.35,133.42448331347376,0.8452906330527568,0.004672897196261682,2.0,1.0,54.568527918781726,,10.442241285446393,2.8982055784264396,14.231645121556113,1.3460914393502312,9.29047479575255,4500.0,0.2379900726657593,498.8899716865037,1597.8616169146676,2548.7528528135767,13,,0.31591822090959587,0.1979001102458906,0.8040357141459697,0.425531914893617,0.3475177304964539,141,True,105.71435892041265,2.8982055784264396,10.442241285446393,0.1979001102458906,0.425531914893617,,7226.866002691485,,1,5430.221847974062,,1,-6.097709441613643,-10.99552108208791,5.694172154513106,11,,0,,0,,0,,0,,0,False
s02_A_modal_F008,s02,A_modal,F008,final_fall,"It's not that I mind, it's just kind of strange.","It's not that I mind, it's just kind of strange.",False,data/split/s02_A_modal_F008.wav,2.075,s02_A_modal_F008.wav,2.075,133.31981968207373,130.13157632361919,16.943587381547133,113.21694970671584,159.4553939093962,5.928755284677532,91.28583953919517,331.1246895485347,156.0,0.06572760934540998,0.008215951168176248,0.35,131.18520531572267,0.9021700123277859,0.012903225806451613,6.0,2.0,63.673469387755105,,8.582586375410397,1.640853874909353,12.870059789842148,1.3086071322949304,10.99205467508199,4000.0,0.1779526103445315,488.37266792134767,1471.36517842681,2430.5739538228127,13,,0.20559459075560085,0.1571661270607772,0.42282075041190237,0.21238938053097345,0.1504424778761062,113,True,113.21694970671584,1.640853874909353,8.582586375410397,0.1571661270607772,0.21238938053097345,,6675.909569043576,1114.5811130139282,4,,,0,-6.684261577521933,-8.539690834116763,7.315066893349477,9,,0,,0,,0,,0,,0,False
s02_A_modal_F009,s02,A_modal,F009,final_fall,They moved out to Oregon a couple of years ago.,They moved out to Oregon a couple years ago.,True,data/split/s02_A_modal_F009.wav,2.73,s02_A_modal_F009.wav,2.73,138.00555993562207,139.7759872623153,17.06176992070337,112.95554829516726,158.45601598251338,5.85992757461107,71.67376782100001,225.59806541125332,174.0,0.041856317746435216,0.010464079436608804,0.35,137.49527432587854,0.9571589233785248,0.005780346820809248,5.0,3.0,67.70428015564202,,10.825901218306257,2.2139482604566623,10.721384040837147,1.1505474852334605,10.759611140062324,4750.0,0.19251245898421332,445.16857809760256,1633.9915926111985,2515.939090425638,13,,0.21153211264872018,0.141631008228973,0.5379308087651382,0.20833333333333334,0.1597222222222222,144,True,112.95554829516726,2.2139482604566623,10.825901218306257,0.141631008228973,0.20833333333333334,,,,0,,,0,-9.021057655382354,-13.309045651308294,6.103792462070905,12,50.88296134534676,1,50.88296134534676,1,,0,,0,,0,False
s02_A_modal_F010,s02,A_modal,F010,final_fall,"Nothing about that story adds up, if you think about it.","Nothing about that story adds up, if you think about it.",False,data/split/s02_A_modal_F010.wav,3.01,s02_A_modal_F010.wav,3.01,131.2958776378728,120.78724791845535,32.43969888554282,88.26983099640482,190.18892871695323,13.28929110984757,59.99737048292848,221.0524834522313,118.0,0.1000043827205265,0.012500547840065813,0.35,130.2075866581173,0.39091558217602074,0.0,0.0,0.0,50.64377682403433,anchor_unreliable,7.514505038571811,3.0159926528308465,12.452791633478299,1.2760938575274112,9.418253310650512,4250.0,0.19585823554968748,524.7703966103511,1411.4680297604446,2431.925570453095,13,,0.31284158921955735,0.26008512823040897,0.6323553224368894,0.4772727272727273,0.32575757575757575,132,True,88.26983099640482,3.0159926528308465,7.514505038571811,0.26008512823040897,0.4772727272727273,irregular_f0,6144.891281056215,,1,,,0,-3.120795292047885,-4.519272839980417,3.7901411774939895,13,6.8251576733822645,2,,0,,0,6.8251576733822645,2,,0,False
s02_A_modal_F011,s02,A_modal,F011,final_fall,I'd been meaning to write back for a while now.,I've been meaning to write back for a while now.,True,data/split/s02_A_modal_F011.wav,1.83,s02_A_modal_F011.wav,1.83,126.516668199075,124.07658363342172,26.10806940662885,97.01493235691612,160.7314731550004,8.740484727414554,63.365858194376905,213.77016083985188,117.0,0.09468821493105638,0.011836026866382047,0.35,124.82162492415674,0.9547723212681536,0.0,0.0,0.0,79.59183673469387,,8.748662407774823,1.7797815671254842,15.562473195341427,1.3842511731951563,11.057653992689653,5250.0,0.16221529718219443,502.6366513125316,1467.6748300856816,2519.0302428703194,13,,0.28367372279028136,0.23272761754865143,0.5663945646587486,0.4108527131782946,0.2868217054263566,129,True,97.01493235691612,1.7797815671254842,8.748662407774823,0.23272761754865143,0.4108527131782946,,,,0,,,0,-9.2211766869995,-10.601588020261008,-2.3080351438084454,10,,0,,0,,0,,0,,0,False
s02_A_modal_F012,s02,A_modal,F012,final_fall,We sat there in the car for maybe twenty minutes.,We sat there in the car for maybe twenty minutes.,False,data/split/s02_A_modal_F012.wav,2.46,s02_A_modal_F012.wav,2.46,139.2061454834207,130.1990770106241,34.84552217596082,98.91028795054356,168.34174919739695,9.206406244190047,79.86450173784631,336.57185222553505,134.0,0.03756362256972994,0.009390905642432485,0.8,130.541135473701,0.9117034920931871,0.022556390977443608,7.0,4.0,51.93798449612403,,8.29588247597976,2.430686578245704,14.757442904801962,1.3419627884504892,8.928936722038413,3750.0,0.2338853750152684,484.5705959046122,1355.1633376438772,2306.9282195912547,13,,0.2371964742273575,0.1977795846654818,0.4656502787788973,0.275,0.15,80,True,98.91028795054356,2.430686578245704,8.29588247597976,0.1977795846654818,0.275,,7688.379458621077,598.802650679579,2,,,0,-8.400206587139945,-15.176162724008156,5.186863586120479,8,,0,,0,,0,,0,,0,False
s02_A_modal_F013,s02,A_modal,F013,final_fall,He's been doing that same job for eleven years.,He's been doing that same job for eleven years.,False,data/split/s02_A_modal_F013.wav,2.2,s02_A_modal_F013.wav,2.2,127.49620077532937,126.95057152417264,14.804744228989525,111.48219054831006,151.01795744519282,5.254882246367829,63.43918458889948,197.87381766274046,131.0,0.09457876923988512,0.01182234615498564,0.35,126.88797606563737,0.987768898340542,0.0,4.0,2.0,73.18435754189944,,11.144661277595223,1.684971943598431,12.993722283792136,1.3192251804256991,11.628912101376867,5000.0,0.17830528724375605,433.72311972339276,1697.376118849851,2598.807759406547,13,,0.22954250018115188,0.16008200416051577,0.5182046114308673,0.2900763358778626,0.22137404580152673,131,True,111.48219054831006,1.684971943598431,11.144661277595223,0.16008200416051577,0.2900763358778626,,7070.392640412772,,1,,,0,-8.63208444603637,-11.586558670115235,2.0042020734246617,7,,0,,0,,0,,0,,0,False
s02_A_modal_F014,s02,A_modal,F014,final_fall,It rained the entire week we were on the island.,It rained the entire week we were on the island.,False,data/split/s02_A_modal_F014.wav,2.96,s02_A_modal_F014.wav,2.96,149.38513710250476,135.01993984645776,50.1919285571893,111.65543064572586,251.6066995967387,14.065402988822235,67.45444597646664,328.05383582710607,178.0,0.0889489182387365,0.011118614779842063,0.35,136.17111442119466,0.9001717285455038,0.01694915254237288,16.0,5.0,68.72586872586872,heavy_repair,9.555534223491044,2.598718662708462,13.825087876667833,1.2708915532025817,10.417475056048826,5000.0,0.19865693487212469,489.30759610349395,1488.4805098580669,2518.1128485021036,13,,0.2970383677859753,0.20295460213576827,0.648836322197252,0.391812865497076,0.3333333333333333,171,True,111.65543064572586,2.598718662708462,9.555534223491044,0.20295460213576827,0.391812865497076,,,,0,,,0,-8.601131729257059,-17.031876617837447,4.085677297103262,12,,0,,0,,0,,0,,0,True
s02_A_modal_F015,s02,A_modal,F015,final_fall,"I never learned how to swim, which is embarrassing.","I never learned how to swim, which is embarrassing.",False,data/split/s02_A_modal_F015.wav,2.88,s02_A_modal_F015.wav,2.88,131.6388873047881,130.2133533429559,23.15733807211409,104.95043221735078,154.80349700627156,6.7287594503313075,61.30706236527712,217.20234664834413,141.0,0.09786800685785688,0.01223350085723211,0.35,130.48890319217492,0.8041839372417064,0.0,2.0,1.0,61.8421052631579,,9.79796830180452,2.1110261327491675,12.137135656844508,1.1446668698082683,10.033618859825896,4750.0,0.22458755608499592,524.7904818476516,1634.987489264406,2549.051001316917,13,,0.19371593391817732,0.157229318857591,0.36822405707282446,0.2109375,0.109375,128,True,104.95043221735078,2.1110261327491675,9.79796830180452,0.157229318857591,0.2109375,,6958.750037915412,1508.664680628128,2,,,0,-6.808610932226994,-8.33867412940363,7.981280396462928,11,,0,,0,,0,,0,,0,False
s02_A_modal_F016,s02,A_modal,F016,final_fall,That's pretty much all anyone talked about afterward.,That's pretty much all anyone talked about afterward.,False,data/split/s02_A_modal_F016.wav,2.82,s02_A_modal_F016.wav,2.82,144.7235374875702,139.00542936202135,30.927332819659224,112.55996219919747,192.33736834092628,9.275344023495625,86.68854052061644,362.11919880456753,159.0,0.06921330044278537,0.008651662555348171,0.8,138.46882017056666,0.8965418489747218,0.0,2.0,1.0,50.0,,9.409412772289334,2.5135541928390635,13.923348175420413,1.252751002774768,9.573893095697397,3750.0,0.22961847291288995,550.8564267703722,1244.4152241378708,2364.7299799267257,13,,0.310883653171977,0.23327755713828968,0.6378762353219134,0.4270833333333333,0.3541666666666667,96,True,112.55996219919747,2.5135541928390635,9.409412772289334,0.23327755713828968,0.4270833333333333,,7328.721517487264,,1,,,0,-7.2132335880880705,-12.378969227827936,3.461146567634281,10,28.30119320193503,2,,0,,0,28.30119320193503,2,,0,False
s02_A_modal_F017,s02,A_modal,F017,final_fall,She kept apologizing even though it wasn't her fault.,She kept apologizing even though it wasn't her fault.,False,data/split/s02_A_modal_F017.wav,3.21,s02_A_modal_F017.wav,3.21,139.78149045846834,136.86815009304297,23.166544229774996,112.98727103455462,171.70349942987477,7.24511031160471,92.31008162121178,236.31088049649068,245.0,0.06499831756861181,0.008124789696076476,0.35,137.04951308330516,0.636476624066652,0.004098360655737705,9.0,5.0,63.144329896907216,,9.173946711319035,3.138679883040895,12.367625636795093,1.188910671227364,9.298135406436243,4000.0,0.19754486850788922,486.45799786438147,1281.3156644242058,2397.379769666849,13,,0.3144885938106304,0.182636567392094,0.8691332653619799,0.3275862068965517,0.27586206896551724,58,True,112.98727103455462,3.138679883040895,9.173946711319035,0.182636567392094,0.3275862068965517,irregular_f0,,,0,5791.461394301216,,1,-5.673765248701885,-9.552932529304684,9.32787092154119,6,,0,,0,,0,,0,,0,False
s02_A_modal_F018,s02,A_modal,F018,final_fall,"The apartment was smaller than we expected, obviously.","The apartment was smaller than we expected, obviously.",False,data/split/s02_A_modal_F018.wav,3.22,s02_A_modal_F018.wav,3.22,137.3776539025946,132.5921010158678,31.68120701134534,96.5622565937001,178.99317203930255,10.684479100783678,80.83609763965785,245.3320382275784,166.0,0.07422426583166016,0.00927803322895752,0.35,131.50514085108193,0.6111812349839796,0.006060606060606061,5.0,1.0,48.8235294117647,,7.473760171473785,2.8082284607411205,14.026005852843998,1.343394017601934,8.408420006871433,4500.0,0.19557283127591832,487.44295007717403,1602.5650237816067,2581.4165058239632,13,,0.32458263909703977,0.24311546325231043,0.7142243210144006,0.4435483870967742,0.3548387096774194,124,True,96.5622565937001,2.8082284607411205,7.473760171473785,0.24311546325231043,0.4435483870967742,,6857.32471026467,588.5799561990262,3,,,0,-4.9087469256079475,-8.09828831974374,10.082392966397611,13,25.67797159842522,1,,0,,0,25.67797159842522,1,,0,False
s02_A_modal_F019,s02,A_modal,F019,final_fall,I think I left my keys somewhere in the stairwell.,I think I left my keys somewhere in the stairwell.,False,data/split/s02_A_modal_F019.wav,2.94,s02_A_modal_F019.wav,2.94,154.84865206613165,154.77277402252537,28.40158675427385,117.07705442486606,192.3190650280359,8.59252119938774,70.40595872125193,263.2355727537452,136.0,0.08522005962243802,0.010652507452804752,0.35,161.07571526693886,0.6817336511092412,0.0,2.0,1.0,50.74626865671642,,8.13294391062805,2.1164857823300185,11.925492462066138,1.1239062788070822,9.471820711447172,3750.0,0.21452489867231436,513.5985059322759,1290.5460192699015,2299.5699658472568,13,,0.203172656866829,0.1386802430276778,0.4472293696124512,0.24369747899159663,0.19327731092436976,119,True,117.07705442486606,2.1164857823300185,8.13294391062805,0.1386802430276778,0.24369747899159663,,6664.818435428444,1090.9521396061075,2,,,0,-2.6364570976839823,-5.688562446449124,5.1565942894652546,9,18.141953318350666,2,0.2960939819103281,1,,0,35.98781265479101,1,,0,False
s02_A_modal_F020,s02,A_modal,F020,final_fall,"It turned out fine, more or less, in the end.","It turned out fine, more or less, in the end.",False,data/split/s02_A_modal_F020.wav,2.88,s02_A_modal_F020.wav,2.88,127.49036157909386,126.03256481823993,26.711994494340004,100.06350629366025,167.70317282042458,8.939928870454962,57.68260024574005,207.24076989079086,136.0,0.10401750223531418,0.013002187779414273,0.8,127.5917209610543,0.5636212503974127,0.007407407407407408,4.0,2.0,63.55140186915888,,9.210072711839317,2.515603711860147,13.09774796556977,1.222302712967265,10.150640160306134,5250.0,0.20203666817795238,550.2157561065512,1977.52126691393,2571.1455656376856,13,,0.28955831084295924,0.2474068733127576,0.5855748021971852,0.43448275862068964,0.296551724137931,145,True,100.06350629366025,2.515603711860147,9.210072711839317,0.2474068733127576,0.43448275862068964,,7417.368906575911,,1,,,0,-4.340395674667141,-5.636882313207128,6.336219203862646,7,,0,,0,,0,,0,,0,False
s02_A_modal_F021,s02,A_modal,F021,final_fall,Nobody warned us about the traffic on the way in.,Nobody warned us about the traffic on the way in.,False,data/split/s02_A_modal_F021.wav,2.5,s02_A_modal_F021.wav,2.5,135.16496615081925,135.31088233301261,26.069482919088248,104.46624289641312,164.23622400844621,7.83282644219655,84.15032936813706,219.68312016671564,188.0,0.035650484347788294,0.008912621086947074,0.35,135.4424751452867,0.9816365453781952,0.0,2.0,1.0,67.87003610108303,period_doubling_present,8.999830317514604,2.563820512337271,13.640605304112855,1.3039604746196476,10.644595147679734,4750.0,0.20323961404514698,512.4319608325753,1454.0323544083312,2566.2605224966474,13,,0.339781513433899,0.26958845557806954,0.6946059620090187,0.4827586206896552,0.4224137931034483,116,True,104.46624289641312,2.563820512337271,8.999830317514604,0.26958845557806954,0.4827586206896552,,5947.6069260795,,1,,,0,-5.658690642398579,-9.477945347726347,-0.822641413400708,9,2.508447224498278,1,2.508447224498278,1,,0,,0,,0,False
s02_A_modal_F022,s02,A_modal,F022,final_fall,He mentioned it once and then never brought it up again.,He mentioned it once and then never brought it up again.,False,data/split/s02_A_modal_F022.wav,2.94,s02_A_modal_F022.wav,2.94,134.07586210426365,122.7030123522457,31.516355983570527,105.13667450056077,198.4535185872671,10.998421603879535,61.77194664530876,308.10436180561857,150.0,0.0971314702845886,0.012141433785573575,0.35,121.96266805976387,0.9002236388317049,0.013422818791946308,4.0,1.0,63.829787234042556,,8.661042799726753,2.2827404731494703,14.298160831242573,1.2511997057142257,10.036866246865404,4500.0,0.2389062475052193,531.7031938442658,1402.7018727957743,2477.71428604202,13,,0.29735807995621,0.22674395126523766,0.6234354407699821,0.42567567567567566,0.31756756756756754,148,True,105.13667450056077,2.2827404731494703,8.661042799726753,0.22674395126523766,0.42567567567567566,,7657.069248820259,,1,4825.424216320103,,1,-6.4644090926316835,-7.738446273752277,3.902507018118225,12,3.602826905255263,2,,0,,0,3.602826905255263,2,,0,False
s02_A_modal_F023,s02,A_modal,F023,final_fall,We were both too tired to argue about it anymore.,We were both too tired to argue about it anymore.,False,data/split/s02_A_modal_F023.wav,2.78,s02_A_modal_F023.wav,2.78,131.07710224169773,129.92147952647667,31.404097831226945,94.70255486076806,181.99329255544893,11.308920338987894,75.8070324750924,229.46978717298123,164.0,0.07914832970109198,0.009893541212636497,0.8,129.89881818948686,0.28418744654972283,0.012269938650306749,0.0,0.0,60.07326007326007,anchor_unreliable,9.456510422601795,2.376877390070339,14.677758928348364,1.325952624873291,8.961911104099844,4500.0,0.19184060394661392,545.9323752219887,1386.226814286293,2504.7884257017113,13,,0.27317146045874263,0.19813227748875745,0.5659766404643448,0.3888888888888889,0.28703703703703703,108,True,94.70255486076806,2.376877390070339,9.456510422601795,0.19813227748875745,0.3888888888888889,,,,0,,,0,-5.45731771306492,-8.192331014672483,6.874766694590957,12,15.877461744630894,2,,0,,0,15.877461744630894,2,,0,False
s02_A_modal_F024,s02,A_modal,F024,final_fall,I've been putting that conversation off for months.,I've been putting that conversation off for months.,False,data/split/s02_A_modal_F024.wav,3.16,s02_A_modal_F024.wav,3.16,141.05005424991853,135.93526141132344,25.993908086530485,111.45087911547367,160.02747171990364,6.2629391467047935,70.90925598514845,341.8083005254251,170.0,0.08461518763159308,0.010576898453949135,0.35,136.67215749703558,0.7989391038592905,0.011834319526627219,13.0,6.0,58.419243986254294,,9.89986074901691,2.5254550924476415,12.36554829622656,1.1996353302813425,9.422461063858593,4750.0,0.21541753408245143,519.8651400595726,1420.075849150672,2533.7212822888923,13,,0.22712882586585137,0.16903250998337474,0.4682810713233521,0.2830188679245283,0.2389937106918239,159,True,111.45087911547367,2.5254550924476415,9.89986074901691,0.16903250998337474,0.2830188679245283,,5867.879403624114,1485.185594506624,2,3256.17971624185,,1,-7.558357141855535,-9.810927472552239,4.787778590134872,11,61.061625034127154,1,61.061625034127154,1,,0,,0,,0,False
s02_A_modal_F025,s02,A_modal,F025,final_fall,It felt like the longest week of the entire summer.,It felt like the longest week of my entire summer.,True,data/split/s02_A_modal_F025.wav,2.96,s02_A_modal_F025.wav,2.96,133.31288277652854,127.41204707383234,26.017405174771376,105.6041813194633,170.7773546486497,8.321396708306361,61.38447202569453,228.31554945082473,133.0,0.09774458917702344,0.01221807364712793,0.35,127.38092542121333,0.9814252996279661,0.007575757575757576,0.0,0.0,56.59574468085106,,8.420731338913617,2.157733604237944,12.740626461845741,1.2112856959497744,9.452206040907521,4500.0,0.2268563081427688,529.2902173601037,1599.887755135706,2550.26566493635,13,,0.2543743139428535,0.18780148495499369,0.5548166042109614,0.30985915492957744,0.21830985915492956,142,True,105.6041813194633,2.157733604237944,8.420731338913617,0.18780148495499369,0.30985915492957744,,6411.941581777163,173.85341146703453,2,,,0,-5.522275639670073,-8.103328475503867,8.496109087762635,12,,0,,0,,0,,0,,0,False
s02_B_natural_C001,s02,B_natural,C001,command,Set a timer for twelve minutes.,Set a timer for twelve minutes.,False,data/split/s02_B_natural_C001.wav,1.94,s02_B_natural_C001.wav,1.94,136.74928453905358,130.94684873611934,27.39521889198883,97.98452851987624,181.8630743363376,10.706721259211713,94.5299355939637,234.99970246006035,93.0,0.06347195692348633,0.00793399461543579,0.35,148.72250552667595,0.0,0.0,0.0,0.0,39.24050632911393,anchor_unreliable;period_doubling_present,8.256629919900266,2.731163395032427,15.153317768125904,1.1895278145404564,7.325293012107532,4750.0,0.19434111737504708,598.5904672541508,1609.6979050122736,2617.6032982622487,13,,0.3959956718829216,0.24514772588384476,0.8088750716299357,0.45454545454545453,0.4090909090909091,44,True,97.98452851987624,2.731163395032427,8.256629919900266,0.24514772588384476,0.45454545454545453,,5376.889139334992,2606.770400227088,2,,,0,0.8788487428261611,-0.9903272638812908,5.24272788277251,5,,0,,0,,0,,0,,0,False
s02_B_natural_C002,s02,B_natural,C002,command,Text Marcus that I'm running late.,Text Marcus that I'm running late.,False,data/split/s02_B_natural_C002.wav,1.92,s02_B_natural_C002.wav,1.92,132.32237801804854,122.12797784370011,40.35301951266025,101.79589602148963,172.97093085933824,9.178202431346607,55.167009883077085,288.8883995750738,53.0,0.10876065265666224,0.01359508158208278,0.35,122.10349706085617,0.5201364227679885,0.057692307692307696,2.0,0.0,39.55223880597015,jumpy;period_doubling_present,5.605588151303843,3.1689394937230295,20.218682361169233,1.67165931620227,7.777409381232765,5000.0,0.21217471341350727,519.392839478628,1710.6376193981723,2573.677722572972,13,,0.35067493267795286,0.32774927737247184,0.6450657869711248,0.5285714285714286,0.4857142857142857,70,True,101.79589602148963,3.1689394937230295,5.605588151303843,0.32774927737247184,0.5285714285714286,multiply_pulsed;irregular_f0,7889.7895019277785,1014.214606300444,2,,,0,-4.266950971385756,-7.627145358466275,7.51819732549405,4,2.50178796214906,2,2.947096157502216,1,,0,2.0564797667959045,1,,0,False
s02_B_natural_C003,s02,B_natural,C003,command,What's the weather in Newton tomorrow?,What's the weather in Newton tomorrow?,False,data/split/s02_B_natural_C003.wav,2.02,s02_B_natural_C003.wav,2.02,143.27893064127747,125.00699632335737,40.170705749140495,102.27303975565174,206.36720572687278,12.153454096894322,83.24233500238466,267.77964948087106,100.0,0.07207870850605183,0.009009838563256479,0.35,124.88163783938768,0.5519893401952112,0.0,0.0,0.0,46.08294930875576,,10.063495260434092,2.7445754092536045,13.057017555675863,1.2205204139239618,8.867503223448772,5750.0,0.18071054572181408,655.0821141109326,2290.3111353308714,2939.4738476612474,13,,0.236764052617802,0.2190690308305636,0.4171603383372357,0.3380281690140845,0.18309859154929578,71,True,102.27303975565174,2.7445754092536045,10.063495260434092,0.2190690308305636,0.3380281690140845,,9192.607009187352,,1,,,0,-8.05878847835091,-10.61503143304141,9.88037297153206,6,,0,,0,,0,,0,,0,False
s02_B_natural_C004,s02,B_natural,C004,command,Play the new Noah Kahan album.,Play the new Noah Kahn album.,True,data/split/s02_B_natural_C004.wav,1.79,s02_B_natural_C004.wav,1.79,132.38757644627836,133.0696697296707,25.18710254367882,111.18286488542488,156.2624899466745,5.892444550427279,89.46878498134319,210.6289624863684,117.0,0.06706249560951534,0.008382811951189418,0.35,133.89364922217942,0.941845203624314,0.008620689655172414,4.0,3.0,56.79611650485437,,11.443988502406404,2.137577796706425,12.436232070241807,1.1865978918339783,10.072002622718895,5250.0,0.1758789357490279,480.2073668219217,1610.2501497838675,2668.805057571251,13,,0.24060914198957495,0.17946904852627615,0.5008796094627398,0.296875,0.25,64,True,111.18286488542488,2.137577796706425,11.443988502406404,0.17946904852627615,0.296875,,,,0,,,0,-8.309929144251337,-13.120055868508834,3.494007737552316,5,,0,,0,,0,,0,,0,False
s02_B_natural_C005,s02,B_natural,C005,command,Remind me to email my advisor on Monday.,Remind me to email my advisor on Monday.,False,data/split/s02_B_natural_C005.wav,3.29,s02_B_natural_C005.wav,3.29,122.74392499258232,118.77294891271995,26.861759407271585,88.8845489630389,161.91951122361877,10.383267380654928,54.855578072295145,206.58250404307074,126.0,0.10937811998066073,0.013672264997582591,0.35,119.40816823218108,0.42274365813158676,0.016,2.0,0.0,54.07725321888412,anchor_unreliable,8.516303484477907,2.605418824167175,13.083213789186901,1.2616932166328119,9.143342680123148,6000.0,0.2010680405327041,657.5710597538805,2372.3335013751457,3156.8471758307523,13,,0.3203371545638335,0.2680067068240848,0.6078802079334534,0.47058823529411764,0.38562091503267976,153,True,88.8845489630389,2.605418824167175,8.516303484477907,0.2680067068240848,0.47058823529411764,,,,0,,,0,-6.549514227170202,-9.137097565785707,3.844995177267225,10,,0,,0,,0,,0,,0,False
s02_B_natural_C006,s02,B_natural,C006,command,How long is the flight to Tokyo?,How long is the flight to Tokyo?,False,data/split/s02_B_natural_C006.wav,2.09,s02_B_natural_C006.wav,2.09,171.58252412285864,161.88191771307908,52.822558619588314,97.48700586681461,239.64642716601108,15.57150711206903,40.0,750.0,38.0,0.075,0.01875,0.35,148.78031554255148,0.0,0.0,0.0,0.0,35.18518518518518,anchor_unreliable;period_doubling_unresolved;period_doubling_present,7.079760767705422,2.2521611570438935,13.684966231623875,1.2982574723101696,9.193181671017111,4750.0,0.17880718824365427,546.5605202353519,1703.6941531858463,2670.5984394165735,13,,0.3208049567159126,0.26627284166416343,0.6661016299306283,0.4861111111111111,0.4305555555555556,72,True,97.48700586681461,2.2521611570438935,7.079760767705422,0.26627284166416343,0.4861111111111111,,,,0,,,0,14.926856831779101,28.231779031717668,11.505597537032472,6,,0,,0,,0,,0,,0,False
s02_B_natural_C007,s02,B_natural,C007,command,Add oat milk to my grocery list.,Add oat milk to my grocery list.,False,data/split/s02_B_natural_C007.wav,2.66,s02_B_natural_C007.wav,2.66,192.44715532195085,124.21818172834243,157.35115557873115,103.24123221553091,548.2652507301078,28.906257267533462,40.0,750.0,58.0,0.15,0.01875,0.35,119.84298303829164,0.6592809676689269,0.12280701754385964,5.0,1.0,43.28358208955224,jumpy;heavy_repair;period_doubling_unresolved;period_doubling_present,5.333305652163749,3.6824674408016915,20.190930340316317,1.614631710416329,9.208519475822795,6000.0,0.24718069589196254,545.1846899331053,1923.2468905123203,2992.3904188542533,13,,0.40332763494730606,0.35225239618788606,0.6472506939423278,0.640625,0.515625,64,True,103.24123221553091,3.6824674408016915,5.333305652163749,0.35225239618788606,0.640625,multiply_pulsed;irregular_f0,6317.208089532509,677.0996246724969,2,,,0,-3.4862769526857065,-4.098693695619566,-5.699633155367913,2,1.3374594644104398,1,1.3374594644104398,1,,0,,0,,0,True
s02_B_natural_C008,s02,B_natural,C008,command,Call the gelato shop on Orchard Street.,Call the gelato shop on Orchard Street.,False,data/split/s02_B_natural_C008.wav,2.42,s02_B_natural_C008.wav,2.42,125.99346690743002,123.25084445060115,31.56677359791909,99.76864621830555,170.1104344948711,9.237758813283893,40.0,750.0,39.0,0.075,0.01875,0.8,122.1911642177404,0.46082560464776545,0.02631578947368421,0.0,0.0,30.952380952380953,anchor_unreliable;period_doubling_unresolved;period_doubling_present,4.485854908734347,3.6914179734814243,16.464181104631976,1.5781005642694403,8.247018863456011,4250.0,0.2291005369844165,588.6433521340884,1378.1681059997209,2555.1895161992934,13,,0.37873633003920465,0.355186175497631,0.6362100624529421,0.5901639344262295,0.5081967213114754,61,True,99.76864621830555,3.6914179734814243,4.485854908734347,0.355186175497631,0.5901639344262295,multiply_pulsed;irregular_f0,6025.854909907574,,1,4423.304505203332,,1,,,,7,1.89671002045122,1,,0,,0,1.89671002045122,1,,0,False
s02_B_natural_C009,s02,B_natural,C009,command,Turn off the bedroom lights.,Turn off the bedroom lights.,False,data/split/s02_B_natural_C009.wav,1.74,s02_B_natural_C009.wav,1.74,133.68779028041732,133.02201824865114,22.497943321092787,98.39457884210213,165.77773513018946,9.031194262828988,72.37216280503989,221.02511461172563,62.0,0.08290480438125263,0.010363100547656578,0.35,142.940651766418,0.0,0.0,0.0,0.0,38.75,anchor_unreliable,10.039371249060801,2.289746281420304,12.318514759587822,1.1769678824372731,7.914427052607427,4750.0,0.17497592719502938,568.5945799823321,1687.6332058194826,2629.0544120404197,13,,0.2921787804439028,0.24060469318581673,0.5762772470834933,0.4,0.3,40,True,98.39457884210213,2.289746281420304,10.039371249060801,0.24060469318581673,0.4,,8570.955198936606,,1,,,0,-8.18578582625468,-10.045026489503918,4.135462979918422,3,,0,,0,,0,,0,,0,False
s02_B_natural_C010,s02,B_natural,C010,command,What time does the library close today?,What time does the library close today?,False,data/split/s02_B_natural_C010.wav,2.22,s02_B_natural_C010.wav,2.22,149.8831767247847,148.10387053302844,38.21252873295552,105.7913250490276,210.17548672462416,11.884477003690844,86.03971444554251,248.77078881998983,114.0,0.03486761920739292,0.00871690480184823,0.35,150.80472642290175,0.6648594731139892,0.008849557522123894,10.0,5.0,45.418326693227094,heavy_repair,8.332255235251338,2.4602128100928584,12.897017508602701,1.2165734880925132,9.001238865811825,4500.0,0.18394547705508105,581.9470960952201,1468.8603639349867,2592.915823442565,13,,0.28870182029341224,0.17927793466014544,0.6733354482349478,0.417910447761194,0.31343283582089554,67,True,105.7913250490276,2.4602128100928584,8.332255235251338,0.17927793466014544,0.417910447761194,,9262.003381895209,,1,,,0,-2.1875908885108033,-5.8428652821155085,11.05966718478662,6,,0,,0,,0,,0,,0,True
s02_B_natural_C011,s02,B_natural,C011,command,Navigate to Grand Central Terminal.,Navigate to Grand Central Terminal.,False,data/split/s02_B_natural_C011.wav,2.26,s02_B_natural_C011.wav,2.26,146.67268975405088,122.02585809935357,59.117773780528694,104.52165589351881,274.79604175321106,16.734712047690554,40.0,750.0,56.0,0.15,0.01875,0.35,121.8825588525743,0.574159199210927,0.01818181818181818,2.0,1.0,49.557522123893804,period_doubling_unresolved;period_doubling_present,5.297852938127988,3.3805377254281748,18.5814705294111,1.5647454292504133,8.583210469126612,6500.0,0.2578048501459207,704.1718631877895,2547.59132278759,3579.1765769512,13,ceiling_at_search_edge,0.39595500239904746,0.3411580597049332,0.6682479043167874,0.6619718309859155,0.4788732394366197,71,True,104.52165589351881,3.3805377254281748,5.297852938127988,0.3411580597049332,0.6619718309859155,multiply_pulsed;irregular_f0,7806.818927742761,,1,,,0,,,,7,2.7998727919460453,1,,0,,0,2.7998727919460453,1,,0,False
s02_B_natural_C012,s02,B_natural,C012,command,Send a photo to the choir group chat.,Send a photo to the choir group chat.,False,data/split/s02_B_natural_C012.wav,1.98,s02_B_natural_C012.wav,1.98,147.86160423341545,135.49657524580928,39.43403148446141,97.22258071780955,210.7043830834863,13.39028388266432,68.80816538477413,271.00269360112713,77.0,0.08719895329933736,0.01089986916241717,0.8,135.13825897907168,0.8297591180744783,0.0,0.0,0.0,44.252873563218394,,8.270505889405989,2.591235316453643,17.51692484570114,1.4334800910405723,8.300787842953492,4750.0,0.1857236029305267,581.6665762215771,1626.5764657934355,2586.7274751924424,13,,0.29379889007558657,0.250628117676246,0.5887588768644423,0.4666666666666667,0.3333333333333333,45,True,97.22258071780955,2.591235316453643,8.270505889405989,0.250628117676246,0.4666666666666667,,8142.823859545863,,1,,,0,-6.926764162418398,-10.168608112776376,8.651823792284139,6,,0,,0,,0,,0,,0,False
s02_B_natural_C013,s02,B_natural,C013,command,Show me my calendar for next Thursday.,Show me my calendar for next Thursday.,False,data/split/s02_B_natural_C013.wav,2.28,s02_B_natural_C013.wav,2.28,135.94931097709235,141.71676140010516,35.77451078228376,92.66340973583337,183.1086972560542,11.79154370705452,56.73015135689971,245.51317192327775,79.0,0.10576386377418434,0.013220482971773043,0.35,145.47440240898263,0.0,0.0,0.0,0.0,47.878787878787875,anchor_unreliable,7.840432597798221,2.3234587730703304,11.693279205303115,1.0550483770592993,8.355923795519729,3500.0,0.2295556315575539,453.73393294149537,1245.583599196636,2071.128040161191,13,ceiling_at_search_edge,0.16945178505733963,0.14735653693781176,0.2692791338071905,0.08064516129032258,0.04838709677419355,62,True,92.66340973583337,2.3234587730703304,7.840432597798221,0.14735653693781176,0.08064516129032258,,7723.899614154215,,1,4778.940952915614,,1,-0.21594829134267002,-1.7841238470133973,11.38193096689957,6,,0,,0,,0,,0,,0,False
s02_B_natural_C014,s02,B_natural,C014,command,Convert eighty degrees Fahrenheit to Celsius.,Convert eighty degrees Fahrenheit to Celsius.,False,data/split/s02_B_natural_C014.wav,2.42,s02_B_natural_C014.wav,2.42,124.81570503547181,127.67173160934128,20.44572414060809,95.25041697152544,150.53521826398395,7.923644843065406,77.90925690089372,207.9830092154122,121.0,0.07701267139067235,0.009626583923834043,0.8,127.95607739576404,0.928578567567705,0.0,8.0,4.0,49.59016393442623,,8.447908912378674,2.634153457947623,16.283559391558473,1.427830423817643,8.486588628917577,4750.0,0.15950183502052806,526.2857243057792,1862.6163539934034,2585.9995541525486,13,,0.30735807166288825,0.18529875836209087,0.6808164666855486,0.3855421686746988,0.3493975903614458,83,True,95.25041697152544,2.634153457947623,8.447908912378674,0.18529875836209087,0.3855421686746988,,7525.911091695629,358.7589726475727,2,,,0,-8.265288827054617,-12.752742317345486,1.65392763377257,8,4.910534865683436,2,4.763399918188971,1,,0,,0,5.057669813177901,1,False
s02_B_natural_C015,s02,B_natural,C015,command,Skip to the next song.,Skip to the next song.,False,data/split/s02_B_natural_C015.wav,1.76,s02_B_natural_C015.wav,1.76,153.09855053895345,158.6780375360891,25.498477348550374,114.7222643616308,178.03691668316904,7.608372190978548,40.0,750.0,24.0,0.15,0.01875,0.35,145.56538881431086,0.0,0.0,0.0,0.0,27.906976744186046,anchor_unreliable;period_doubling_unresolved,2.5145285455370816,3.864032401577725,13.90625900391364,1.3540764927581264,7.996110573288535,5000.0,0.1629842622601058,650.3541508742194,1634.8436768178553,2706.35044537281,13,,0.35275290999732806,0.27369432687643336,0.6834898277382849,0.5,0.3235294117647059,34,True,114.7222643616308,3.864032401577725,2.5145285455370816,0.27369432687643336,0.5,irregular_f0,7613.10180547676,1266.645098464175,3,,,0,,,,5,,0,,0,,0,,0,,0,False
s02_B_natural_C016,s02,B_natural,C016,command,What's the score of the Mets game?,What's the score of the Mets game?,False,data/split/s02_B_natural_C016.wav,1.76,s02_B_natural_C016.wav,1.76,146.0916565308243,151.01831064086588,27.635721628748517,107.30623639931842,186.912767127351,9.60757429648737,89.74625377045378,237.31821573981836,63.0,0.06685515827040925,0.008356894783801156,0.8,151.2336223464856,0.8953136984826918,0.0,2.0,1.0,31.03448275862069,,6.728633572232267,2.7253706264489526,14.047215788381004,1.3831014317138457,7.418398848890632,5000.0,0.19049030486826626,641.1926498884266,1567.215506772161,2662.4040026387274,13,,0.34573439484328294,0.23673235323417957,0.7901063267483828,0.3684210526315789,0.34210526315789475,38,True,107.30623639931842,2.7253706264489526,6.728633572232267,0.23673235323417957,0.3684210526315789,,8013.408257023099,1209.1648257955271,3,,,0,-1.1861121764157332,-3.5138455694478665,8.740371488605765,4,41.0369730980118,1,41.0369730980118,1,,0,,0,,0,False
s02_B_natural_C017,s02,B_natural,C017,command,Set an alarm for six forty-five.,Set an alarm for six forty-five.,False,data/split/s02_B_natural_C017.wav,2.055,s02_B_natural_C017.wav,2.055,128.86959948734648,115.17020197560943,30.487937129235632,91.99000837549667,177.5626777182964,11.38535155127821,82.38105107307302,333.15587951166566,79.0,0.072832282689352,0.009104035336169,0.35,130.76251442250654,0.39636622062904814,0.02564102564102564,6.0,0.0,36.23853211009175,anchor_unreliable,7.040542270070657,2.140007206511946,17.02065639738741,1.6948702641035123,7.983895862070959,3750.0,0.1692510767126929,558.5852343389595,1327.4386218533214,2129.4027953883306,13,,0.3595446892845702,0.27337909927238224,0.6964445672285682,0.484375,0.375,64,True,91.99000837549667,2.140007206511946,7.040542270070657,0.27337909927238224,0.484375,,7579.232587395424,304.7521777642827,3,,,0,-6.71692425459509,-12.047938897096444,1.1560656659436692,7,,0,,0,,0,,0,,0,False
s02_B_natural_C018,s02,B_natural,C018,command,Find a ramen place open past midnight.,Find a ramen place open past midnight.,False,data/split/s02_B_natural_C018.wav,2.7,s02_B_natural_C018.wav,2.7,132.53941966676567,122.29344150855223,31.300414046817956,103.31232567007321,173.52728609466521,8.977801805104539,71.60577111575496,284.09244668515277,84.0,0.041896064426850774,0.010474016106712693,0.8,121.80471971010459,0.5475365146192746,0.03614457831325301,8.0,2.0,33.07086614173228,heavy_repair,8.420362725700944,4.2618938193254445,17.092767926946077,1.4350986898257079,7.67468915066378,4000.0,0.22458192252898815,464.3209334563109,1268.7337442260107,2322.4455694179687,13,,0.34399296117654865,0.2691726947279631,0.6005095420749692,0.48717948717948717,0.358974358974359,78,True,103.31232567007321,4.2618938193254445,8.420362725700944,0.2691726947279631,0.48717948717948717,irregular_f0,7220.858052468746,670.0775423157536,2,,,0,-9.036639193749856,-10.1958122626679,0.9739773010596124,7,,0,,0,,0,,0,,0,True
s02_B_natural_C019,s02,B_natural,C019,command,Read my last message from Anjali.,Read my last message from Anjali.,False,data/split/s02_B_natural_C019.wav,2.26,s02_B_natural_C019.wav,2.26,123.88329327604905,122.68195272600458,26.957479590205487,96.61378008370687,168.32254137109953,9.611130128328968,59.50686369699185,212.6590266851016,77.0,0.10082870491296465,0.012603588114120582,0.35,121.23378845996642,0.6408894093530906,0.0,0.0,0.0,44.76744186046512,,6.802434053159334,2.2127248235440615,13.12008303874754,1.2145847369325473,8.165449674899955,4250.0,0.24814663508505777,429.7378178422176,1378.2537309173467,2457.332254722771,13,,0.30476674223467914,0.24907379153166517,0.6732760456370498,0.4838709677419355,0.3387096774193548,62,True,96.61378008370687,2.2127248235440615,6.802434053159334,0.24907379153166517,0.4838709677419355,,7452.286907448495,415.66370426567244,2,,,0,-8.18286768209565,-11.360439587349104,1.9858159724889954,5,,0,,0,,0,,0,,0,False
s02_B_natural_C020,s02,B_natural,C020,command,How do you say thank you in Japanese?,How do you say thank you in Japanese?,False,data/split/s02_B_natural_C020.wav,2.1,s02_B_natural_C020.wav,2.1,140.49912546530686,141.87529792381173,36.985326784903734,89.57043544361885,201.43823939392226,14.030916646648775,59.16900767535796,243.9647895582875,70.0,0.05070221925066028,0.01267555481266507,0.35,135.8713544485087,0.5388754176476298,0.0,0.0,0.0,43.20987654320987,period_doubling_present,6.88538498023905,3.046435256157693,16.42030085459537,1.4060368092986144,7.125374515818962,4750.0,0.19453847614807815,487.7693857548905,1666.8126848242155,2591.967099917074,13,,0.34076006214301735,0.28187429839392,0.6849312845752094,0.5,0.4305555555555556,72,True,89.57043544361885,3.046435256157693,6.88538498023905,0.28187429839392,0.5,multiply_pulsed;irregular_f0,8277.34600537949,,1,,,0,-4.3396530629476215,-6.581220234359142,7.3524494267530995,5,,0,,0,,0,,0,,0,False
s02_B_natural_C021,s02,B_natural,C021,command,Start a workout on my watch.,Start a workout on my watch.,False,data/split/s02_B_natural_C021.wav,1.64,s02_B_natural_C021.wav,1.64,114.42181714782981,116.56879112212259,14.566058109876526,95.0864221985534,132.77388544849362,5.779922000901001,55.89837611815163,187.10250538322134,50.0,0.107337644072484,0.0134172055090605,0.35,119.5750711940037,0.4454353479109857,0.0,0.0,0.0,43.47826086956522,anchor_unreliable,7.09717626487655,1.9725859790210016,14.760547469948785,1.354758786622475,8.515926243397384,4500.0,0.17077174751558166,603.1931037488994,1327.3599456553166,2481.217165773158,13,,0.34485567530683664,0.29755667204398206,0.5917608337839836,0.5471698113207547,0.37735849056603776,53,True,95.0864221985534,1.9725859790210016,7.09717626487655,0.29755667204398206,0.5471698113207547,multiply_pulsed,7721.1117501557,,1,,,0,-9.28309315253232,-9.930761887467952,-1.8080293154858058,4,8.164994858212982,3,3.361488143463376,1,,0,10.566748215587785,2,,0,False
s02_B_natural_C022,s02,B_natural,C022,command,Cancel my reminder about the dentist.,Cancel my reminder about the dentist.,False,data/split/s02_B_natural_C022.wav,2.41,s02_B_natural_C022.wav,2.41,117.35568368008092,114.816874255692,24.77986595435585,90.85453129340637,160.01957108243263,9.799415869784639,52.83461884890667,195.36924851396313,68.0,0.11356190563536468,0.014195238204420585,0.35,114.92923855174557,0.8364742031660632,0.014925373134328358,0.0,0.0,41.97530864197531,,7.326605312336311,2.2600134604572517,12.53490327832994,1.152391615409021,8.544513627933407,6500.0,0.22643005335729208,659.3140809284163,2548.8060465016524,3634.842146680582,13,ceiling_at_search_edge,0.3015771315867198,0.2749825364390882,0.5638153237892805,0.4772727272727273,0.32954545454545453,88,True,90.85453129340637,2.2600134604572517,7.326605312336311,0.2749825364390882,0.4772727272727273,,7472.44572999913,167.9864261607613,2,,,0,-4.743810480208287,-5.332920964322828,5.226376545677936,7,,0,,0,,0,,0,,0,False
s02_B_natural_C023,s02,B_natural,C023,command,Take a note about the pitch analysis.,Take a note about the pitch analysis.,False,data/split/s02_B_natural_C023.wav,2.26,s02_B_natural_C023.wav,2.26,145.14940147532934,136.67910125167367,42.78309360722937,90.30584759669472,206.95242651702776,14.356894190835021,73.39953476521572,312.1795125114475,80.0,0.08174438733422898,0.010218048416778622,0.35,159.60227450116867,0.0,0.012658227848101266,0.0,0.0,37.38317757009346,anchor_unreliable;period_doubling_present,7.246895590360743,3.9318163535638244,13.39103861022712,1.4178424374499754,7.581225724101979,5250.0,0.19048483358340274,616.6576926351188,2069.1112569535935,2710.4012025555885,13,,0.381030376114448,0.29748743041515835,0.7778181494652829,0.5573770491803278,0.45901639344262296,61,True,90.30584759669472,3.9318163535638244,7.246895590360743,0.29748743041515835,0.5573770491803278,multiply_pulsed;irregular_f0,8587.846109628603,,1,,,0,-1.3824636634034162,-4.747481008452677,2.174482401660205,7,4.383895031211171,1,4.383895031211171,1,,0,,0,,0,False
s02_B_natural_C024,s02,B_natural,C024,command,What is twenty percent of forty-three dollars?,What is twenty percent of forty-three dollars?,False,data/split/s02_B_natural_C024.wav,1.98,s02_B_natural_C024.wav,1.98,143.61483718553666,143.42710324649076,30.178575260123537,103.69920130396704,184.40769998161082,9.96592937477137,89.96119738811423,229.90364981133084,129.0,0.06669542173960355,0.008336927717450444,0.35,143.42435892981464,0.8026582100546722,0.0078125,2.0,1.0,56.08695652173913,period_doubling_present,6.786814101880398,3.605790950544035,16.784361042723006,1.5259731075939391,8.446896123210802,4000.0,0.1865863721752856,479.98095028562705,1429.3064706572095,2523.649428244335,13,,0.3960111309958216,0.2812531795989474,0.844929180884443,0.5,0.45714285714285713,70,True,103.69920130396704,3.605790950544035,6.786814101880398,0.2812531795989474,0.5,multiply_pulsed;irregular_f0,7755.033370661757,,1,,,0,-5.639737327592239,-8.396856536261241,4.616534923310459,9,,0,,0,,0,,0,,0,False
s02_B_natural_C025,s02,B_natural,C025,command,Turn the volume down a little.,Turn the volume down a little.,False,data/split/s02_B_natural_C025.wav,1.86,s02_B_natural_C025.wav,1.86,200.24785817998335,154.35388720192287,163.62368173910295,87.38061798776455,504.59478478777135,30.356880975543326,40.0,750.0,42.0,0.075,0.01875,0.8,161.23164086991773,0.0,0.04878048780487805,0.0,0.0,43.75,anchor_unreliable;period_doubling_unresolved;period_doubling_present,7.422587308123044,3.881753374037824,18.46028726065273,1.7005819071675616,8.64998794538246,5000.0,0.16719010892404548,563.5913964732844,1825.2998485038338,2666.0499757928187,13,,0.3992771123864972,0.37786480819179463,0.7049738740870946,0.6666666666666666,0.543859649122807,57,True,87.38061798776455,3.881753374037824,7.422587308123044,0.37786480819179463,0.6666666666666666,multiply_pulsed;irregular_f0,,,0,,,0,,,,2,,0,,0,,0,,0,,0,False
s02_B_natural_C026,s02,B_natural,C026,command,Open the Praat documentation in Safari.,Open the Pratt documentation in Safari.,True,data/split/s02_B_natural_C026.wav,2.34,s02_B_natural_C026.wav,2.34,128.5293713671828,116.27515047222535,32.58157128791111,102.35215991140223,194.26383001425947,11.093709156083344,57.481226629090315,281.8099119066796,83.0,0.0521909530455592,0.0130477382613898,0.8,116.90262933612925,0.6368569616340418,0.0,0.0,0.0,47.15909090909091,,8.368306117165973,2.4060355336248325,14.949299624073117,1.2416277028432083,8.404855099696325,5000.0,0.19716053881945309,550.3804556317915,1727.887514929964,2607.431478129987,13,,0.2919398717173994,0.25962877781059174,0.5261982174789523,0.4605263157894737,0.3157894736842105,76,True,102.35215991140223,2.4060355336248325,8.368306117165973,0.25962877781059174,0.4605263157894737,,7999.996883425071,,1,4009.985256658752,,1,-7.49739152568139,-8.622829972874142,-1.0732289159761823,7,38.08394504568891,1,,0,,0,,0,38.08394504568891,1,False
s02_B_natural_C027,s02,B_natural,C027,command,Schedule a meeting for Friday afternoon.,Schedule a meeting for Friday afternoon.,False,data/split/s02_B_natural_C027.wav,2.7,s02_B_natural_C027.wav,2.7,123.27513777326287,124.10909836953319,29.87388908976944,91.24754535712107,177.9362524645748,11.562033820550084,54.243794227946836,202.89190579675576,84.0,0.11061173145053987,0.013826466431317484,0.8,125.22427910934897,0.29941725201949787,0.0,0.0,0.0,44.680851063829785,anchor_unreliable,6.830430213499777,2.6101512491745362,13.497580049580149,1.3965872658633223,8.223327576059134,5000.0,0.21652490077162986,540.6510484494465,1875.7542301066985,2571.478050716155,13,,0.30750687642207,0.282940614349937,0.5782745388614516,0.5063291139240507,0.35443037974683544,79,True,91.24754535712107,2.6101512491745362,6.830430213499777,0.282940614349937,0.5063291139240507,multiply_pulsed,8064.607476679395,,1,,,0,-9.514201903873191,-11.416858617757473,-4.380808762050269,11,4.45373856018394,1,,0,,0,4.45373856018394,1,,0,False
s02_B_natural_C028,s02,B_natural,C028,command,Is it going to rain this evening?,Is it gonna rain this evening?,True,data/split/s02_B_natural_C028.wav,1.26,s02_B_natural_C028.wav,1.26,151.78003186340786,147.98658666498056,30.876372639099444,113.80254278631278,198.55408722793473,9.635991187553973,69.8060288099683,258.1520637612272,77.0,0.08595246144618386,0.010744057680772983,0.35,147.65348245594902,0.947961902308272,0.0,2.0,1.0,70.0,,9.002963066117644,2.3666112326053956,14.03962678615879,1.1701939948567812,11.203259932847107,5000.0,0.171305771401893,428.7026286053114,1834.5880299452726,2603.1680841276157,13,,0.26021047764476624,0.21629097499939753,0.5642140399009057,0.3880597014925373,0.2537313432835821,67,True,113.80254278631278,2.3666112326053956,9.002963066117644,0.21629097499939753,0.3880597014925373,,8050.959583639906,,1,,,0,-0.5798254258279224,-6.991913772056201,4.201025671814243,8,,0,,0,,0,,0,,0,False
s02_B_natural_C029,s02,B_natural,C029,command,Play something quiet while I study.,Play something quiet while I study.,False,data/split/s02_B_natural_C029.wav,2.22,s02_B_natural_C029.wav,2.22,144.42876040782716,154.30450053912054,42.03417152059773,89.44298139164631,199.86587312013765,13.919903654865646,80.32121474526411,286.3047414058374,91.0,0.07470006546874057,0.009337508183592571,0.35,171.67246374374392,0.0,0.0,0.0,0.0,39.56521739130435,anchor_unreliable;period_doubling_present,6.831652324777798,3.8531164768053294,14.616371824806281,1.4501104035410628,7.5407196700372525,6500.0,0.205762243434599,943.7776572851949,2649.916476004894,3976.059144896438,13,ceiling_at_search_edge,0.3901910042975072,0.3178009431140986,0.7649396236433381,0.578125,0.46875,64,True,89.44298139164631,3.8531164768053294,6.831652324777798,0.3178009431140986,0.578125,multiply_pulsed;irregular_f0,7630.294598448195,936.9244471471748,2,,,0,-1.9221989448754158,-3.6896027998750376,9.36377741041625,6,2.637749881461371,1,,0,,0,2.637749881461371,1,,0,False
s02_B_natural_C030,s02,B_natural,C030,command,Delete the last voice memo.,Delete the last voice memo.,False,data/split/s02_B_natural_C030.wav,1.66,s02_B_natural_C030.wav,1.66,114.23601662214197,119.366569486715,16.05637689362456,89.60330717387409,130.14713299819368,6.462235730045812,74.63245910020339,286.64625197106056,74.0,0.08039397431544164,0.010049246789430205,0.8,123.14478126285441,0.6466748709656283,0.0684931506849315,8.0,2.0,46.835443037974684,jumpy;heavy_repair;period_doubling_present,7.937849490132832,2.8478245759680094,15.833138959879204,1.456440391996148,8.696152934711948,5500.0,0.23188899719741476,561.7356246714746,1824.7090737522512,2785.0627234746275,13,,0.39025098450613765,0.3184683923589827,0.7745257555596254,0.5370370370370371,0.48148148148148145,54,True,89.60330717387409,2.8478245759680094,7.937849490132832,0.3184683923589827,0.5370370370370371,multiply_pulsed,7435.037042830568,1147.873962156746,2,,,0,-8.296004042136952,-11.362125642613913,-1.5842157388866713,4,,0,,0,,0,,0,,0,True
s02_B_natural_C031,s02,B_natural,C031,command,What's the fastest way to Morningside Heights?,What's the fastest way to Morningside Heights?,False,data/split/s02_B_natural_C031.wav,2.54,s02_B_natural_C031.wav,2.54,133.07502625079348,116.83763771666554,40.922777732938535,94.06472268012749,206.71788603548924,13.631250595841534,71.92594752742701,230.5411800546876,92.0,0.041709565228265244,0.010427391307066311,0.35,116.52586995834967,0.47775135486163145,0.03296703296703297,0.0,0.0,38.333333333333336,anchor_unreliable;period_doubling_present,5.428702583903784,2.876735290852209,19.32440887336513,1.5767509934102892,7.5392795905495955,4750.0,0.22390190416392744,522.9692373917026,1457.5084308188486,2578.600980222054,13,,0.41229397935875545,0.3646895019672635,0.7372985548768826,0.6413043478260869,0.5217391304347826,92,True,94.06472268012749,2.876735290852209,5.428702583903784,0.3646895019672635,0.6413043478260869,multiply_pulsed,7511.820818218863,903.2721230867749,5,,,0,-3.879442085068921,-5.630822048360865,-0.89479974135932,6,,0,,0,,0,,0,,0,False
s02_B_natural_C032,s02,B_natural,C032,command,Add a wisteria trellis to my shopping list.,Add a wisteria trellis to my shopping list.,False,data/split/s02_B_natural_C032.wav,2.66,s02_B_natural_C032.wav,2.66,151.26813576853488,150.04597206182197,26.92294060674562,113.09172819582031,187.6267422117922,8.764464685443981,68.45534047169562,371.18104211432455,64.0,0.08764838445995068,0.010956048057493836,0.8,149.0193765508311,0.3750679771289547,0.0,0.0,0.0,27.23404255319149,anchor_unreliable;period_doubling_present,6.873711953337416,2.435476017811736,10.623271293298819,1.1104766008093427,7.75714648351735,3750.0,0.20463052558115202,524.6289521206787,1431.3420176798688,2362.3870086059133,13,,0.4015645118608536,0.3315683757753053,0.7598067432516037,0.6078431372549019,0.47058823529411764,51,True,113.09172819582031,2.435476017811736,6.873711953337416,0.3315683757753053,0.6078431372549019,multiply_pulsed,6107.417279367626,,1,4725.6136405359875,,1,-8.256279985236086,-9.253645825688695,0.49318684421494535,5,,0,,0,,0,,0,,0,False
s02_B_natural_C033,s02,B_natural,C033,command,Tell me a joke about linguists.,Tell me a joke about linguists.,False,data/split/s02_B_natural_C033.wav,1.98,s02_B_natural_C033.wav,1.98,147.54207921065773,145.36913302204817,25.5057904177708,113.72049224320456,187.03232886408432,8.61354498146253,89.76305445132526,238.62890927057114,76.0,0.06684264519155315,0.008355330648944144,0.35,151.56210408652333,0.42849495303697926,0.0,0.0,0.0,33.18777292576419,anchor_unreliable,10.233483233220946,2.3764409586768105,12.15132641424114,1.1208777270544035,7.693960653210055,6250.0,0.20779266815029893,927.8726452840417,2480.5798181869313,3698.318658901006,13,,0.3039480585597811,0.13392314613264636,0.8177779102857965,0.3111111111111111,0.26666666666666666,45,True,113.72049224320456,2.3764409586768105,10.233483233220946,0.13392314613264636,0.3111111111111111,,8024.371712443175,1182.2509981499334,2,,,0,-7.689940023419666,-11.33536646222121,-1.4871473809382856,4,,0,,0,,0,,0,,0,False
s02_B_natural_C034,s02,B_natural,C034,command,Show me photos from Cape Cod.,Show me photos from Cape Cod.,False,data/split/s02_B_natural_C034.wav,2.0,s02_B_natural_C034.wav,2.0,151.43305033513977,143.54219846066883,32.20983540311518,111.41484376386774,205.62866919701204,10.609199603522661,95.71924401062162,271.4975691264933,79.0,0.06268331997413396,0.007835414996766744,0.35,143.6800600608924,0.8110534863451279,0.0,4.0,2.0,31.85483870967742,period_doubling_present,8.073861893494266,2.361686408334303,15.869379666704935,1.4587004979129157,7.9666996758440165,4750.0,0.17027687223263463,664.4169064103608,1860.9230075426567,2614.7742577497215,13,,0.42243301139428885,0.3761175805862339,0.8690885540117682,0.5769230769230769,0.5,26,True,111.41484376386774,2.361686408334303,8.073861893494266,0.3761175805862339,0.5769230769230769,multiply_pulsed,,,0,4970.324007411929,,1,-0.5113146547939825,-6.246980503119251,5.949753278273487,3,,0,,0,,0,,0,,0,False
s02_B_natural_C035,s02,B_natural,C035,command,How many days until September first?,How many days until September first?,False,data/split/s02_B_natural_C035.wav,2.51,s02_B_natural_C035.wav,2.51,156.30875603909325,124.76692810426005,55.53969252796612,100.72847439192137,241.62381313426255,15.1474929259224,83.88284289885496,497.79996588744154,86.0,0.071528333955428,0.0089410417444285,0.35,124.77825167306838,0.5924201304126895,0.0,2.0,1.0,31.501831501831504,,8.095228062818693,3.913746536969856,13.413826630191977,1.1333866256295972,7.6654217846065835,6500.0,0.18090527977042417,841.074788456845,2556.7733200987723,3835.971031864251,13,ceiling_at_search_edge,0.3105084072611479,0.25643014570945055,0.6672497786831695,0.43333333333333335,0.31666666666666665,60,True,100.72847439192137,3.913746536969856,8.095228062818693,0.25643014570945055,0.43333333333333335,irregular_f0,7663.570896844643,,1,,,0,-5.5479185585257325,-8.975976043120209,9.438392893220286,7,,0,,0,,0,,0,,0,False
s02_B_natural_C036,s02,B_natural,C036,command,Turn on do not disturb until noon.,Turn on do not disturb until noon.,False,data/split/s02_B_natural_C036.wav,2.3,s02_B_natural_C036.wav,2.3,143.6778206453651,150.56812638717315,30.259036340932813,105.63954190931399,182.1359227171975,9.430386515033227,61.21786245475447,258.01359011625664,89.0,0.09801060931251139,0.012251326164063924,0.35,153.54234611562578,0.08050191152113817,0.0,0.0,0.0,49.44444444444444,anchor_unreliable,9.535099638604382,2.5154293565134456,13.345871471865262,1.18317949148965,9.006892624347124,3750.0,0.17820192088919598,504.76884343413883,1380.9477748228132,2392.2701574334587,13,,0.23955922393225382,0.1732784966528152,0.49605498216273847,0.2777777777777778,0.19444444444444445,72,True,105.63954190931399,2.5154293565134456,9.535099638604382,0.1732784966528152,0.2777777777777778,,6853.923213072158,,1,,,0,-6.381244367461742,-8.636833413535204,3.454590266707168,5,3.63033294840176,1,,0,,0,3.63033294840176,1,,0,False
s02_B_natural_C037,s02,B_natural,C037,command,Where is the nearest pharmacy?,Where is the nearest pharmacy?,False,data/split/s02_B_natural_C037.wav,1.96,s02_B_natural_C037.wav,1.96,158.91479747064014,132.44753551296125,51.630652174475635,105.35879045675212,229.5501681779395,13.481985608385717,79.7863982970979,316.28178975845077,49.0,0.07520078770391418,0.009400098462989273,0.8,136.54839293966126,0.0,0.020833333333333332,0.0,0.0,24.378109452736318,anchor_unreliable,7.581221513932056,2.5186839790331628,10.058719056531409,0.905439188294005,7.5998628859203174,6000.0,0.16896004108322063,843.7289357674917,2446.0829767271616,3577.999236543611,13,,0.277490689797542,0.1798037726646392,0.7152220158183655,0.34,0.22,50,True,105.35879045675212,2.5186839790331628,7.581221513932056,0.1798037726646392,0.34,,7185.880957372739,841.992136857373,2,,,0,-7.917750231906534,-14.444353233243305,5.193988067541883,5,,0,,0,,0,,0,,0,False
s02_B_natural_C038,s02,B_natural,C038,command,Email the lab about the annotation deadline.,Email the lab about the annotation deadline.,False,data/split/s02_B_natural_C038.wav,2.63,s02_B_natural_C038.wav,2.63,124.92694491101958,121.698604173962,25.009545068034555,100.32796715144899,160.70773802374845,8.156586866477602,57.25528444104399,208.25450142392765,82.0,0.10479382049316732,0.013099227561645915,0.8,124.44732212272125,0.4465715387967193,0.0,0.0,0.0,42.487046632124354,anchor_unreliable;period_doubling_present,7.858587622714054,2.183807150546861,15.22735551456044,1.406425901054841,9.017794853558772,4750.0,0.21605600401195788,534.1872049673536,1447.6150482857806,2627.607364405388,13,,0.37440015947631083,0.2935853166226264,0.6855766555275756,0.5132743362831859,0.4247787610619469,113,True,100.32796715144899,2.183807150546861,7.858587622714054,0.2935853166226264,0.5132743362831859,multiply_pulsed,,,0,3683.213192484405,,1,-10.031023493908664,-12.879561236372231,-4.651041764682652,10,,0,,0,,0,,0,,0,False
s02_B_natural_C039,s02,B_natural,C039,command,What's on my agenda this morning?,What's on my agenda this morning?,False,data/split/s02_B_natural_C039.wav,1.92,s02_B_natural_C039.wav,1.92,154.5490703236915,127.36624025258362,51.546145106910544,100.23201503645895,226.82250287052062,14.138644603323804,40.0,750.0,44.0,0.15,0.01875,0.8,121.15330580536141,0.0,0.046511627906976744,2.0,0.0,46.31578947368421,anchor_unreliable;period_doubling_unresolved;period_doubling_present,4.7512199495377825,3.044114126710558,13.836608763737853,1.2383384980488479,8.82816030024827,4750.0,0.20645010621470508,579.6586251286908,1623.5679260296197,2626.9951270014844,13,,0.3925868165842373,0.3553475692431964,0.6687614383338174,0.6666666666666666,0.5151515151515151,66,True,100.23201503645895,3.044114126710558,4.7512199495377825,0.3553475692431964,0.6666666666666666,multiply_pulsed;irregular_f0,7399.269562946627,161.30081358221818,2,,,0,,,,7,,0,,0,,0,,0,,0,False
s02_B_natural_C040,s02,B_natural,C040,command,Play white noise for thirty minutes.,Play white noise for thirty minutes.,False,data/split/s02_B_natural_C040.wav,2.2,s02_B_natural_C040.wav,2.2,133.5978687587691,127.83934783916219,37.2380549159718,85.41358562653821,181.32029864626162,13.0320357435836,65.20040996126812,252.68276045424943,67.0,0.046011980626841614,0.011502995156710404,0.35,128.35652400659956,0.2647308785310494,0.015151515151515152,1.0,0.0,35.638297872340424,anchor_unreliable,7.945363894814142,2.821488447272278,10.835539569667157,1.0158033171769902,7.911051514730233,6500.0,0.17559448755548013,716.8067321175026,2562.56360222667,3779.2261396258737,13,ceiling_at_search_edge,0.3350324730263026,0.2136670561424829,0.7330475493161672,0.43137254901960786,0.37254901960784315,51,True,85.41358562653821,2.821488447272278,7.945363894814142,0.2136670561424829,0.43137254901960786,,9087.394104789668,,1,,,0,-4.4006184015855005,-7.049658229876584,-3.7874338078211913,5,,0,,0,,0,,0,,0,False
s02_B_natural_D001,s02,B_natural,D001,declarative,The old bridge groaned under the weight of the truck.,The old bridge groaned under the weight of the truck.,False,data/split/s02_B_natural_D001.wav,2.92,s02_B_natural_D001.wav,2.92,124.32835912559567,118.35451549667059,43.334740502118805,94.21902578232985,162.01329904582354,9.384263080754662,77.40821565527584,287.7493763889402,139.0,0.07751115239136847,0.009688894048921058,0.8,118.25014120315822,0.7333599997369815,0.036231884057971016,9.0,2.0,47.27891156462585,,9.052558206030525,2.60099800610664,16.17973254334808,1.3725493147313597,8.743550698655643,4750.0,0.1975825180831985,494.9986427920915,1543.5667457942673,2601.4128835531546,13,,0.30049179528100517,0.24681534222754395,0.6075182949057657,0.3950617283950617,0.30864197530864196,81,True,94.21902578232985,2.60099800610664,9.052558206030525,0.24681534222754395,0.3950617283950617,,,,0,,,0,-1.7030800293517019,0.6384622794154737,2.411128486134892,8,,0,,0,,0,,0,,0,False
s02_B_natural_D002,s02,B_natural,D002,declarative,She poured the vinegar into a shallow glass dish.,She poured the vinegar into a shallow glass dish.,False,data/split/s02_B_natural_D002.wav,2.88,s02_B_natural_D002.wav,2.88,111.05140616685962,106.38593488449663,20.19127147049804,91.76181096437074,132.28190025018503,6.3317988754614305,53.79508476420163,183.22727918817378,97.0,0.11153435348786267,0.013941794185982834,0.35,111.00672078482548,0.6060090333435217,0.0,0.0,0.0,48.743718592964825,,5.858478866682486,3.5482100377986603,15.660777797943476,1.4127403123048454,8.103506045707393,4500.0,0.22215777652254656,526.4691203981897,1707.0235889495157,2595.601705821012,13,,0.34194023037355314,0.31279332388194236,0.552688582354927,0.5875,0.3625,80,True,91.76181096437074,3.5482100377986603,5.858478866682486,0.31279332388194236,0.5875,multiply_pulsed;irregular_f0,7961.118518231699,,1,4469.411439691117,659.4511433207434,3,-6.70015707723793,-7.464505710103465,-2.332399477289848,8,,0,,0,,0,,0,,0,False
s02_B_natural_D003,s02,B_natural,D003,declarative,Seven zebras wandered across the dusty road.,Seven zebras wandered across the dusty road.,False,data/split/s02_B_natural_D003.wav,2.75,s02_B_natural_D003.wav,2.75,122.74666693671155,112.98311057139848,25.098200879932644,95.45417413227507,163.20188505084383,9.285330349906946,58.41496102266778,193.51256439098265,78.0,0.1027134127106875,0.012839176588835937,0.35,114.35939672833251,0.661125055034925,0.0,0.0,0.0,37.68115942028985,,7.18064395031469,2.8815923025224834,18.597699124961746,1.6129017213385788,7.921817569959034,4750.0,0.21412072842422594,503.6847659483026,1441.354489588533,2568.238061493301,13,,0.31390120177422726,0.258306666285837,0.6960118699613211,0.4268292682926829,0.3170731707317073,82,True,95.45417413227507,2.8815923025224834,7.18064395031469,0.258306666285837,0.4268292682926829,,7900.538913589021,516.3027080258972,3,,,0,-7.307387548582471,-8.45388711930417,2.7038164215768,8,,0,,0,,0,,0,,0,False
s02_B_natural_D004,s02,B_natural,D004,declarative,My grandmother kept her thimbles in a wooden box.,My grandmother kept her thimbles in a wooden box.,False,data/split/s02_B_natural_D004.wav,2.78,s02_B_natural_D004.wav,2.78,133.26141713080017,126.6139838727814,26.963340986315274,104.20079125631226,181.87049669104795,9.642543514985212,82.94219333235228,331.0574068572917,147.0,0.07233953864660643,0.009042442330825804,0.35,127.87812731312265,0.7626355736969411,0.0136986301369863,10.0,3.0,49.0,,10.54943479955305,2.992179477647404,16.185434243835005,1.485392521963381,8.588851533633527,4500.0,0.2252920413053198,472.05814652868855,1486.1390022263754,2534.7066153994165,13,,0.2853047839531784,0.2232988805002288,0.6179869403435028,0.3614457831325301,0.3253012048192771,83,True,104.20079125631226,2.992179477647404,10.54943479955305,0.2232988805002288,0.3614457831325301,,,,0,,,0,-3.573843051493141,-6.2463913273640275,8.961560989237869,8,,0,,0,,0,,0,,0,False
s02_B_natural_D005,s02,B_natural,D005,declarative,The judge asked for silence in the crowded room.,The judge asked for silence in the crowded room.,False,data/split/s02_B_natural_D005.wav,2.55,s02_B_natural_D005.wav,2.55,113.91726223687442,113.51230834874042,22.207463349199454,88.35257241542907,147.84012979720185,8.912326601148088,68.27679766281733,190.70724471787864,94.0,0.08787758367975601,0.010984697959969501,0.35,115.39681410262395,0.14879464847184598,0.0,0.0,0.0,41.77777777777778,anchor_unreliable;period_doubling_present,6.736387122589667,3.25483471105908,12.343096466467156,1.1706598236121306,7.921282059326242,4750.0,0.18433404090224811,541.6886039460362,1535.810011258079,2626.058653315343,13,,0.4036816897415129,0.31439549703703595,0.8055813213804658,0.5816326530612245,0.4489795918367347,98,True,88.35257241542907,3.25483471105908,6.736387122589667,0.31439549703703595,0.5816326530612245,multiply_pulsed;irregular_f0,7646.974025183267,624.8557194061812,3,,,0,-5.857718524981523,-7.098088237957976,2.630084820437882,7,,0,,0,,0,,0,,0,False
s02_B_natural_D006,s02,B_natural,D006,declarative,Thick fog settled over the harbor before dawn.,Thick fog settled over the harbor before dawn.,False,data/split/s02_B_natural_D006.wav,2.71,s02_B_natural_D006.wav,2.71,117.2648195025961,112.8731019074138,27.64361091385424,90.86733749439213,172.10055643483784,11.057016597004576,52.72987855016718,195.33027392755224,98.0,0.11378747998237096,0.01422343499779637,0.35,112.9135757567349,0.5294522865270377,0.0,0.0,0.0,53.55191256830601,,6.447144074441513,3.2685971523855994,12.299585475626523,1.2839441689195088,8.782883288479697,4750.0,0.17191145754607828,561.8472257547771,1400.3751488956664,2572.176188675818,13,,0.3181266552721644,0.2677652121000993,0.5952182652622426,0.4883720930232558,0.36046511627906974,86,True,90.86733749439213,3.2685971523855994,6.447144074441513,0.2677652121000993,0.4883720930232558,irregular_f0,7502.359053470825,,1,,,0,-4.942210363663072,-6.514133988408425,5.6957962724354205,10,,0,,0,,0,,0,,0,False
s02_B_natural_D007,s02,B_natural,D007,declarative,He measured the flour twice and still got it wrong.,He measured the flour twice and still got it wrong.,False,data/split/s02_B_natural_D007.wav,2.68,s02_B_natural_D007.wav,2.68,146.4807885499588,139.58844672844336,28.382392163244358,119.70416168438192,192.04572033982532,8.183718046485374,93.23402877791668,232.6698716853125,113.0,0.032177092841777714,0.008044273210444429,0.8,140.17496002841992,0.6496018747105279,0.008928571428571428,0.0,0.0,34.24242424242424,,6.956013862431262,2.604875002636635,15.35928460866395,1.507774081571107,8.196321309647054,4750.0,0.1713054212237819,565.5304912987009,1704.986254998563,2578.3509211503087,13,,0.3353470252155336,0.2680327289894089,0.6744280598229225,0.4794520547945205,0.3972602739726027,73,True,119.70416168438192,2.604875002636635,6.956013862431262,0.2680327289894089,0.4794520547945205,,8166.7155611761755,73.67913597114602,2,3250.873999829385,,1,-9.163145140006884,-12.476012624504326,1.3870658786389554,10,,0,,0,,0,,0,,0,False
s02_B_natural_D008,s02,B_natural,D008,declarative,Purple thistles grew along the railway embankment.,Purple thistles grew along the railway embankment.,False,data/split/s02_B_natural_D008.wav,2.8,s02_B_natural_D008.wav,2.8,144.70989681679598,126.00424010316222,51.00794920732924,92.10975798090054,226.45761807762784,15.573781993087167,79.78838058864167,286.38556595071395,154.0,0.037599459694098204,0.009399864923524551,0.35,125.97115101869399,0.7330325269356587,0.0196078431372549,3.0,2.0,52.38095238095238,period_doubling_present,9.670880965292856,2.828653786079666,13.255031207232665,1.297631744010281,9.2747524516921,4500.0,0.22736960537612538,491.7315159733581,1413.2349856264982,2566.6028838180873,13,,0.3494671032351601,0.2025405873417723,0.7728602262309151,0.4774774774774775,0.42342342342342343,111,True,92.10975798090054,2.828653786079666,9.670880965292856,0.2025405873417723,0.4774774774774775,,6379.643446440318,,1,,,0,-7.993370237174361,-15.552483967569009,6.765368924188405,10,,0,,0,,0,,0,,0,False
s02_B_natural_D009,s02,B_natural,D009,declarative,The choir rehearsed the same passage eleven times.,The choir rehearsed the same passage eleven times.,False,data/split/s02_B_natural_D009.wav,3.08,s02_B_natural_D009.wav,3.08,122.63674591843149,125.30383192206415,27.840418283111976,89.30315750995253,168.18866039870306,10.959568183057375,73.99439359845776,206.25398870985646,116.0,0.04054361221310864,0.01013590305327716,0.35,124.42809128606133,0.26228807778937957,0.017391304347826087,0.0,0.0,38.666666666666664,anchor_unreliable;period_doubling_present,8.917951939558725,2.710956552530327,14.90597076050422,1.3937693224107481,7.677891711467494,4750.0,0.22230252204872714,541.5537050802757,1458.6051973238518,2608.831563924903,13,,0.37417802728088073,0.3207141518087543,0.6669510278561785,0.5816326530612245,0.47959183673469385,98,True,89.30315750995253,2.710956552530327,8.917951939558725,0.3207141518087543,0.5816326530612245,multiply_pulsed,7910.657062171037,1296.1011077439464,3,,,0,-7.208136192346089,-8.447093162561755,-0.6649566599930615,8,,0,,0,,0,,0,,0,False
s02_B_natural_D010,s02,B_natural,D010,declarative,A single moth circled the porch light all evening.,A single moth circled the porch light all evening.,False,data/split/s02_B_natural_D010.wav,3.31,s02_B_natural_D010.wav,3.31,143.18672823941998,128.94047754117324,33.783410511012285,106.18299416909096,190.4701533352728,10.116146599572822,89.40155764764813,258.81106637846887,147.0,0.06711292462763752,0.00838911557845469,0.35,139.96114956744128,0.6180995079789773,0.00684931506849315,0.0,0.0,37.98449612403101,,7.709472134510243,2.515770616097477,14.113872110421202,1.3487189980894256,8.213403474311912,4500.0,0.23768095283917015,556.1439062144067,1497.7632951344283,2652.9563311355546,13,,0.3462746131413616,0.26758485486220684,0.7580287126217136,0.47297297297297297,0.35135135135135137,74,True,106.18299416909096,2.515770616097477,7.709472134510243,0.26758485486220684,0.47297297297297297,,7846.4405422278,2298.6242239481926,2,,,0,-6.570246766144836,-9.28643325640192,2.7040800405814047,7,,0,,0,,0,,0,,0,False
s02_B_natural_D011,s02,B_natural,D011,declarative,They shipped the equipment in reinforced crates.,They shipped the equipment in reinforced crates.,False,data/split/s02_B_natural_D011.wav,3.19,s02_B_natural_D011.wav,3.19,123.22813350214972,110.03562150822651,35.13713115003437,91.13977661700153,189.49527563275828,12.672109690942616,55.2411031547215,217.4270704304613,78.0,0.10861477518280109,0.013576846897850136,0.8,107.53731780796795,0.5023535709621549,0.025974025974025976,3.0,1.0,34.36123348017621,period_doubling_present,6.181509375723896,3.9084641780746563,16.318014532659937,1.55625552288718,6.783618898871145,6500.0,0.196476359705674,714.2184096422145,2571.1491883591852,3701.8504278522905,13,ceiling_at_search_edge,0.3567297795099557,0.2761189659556523,0.6882952355133085,0.4939759036144578,0.40963855421686746,83,True,91.13977661700153,3.9084641780746563,6.181509375723896,0.2761189659556523,0.4939759036144578,irregular_f0,5993.296718547162,1490.1098350195782,2,4859.152248761317,,1,-1.8719745634388474,-5.286046089585923,1.9257837552467052,10,39.447257927275544,1,,0,,0,39.447257927275544,1,,0,False
s02_B_natural_D012,s02,B_natural,D012,declarative,The tide pulled the small boat toward the rocks.,The tide pulled the small boat towards the rocks.,True,data/split/s02_B_natural_D012.wav,2.88,s02_B_natural_D012.wav,2.88,133.1297762177356,131.34965700657,26.110976735525462,91.46168818742859,164.82094733670064,10.19592185803618,65.50955449499469,232.87233716528507,92.0,0.09158969323258694,0.011448711654073367,0.35,130.9033093582171,0.19644485864720307,0.0,0.0,0.0,37.704918032786885,anchor_unreliable;period_doubling_present,7.210126164305027,3.5391034575838103,14.757334735420095,1.4150602363830993,7.3285758204674485,5000.0,0.20836887782825775,596.1576483125926,1476.1272634740262,2629.5069658169177,13,,0.3795397952549134,0.30484282330762646,0.7550490704089641,0.5074626865671642,0.40298507462686567,67,True,91.46168818742859,3.5391034575838103,7.210126164305027,0.30484282330762646,0.5074626865671642,multiply_pulsed;irregular_f0,6952.9005649377195,255.03833465020588,2,,,0,-8.474955132553772,-9.39718432012078,6.397079796725914,3,,0,,0,,0,,0,,0,False
s02_B_natural_D013,s02,B_natural,D013,declarative,Cinnamon and cloves filled the kitchen with warmth.,Cinnamon and cloves filled the kitchen with warmth.,False,data/split/s02_B_natural_D013.wav,2.98,s02_B_natural_D013.wav,2.98,149.35335993386957,132.81279515681837,33.839066204468025,114.11992644301924,203.53897530697918,10.017052294258377,68.32910517609719,409.93678035214964,92.0,0.08781031135321984,0.01097628891915248,0.35,133.01480489754707,0.7107008664945993,0.0,0.0,0.0,34.84848484848485,,8.940370061846153,2.499595424700939,12.634291514930549,1.1166479269031029,8.35293609746359,4750.0,0.22599676561688686,552.0669755263298,1677.6335612354426,2654.4046054882874,13,,0.21090594691436562,0.13323474271208113,0.49495678871140963,0.2857142857142857,0.19047619047619047,63,True,114.11992644301924,2.499595424700939,8.940370061846153,0.13323474271208113,0.2857142857142857,,8302.603955552178,,1,,,0,-2.754369539580459,-7.949619256780409,9.54575471063626,5,,0,,0,,0,,0,,0,False
s02_B_natural_D014,s02,B_natural,D014,declarative,Nobody remembered who had locked the back door.,Nobody remembered who had locked the back door.,False,data/split/s02_B_natural_D014.wav,2.58,s02_B_natural_D014.wav,2.58,130.89811438466842,128.16327585210422,24.79843147056156,105.64226323460517,174.50060599238324,8.688539182744787,60.920593601481606,214.76415584278635,100.0,0.09848886304768505,0.01231110788096063,0.8,127.68904495238259,0.8412171707775885,0.0,0.0,0.0,49.504950495049506,period_doubling_present,7.644763609355509,2.980549779008544,13.709202813655738,1.2856275928071026,8.711683287375761,4500.0,0.2276886110847908,528.6236676085925,1432.2431758427065,2523.61277429658,13,,0.37571728305489316,0.34327848996490085,0.7113577551080889,0.5909090909090909,0.48863636363636365,88,True,105.64226323460517,2.980549779008544,7.644763609355509,0.34327848996490085,0.5909090909090909,multiply_pulsed,,,0,,,0,-2.5889857052199705,-7.935168499618584,13.194117917912415,7,,0,,0,,0,,0,,0,False
s02_B_natural_D015,s02,B_natural,D015,declarative,The librarian stamped each card with quiet precision.,The librarian stamped each card with quiet precision.,False,data/split/s02_B_natural_D015.wav,3.5,s02_B_natural_D015.wav,3.5,124.56198308671942,126.60053913689757,28.44809114344931,89.42929783295153,158.55663494592642,9.91414555087302,56.33368333289263,200.4247032524553,103.0,0.10650821400305391,0.013313526750381739,0.8,128.9453606163814,0.8168175367119982,0.00980392156862745,1.0,1.0,40.3921568627451,,8.339593490648323,2.947285022939963,10.418252678270415,1.0205038578727255,8.921228542588745,6500.0,0.21943372752006887,720.6174859463079,2532.1806029822797,3700.530421780703,13,ceiling_at_search_edge,0.2556884333967382,0.1905982114852496,0.5770838592639778,0.3643410852713178,0.26356589147286824,129,True,89.42929783295153,2.947285022939963,8.339593490648323,0.1905982114852496,0.3643410852713178,,6640.952402067511,1340.975894052052,2,3888.4392744510287,,1,-5.056862239560957,-6.145292481987146,2.7340507901198756,8,2.6685954089102903,1,,0,,0,2.6685954089102903,1,,0,False
s02_B_natural_D016,s02,B_natural,D016,declarative,Wet leaves clogged the gutter above the window.,Wet leaves clogged the gutter above the window.,False,data/split/s02_B_natural_D016.wav,2.68,s02_B_natural_D016.wav,2.68,276.6509160434068,110.7085012691416,225.41781212600745,100.35769365250776,603.0996921481029,31.046943330027027,40.0,750.0,67.0,0.15,0.01875,0.35,109.58674765924455,0.7154150515941414,0.045454545454545456,3.0,1.0,49.629629629629626,period_doubling_unresolved;period_doubling_present,6.277287802398133,4.1183582420102205,21.799701133199996,1.7666481549538018,8.988326842725538,4500.0,0.19918672490865275,500.05185208662675,1479.8194311751874,2558.3722714005617,13,,0.33872283641694306,0.3218667137677688,0.6080137862276284,0.5980392156862745,0.4411764705882353,102,True,100.35769365250776,4.1183582420102205,6.277287802398133,0.3218667137677688,0.5980392156862745,multiply_pulsed;irregular_f0,,,0,,,0,-9.21484493946711,-10.530760510391383,-4.5820487581914975,8,,0,,0,,0,,0,,0,False
s02_B_natural_D017,s02,B_natural,D017,declarative,I bought a secondhand bicycle for forty dollars.,I bought a secondhand bicycle for forty dollars.,False,data/split/s02_B_natural_D017.wav,2.23,s02_B_natural_D017.wav,2.23,129.55945234814573,125.35047022104763,23.048374479745966,101.02165887769985,156.6526996853796,7.594859941486252,82.97080842830853,226.5955399726617,124.0,0.07231459007880271,0.009039323759850339,0.8,124.97441624884178,0.8593878406919881,0.008130081300813009,2.0,1.0,51.88284518828452,,8.51529312788947,2.69077532130875,13.275619778643941,1.2905058763194912,9.513955191823856,5000.0,0.20460567461645493,510.57490612005085,1541.834351518726,2645.4743977788685,13,,0.29643591334650715,0.23359921180388957,0.6458644974340864,0.3684210526315789,0.2736842105263158,95,True,101.02165887769985,2.69077532130875,8.51529312788947,0.23359921180388957,0.3684210526315789,,8754.262717631464,1142.4517202732375,2,,,0,-3.8515643555912957,-5.365501266541512,2.3427745757406755,10,2.65956319458166,2,2.5555045942915466,1,,0,2.7636217948717734,1,,0,False
s02_B_natural_D018,s02,B_natural,D018,declarative,The mountain village looked empty in the photograph.,The mountain village looked empty in the photograph.,False,data/split/s02_B_natural_D018.wav,2.94,s02_B_natural_D018.wav,2.94,130.50695680103306,125.84108003214313,23.802851783182422,99.98448109626395,167.07669268665708,8.888812779790358,87.8591414842486,210.92105936531442,157.0,0.06829112939916082,0.008536391174895103,0.35,125.79102295727124,0.9007525331301554,0.00641025641025641,2.0,1.0,46.58753709198813,,9.894272158244553,2.717778114016724,13.974506380900479,1.2752691612496299,8.731842542906998,3750.0,0.19341097931732562,463.1001901047838,1343.1818152373583,2415.4062777821187,13,,0.3474797228688236,0.29596283028413756,0.6664649353086918,0.5327102803738317,0.3925233644859813,107,True,99.98448109626395,2.717778114016724,9.894272158244553,0.29596283028413756,0.5327102803738317,multiply_pulsed,,,0,,,0,-9.028476970188892,-11.006459628901348,-0.11946217715815877,7,33.18951015471399,4,,0,,0,35.21791753162673,3,27.104288023975798,1,False
s02_B_natural_D019,s02,B_natural,D019,declarative,Three sparrows fought over a crust of bread.,Three sparrows fought over a crust of bread.,False,data/split/s02_B_natural_D019.wav,2.82,s02_B_natural_D019.wav,2.82,186.93834950924332,112.44374805155093,179.2995256169153,104.68959440814943,627.5159234296987,31.002408183177323,40.0,750.0,53.0,0.15,0.01875,0.8,111.46951106420165,0.8721979562312422,0.09615384615384616,2.0,1.0,37.06293706293706,jumpy;period_doubling_unresolved;period_doubling_present,6.223698969547816,3.353890994199932,14.245515085152888,1.432770101000846,8.739654025938824,4000.0,0.17713724253442367,532.3414276601674,1347.955012487591,2316.386318918389,13,,0.45991415583785406,0.4747028936674848,0.6953331016525125,0.7818181818181819,0.6909090909090909,55,True,104.68959440814943,3.353890994199932,6.223698969547816,0.4747028936674848,0.7818181818181819,multiply_pulsed;irregular_f0,6881.362852509216,,1,,,0,-4.238513236011613,-5.263606680006177,-12.35562502378832,5,2.7676957831324067,1,,0,,0,2.7676957831324067,1,,0,False
s02_B_natural_D020,s02,B_natural,D020,declarative,His youngest brother plays trumpet in the marching band.,His youngest brother plays trumpet in the marching band.,False,data/split/s02_B_natural_D020.wav,3.02,s02_B_natural_D020.wav,3.02,136.21642095316597,125.76209244756203,47.1650490509367,99.81626587346122,167.53972715313412,8.965876684674505,78.57141222704982,322.0759254059684,146.0,0.07636365224875488,0.00954545653109436,0.8,127.44603033241289,0.4794377835011824,0.027586206896551724,4.0,0.0,47.249190938511326,anchor_unreliable;period_doubling_present,8.780419083187613,2.840795152536487,15.084717343936713,1.3046935043411638,8.170120816715745,4750.0,0.1765716831232553,514.5964359624322,1734.7654590281354,2603.168917112157,13,,0.36333982439014456,0.3349206673865875,0.7483159294488416,0.5420560747663551,0.4672897196261682,107,True,99.81626587346122,2.840795152536487,8.780419083187613,0.3349206673865875,0.5420560747663551,multiply_pulsed,7543.75103161776,,1,,,0,-11.085038591721391,-17.81484252986822,-0.9474819480742216,9,37.01330569424988,1,,0,,0,37.01330569424988,1,,0,False
s02_B_natural_D021,s02,B_natural,D021,declarative,"The recipe called for saffron, which we could not find.","The recipe called for saffron, which we could not find.",False,data/split/s02_B_natural_D021.wav,3.2,s02_B_natural_D021.wav,3.2,134.79451851766262,124.01798579514032,32.27114082785142,109.97484322462378,185.80522357063333,9.079410196690318,40.0,750.0,53.0,0.075,0.01875,0.8,123.46552919998162,0.6863885529173003,0.038461538461538464,4.0,2.0,31.736526946107784,period_doubling_unresolved;period_doubling_present,4.863746875447204,4.302075400232874,19.97326815232704,1.7234072138537533,8.107862278632766,3750.0,0.2352421794132317,472.5957821464564,1348.3347693571436,2212.138235441398,13,,0.3790116318148676,0.31910490838948496,0.6917585999773965,0.6081081081081081,0.4189189189189189,74,True,109.97484322462378,4.302075400232874,4.863746875447204,0.31910490838948496,0.6081081081081081,multiply_pulsed;irregular_f0,7554.410813934083,91.32560966114266,2,,,0,-3.6729625916915567,-0.8444111066953255,3.96315231801738,9,,0,,0,,0,,0,,0,False
s02_B_natural_D022,s02,B_natural,D022,declarative,Snow buried the fence posts by early January.,Snow buried the fence posts by early January.,False,data/split/s02_B_natural_D022.wav,2.92,s02_B_natural_D022.wav,2.92,119.83139675213837,102.30543241608969,29.006673078657307,90.78100799550235,154.20687151940194,9.172855694050167,71.01843361766274,221.95995933124368,126.0,0.08448510751872965,0.010560638439841206,0.35,127.24278484975954,0.0,0.008,0.0,0.0,46.84014869888476,anchor_unreliable,8.992711476166136,2.616965802302241,10.601841983443235,1.1529355093980702,8.506071763751295,3750.0,0.21755358383478599,435.1247873935848,1291.3643660030393,2322.7536840719367,13,,0.30959659469808826,0.21536498317597974,0.7079927602311262,0.42424242424242425,0.32323232323232326,99,True,90.78100799550235,2.616965802302241,8.992711476166136,0.21536498317597974,0.42424242424242425,,6678.523377704934,837.9686162777889,4,,,0,-2.8276194944190003,-4.9335530774283365,5.8247361124226105,8,,0,,0,,0,,0,,0,False
s02_B_natural_D023,s02,B_natural,D023,declarative,She wrote the whole essay on a borrowed laptop.,She wrote the whole essay on a borrowed laptop.,False,data/split/s02_B_natural_D023.wav,2.92,s02_B_natural_D023.wav,2.92,126.47651170942454,116.17797282939777,27.290007508036982,99.60357753191725,171.3719400967944,9.394337277615826,57.452722008141976,322.86181610229073,92.0,0.10443369417988069,0.013054211772485086,0.35,120.35781898982061,0.641081960110035,0.0,0.0,0.0,42.592592592592595,,7.064753644010164,3.123321052574017,15.595126348849952,1.4921939915997995,8.604352920160556,5000.0,0.186404083663305,589.4763861354494,1521.2156151698555,2629.9331580061003,13,,0.33929147963131323,0.22714174056765615,0.7853252851332836,0.4177215189873418,0.34177215189873417,79,True,99.60357753191725,3.123321052574017,7.064753644010164,0.22714174056765615,0.4177215189873418,irregular_f0,7800.582342298711,,1,5695.4814784214295,,1,-7.596009272219526,-8.654956737296839,-12.941130212026756,7,,0,,0,,0,,0,,0,False
s02_B_natural_D024,s02,B_natural,D024,declarative,The engine coughed once and then went silent.,The engine coughed once and then went silent.,False,data/split/s02_B_natural_D024.wav,2.68,s02_B_natural_D024.wav,2.68,124.12531456847881,113.52253952080574,26.014614347149628,98.52336153823741,163.80381736768416,8.801174655386825,79.85180557060355,210.0714479013562,122.0,0.07513919011755979,0.009392398764694974,0.35,114.06880658082146,0.4342194729050687,0.0,0.0,0.0,43.884892086330936,anchor_unreliable;period_doubling_present,7.539709557897256,3.4310041153091406,13.276309011009491,1.3825619007514471,8.139097352672572,5000.0,0.17219648845450786,604.5482343502022,1623.3389910604333,2703.3148239837037,13,,0.38082925808860424,0.29974720266426513,0.8258783497325247,0.5294117647058824,0.4411764705882353,102,True,98.52336153823741,3.4310041153091406,7.539709557897256,0.29974720266426513,0.5294117647058824,multiply_pulsed;irregular_f0,7870.962641730879,111.62642881478307,2,,,0,-5.049492538574506,-6.54159510976186,3.0264455742198484,9,,0,,0,,0,,0,,0,False
s02_B_natural_D025,s02,B_natural,D025,declarative,Amber light spilled across the polished floorboards.,Amber light spilled across the polished floorboards.,False,data/split/s02_B_natural_D025.wav,2.78,s02_B_natural_D025.wav,2.78,136.71177882148183,128.4934110858182,33.058271273242056,106.82025150487675,194.06558771023094,10.336309579317444,62.887280064060306,241.2827350834729,86.0,0.0954088011739112,0.0119261001467389,0.35,127.44943340671242,0.9352416004805786,0.0,6.0,3.0,38.05309734513274,period_doubling_present,9.153739765944987,1.984841024253671,13.920553668813406,1.2684162538403503,8.226371245416768,5000.0,0.2307367948547759,612.7294960991178,1456.0358448733198,2650.4182627418622,13,,0.381947502049432,0.29877714413692846,0.7559086839050722,0.5465116279069767,0.4069767441860465,86,True,106.82025150487675,1.984841024253671,9.153739765944987,0.29877714413692846,0.5465116279069767,multiply_pulsed,8160.38632111556,804.7096997168989,2,5824.629027756862,,1,-9.435969756884822,-11.975439505956412,6.058978197829289,10,,0,,0,,0,,0,,0,False
s02_B_natural_D026,s02,B_natural,D026,declarative,We watched the storm move east across the valley.,We watched the storm move east across the val.,True,data/split/s02_B_natural_D026.wav,2.7,s02_B_natural_D026.wav,2.7,119.81602768894118,116.16208083025026,19.772424053012223,96.26382014112616,152.8520279761114,8.004841342119715,58.18999810622235,187.40599737780946,70.0,0.10311050344162859,0.012888812930203573,0.35,116.23980114466309,0.6881605995039497,0.0,0.0,0.0,34.65346534653465,,6.142623881015901,2.2246481015079382,14.903307284237608,1.3917921229876864,7.54290399564006,4500.0,0.2104868830831144,603.9076496299533,1536.352920085907,2617.888035722864,13,,0.30019291844616963,0.22929924520019063,0.6305905836506143,0.3974358974358974,0.32051282051282054,78,True,96.26382014112616,2.2246481015079382,6.142623881015901,0.22929924520019063,0.3974358974358974,,7086.962864546577,353.40893149703317,3,,,0,-8.05155105786585,-12.244735199050075,2.8604617019136738,8,2.8110858555350227,1,,0,,0,2.8110858555350227,1,,0,False
s02_B_natural_D027,s02,B_natural,D027,declarative,The tailor pinned the hem with practiced fingers.,The tailor pinned the hem with practiced fingers.,False,data/split/s02_B_natural_D027.wav,3.01,s02_B_natural_D027.wav,3.01,137.97920180023002,126.84061565858862,49.044227361201564,97.6034455995561,174.17164668389415,10.026069642950173,75.21533459293255,300.54225927645155,116.0,0.07977096734957259,0.009971370918696574,0.35,127.22448738439923,0.2919683653516686,0.008695652173913044,0.0,0.0,39.45578231292517,anchor_unreliable;period_doubling_present,8.09995889725734,2.8259101123995083,18.436101098746065,1.50353459729972,7.686674990144688,4750.0,0.24760209715805925,554.7166465341732,1906.921574260205,2642.8840768014584,13,,0.37884193201907934,0.34527252296543687,0.7736956508399192,0.5523809523809524,0.49523809523809526,105,True,97.6034455995561,2.8259101123995083,8.09995889725734,0.34527252296543687,0.5523809523809524,multiply_pulsed,7039.212149982051,,1,,,0,-4.604104597325814,-4.937920600758543,0.852566534890741,9,,0,,0,,0,,0,,0,False
s02_B_natural_D028,s02,B_natural,D028,declarative,Salt crusted the windows of the beach house.,Salt crusted the windows of the beach house.,False,data/split/s02_B_natural_D028.wav,2.37,s02_B_natural_D028.wav,2.37,140.5161327189217,129.48791031389771,36.08394794201958,104.81094114186486,162.5185039747721,7.593775952179389,81.842615576632,233.9041449404063,95.0,0.07331143998424632,0.00916392999803079,0.8,129.0413895561952,0.7725086618909612,0.0,8.0,7.0,37.84860557768924,heavy_repair,8.64867633868338,2.5330234427190703,15.835117593717502,1.4555721629586222,8.307042371434882,6250.0,0.21168995063455573,692.6292407229623,2568.7730817486963,3835.237801821366,13,,0.23886792410854363,0.19095903333649483,0.4376569847847268,0.3125,0.20833333333333334,48,True,104.81094114186486,2.5330234427190703,8.64867633868338,0.19095903333649483,0.3125,,6464.106719608264,511.7364156473627,2,,,0,-9.101032374894713,-12.762481647114452,1.6363556842833304,8,,0,,0,,0,,0,,0,True
s02_B_natural_D029,s02,B_natural,D029,declarative,Their apartment smelled faintly of turpentine.,Their apartment smelled faintly of turpentine.,False,data/split/s02_B_natural_D029.wav,2.58,s02_B_natural_D029.wav,2.58,137.50397976536797,126.84811304245481,32.11489970752159,96.81047320085565,184.3122923364397,11.147007076475937,89.046784639138,241.9535038007767,135.0,0.06738031052232817,0.00842253881529102,0.35,127.378248312001,0.8079803910417062,0.014925373134328358,3.0,2.0,45.1505016722408,period_doubling_present,8.066529133939046,2.4757942150931918,16.008050240706247,1.3948667309333085,8.222661671906389,6500.0,0.22252147129199842,777.1155623577685,2494.446279336596,3605.9143574186146,13,ceiling_at_search_edge,0.3935916373844348,0.3114138231658845,0.8132339534146242,0.5571428571428572,0.44285714285714284,70,True,96.81047320085565,2.4757942150931918,8.066529133939046,0.3114138231658845,0.5571428571428572,multiply_pulsed,8059.9420717422145,,1,,,0,-4.166270127665161,-5.245560146259664,7.14394152506495,8,,0,,0,,0,,0,,0,False
s02_B_natural_D030,s02,B_natural,D030,declarative,A heron stood motionless at the edge of the pond.,A heron stood motionless at the edge of the pond.,False,data/split/s02_B_natural_D030.wav,3.28,s02_B_natural_D030.wav,3.28,126.97478099065307,122.39093797321685,24.58392552319107,102.62344736987556,166.63441978506634,8.391912451071734,82.00048851505751,323.8461363790624,157.0,0.07317029579522856,0.00914628697440357,0.8,127.31257721450078,0.6780646364025331,0.00641025641025641,6.0,3.0,44.72934472934473,period_doubling_present,6.950807022325024,3.3419165053403006,16.133789750331626,1.441356434006539,8.947666163078134,4750.0,0.23460565052288532,559.0168234468092,1668.4864859062475,2586.1801045252014,13,,0.4121697131856116,0.35111156164820856,0.6645945773453943,0.6132075471698113,0.5,106,True,102.62344736987556,3.3419165053403006,6.950807022325024,0.35111156164820856,0.6132075471698113,multiply_pulsed;irregular_f0,8103.969131590679,367.551052706366,2,3102.9840295581803,,1,-8.45736591215921,-13.667433288354312,1.7539917542775203,9,,0,,0,,0,,0,,0,False
s02_B_natural_D031,s02,B_natural,D031,declarative,The clock in the hallway runs about four minutes fast.,The clock in the hallway runs about four minutes fast.,False,data/split/s02_B_natural_D031.wav,4.04,s02_B_natural_D031.wav,4.04,199.05993205741404,113.00111649008755,174.29045986303313,101.87637607635442,566.5248420119947,29.703836075248553,40.0,750.0,88.0,0.15,0.01875,0.8,114.11313832888882,0.6658679092895323,0.06896551724137931,6.0,1.0,42.30769230769231,jumpy;period_doubling_unresolved;period_doubling_present,6.57261253378466,3.6499346442170024,18.399840551848996,1.584107336938993,8.524577012001156,4500.0,0.2503242375493433,530.9371685376952,1381.0513378780918,2571.90356000951,13,,0.3704986753094471,0.3497226716440377,0.6949158815078829,0.6268656716417911,0.5,134,True,101.87637607635442,3.6499346442170024,6.57261253378466,0.3497226716440377,0.6268656716417911,multiply_pulsed;irregular_f0,7245.408428341449,2214.9850246658734,2,,,0,12.79682431038848,25.06828621013507,11.20165231475329,10,41.23451700577463,1,41.23451700577463,1,,0,,0,,0,False
s02_B_natural_D032,s02,B_natural,D032,declarative,He folded the newspaper and set it on the table.,He folded the newspaper and set it on the table.,False,data/split/s02_B_natural_D032.wav,2.47,s02_B_natural_D032.wav,2.47,130.3182668107192,127.14319735950588,30.81065259635797,97.56816463653254,177.2756118323578,10.338140164899865,58.37904141092818,220.3335229186728,91.0,0.10277661049221748,0.012847076311527185,0.35,127.20670931417786,0.6961373844659747,0.022222222222222223,1.0,0.0,49.189189189189186,period_doubling_present,7.253116488333596,3.80241885173,17.031537025183745,1.44248970796763,8.4750749771542,5000.0,0.19178508413972475,473.87263029351305,1807.7423435725832,2641.10258264757,13,,0.39090541333141926,0.3124030220193847,0.7903972338630256,0.5764705882352941,0.4470588235294118,85,True,97.56816463653254,3.80241885173,7.253116488333596,0.3124030220193847,0.5764705882352941,multiply_pulsed;irregular_f0,8039.079137817162,116.11106071532112,2,,,0,-6.557448436628931,-8.087295239817992,3.8911524564445195,10,9.639523670730288,2,,0,,0,9.639523670730288,2,,0,False
s02_B_natural_D033,s02,B_natural,D033,declarative,Bright green algae covered the surface of the water.,Bright green algae covered the surface of the water.,False,data/split/s02_B_natural_D033.wav,2.88,s02_B_natural_D033.wav,2.88,120.24892781064966,118.28477901087102,22.046333365609684,92.09020731936346,150.46518192152425,8.499720304744397,40.0,750.0,67.0,0.15,0.01875,0.8,118.51732132594721,0.6918614712194349,0.06060606060606061,2.0,1.0,45.89041095890411,jumpy;period_doubling_unresolved;period_doubling_present,5.5763132353821225,3.9716658572040355,17.73029250057037,1.4964683098030709,8.614497306502024,6500.0,0.2073651320315775,633.1457468048808,2554.0861673178715,3890.647688455562,13,ceiling_at_search_edge,0.405999958550577,0.40963723635386257,0.6852381946494915,0.6582278481012658,0.5569620253164557,79,True,92.09020731936346,3.9716658572040355,5.5763132353821225,0.40963723635386257,0.6582278481012658,multiply_pulsed;irregular_f0,6347.656951028368,147.15888971887077,2,,,0,-3.444166633177062,-4.087137982473621,1.0877294329723668,7,3.2599428627568816,1,3.2599428627568816,1,,0,,0,,0,False
s02_B_natural_D034,s02,B_natural,D034,declarative,The children traded stickers during the long bus ride.,The children traded stickers during the long bus ride.,False,data/split/s02_B_natural_D034.wav,7.52,s02_B_natural_D034.wav,7.52,130.13824400496307,124.77531335574812,32.82291234984544,93.48018128571906,170.94594229144218,10.449692894097398,75.8535266979538,347.4337882552408,246.0,0.0790998159372576,0.0098874769921572,0.8,126.96041554468769,0.37063000772410803,0.0163265306122449,0.0,0.0,32.669322709163346,anchor_unreliable,7.388116131573946,2.5411137966342086,17.33571342854995,1.5313490992102152,7.776313331786307,4500.0,0.21699947516333862,598.5148727973592,1600.192500061817,2552.8195293162694,13,,0.3135665923043601,0.2561069151882851,0.6080614220849725,0.47058823529411764,0.35294117647058826,85,True,93.48018128571906,2.5411137966342086,7.388116131573946,0.2561069151882851,0.47058823529411764,,7128.0734346704485,134.85998154133426,2,,,0,-3.4991551376265395,-5.31850445691949,4.865988588609248,9,,0,,0,,0,,0,,0,False
s02_B_natural_D035,s02,B_natural,D035,declarative,Rain hammered the tin roof for most of the night.,Rain hammered the tin roof for most of the night.,False,data/split/s02_B_natural_D035.wav,3.21,s02_B_natural_D035.wav,3.21,115.493720534545,119.26821656233986,21.368564478940556,88.80498287007558,144.80698449317578,8.465023870131457,68.29729826092037,192.13218468354563,125.0,0.08785120572526647,0.01098140071565831,0.35,120.28626328805687,0.33403323473913327,0.0,0.0,0.0,43.85964912280702,anchor_unreliable,8.55292880103727,2.9806382504090547,13.343760218914028,1.1992562017264885,7.515004397104019,4750.0,0.21463536556963872,574.6676041758705,1773.904289173342,2600.3164224260927,13,,0.33164941522942115,0.2690679487506258,0.6401358353354846,0.4742268041237113,0.38144329896907214,97,True,88.80498287007558,2.9806382504090547,8.55292880103727,0.2690679487506258,0.4742268041237113,,5514.179316471137,,1,,,0,-10.32382351852592,-12.371534341380876,4.293289735359779,10,3.7217896929826466,1,,0,,0,3.7217896929826466,1,,0,False
s02_B_natural_F001,s02,B_natural,F001,final_fall,"I don't really know what she was thinking, honestly.","I don't really know what she was thinking, honestly.",False,data/split/s02_B_natural_F001.wav,3.3,s02_B_natural_F001.wav,3.3,126.99112359930469,115.18215076029009,30.62764514249677,95.00145560032934,178.88060713642892,10.955705597016816,75.6739085785855,222.956285091837,116.0,0.0792875657237811,0.009910945715472637,0.35,114.22027790812156,0.5930845705965435,0.0,4.0,2.0,35.69230769230769,period_doubling_present,8.605866744723183,2.807940781824946,15.967387512532651,1.2503315020242698,6.97118873718694,4750.0,0.23105990725945028,548.0554462250166,1579.0950951003617,2657.4116026526717,13,,0.3441587624920931,0.29712937044465326,0.6660127795981436,0.53,0.43,100,True,95.00145560032934,2.807940781824946,8.605866744723183,0.29712937044465326,0.53,multiply_pulsed,,,0,3871.279753553719,,1,-5.076034520078792,-7.080634929274221,4.548772950467661,8,,0,,0,,0,,0,,0,False
s02_B_natural_F002,s02,B_natural,F002,final_fall,"We ended up walking the whole way home, anyway.","We ended up walking the whole way home, anyway.",False,data/split/s02_B_natural_F002.wav,3.19,s02_B_natural_F002.wav,3.19,122.76891794065708,109.97684547816652,28.4030394520612,97.3491919425723,175.48049912452527,10.200837673371968,40.0,750.0,83.0,0.15,0.01875,0.35,109.97675410082368,0.8571409849826164,0.036585365853658534,3.0,0.0,50.920245398773005,period_doubling_unresolved;period_doubling_present,7.013485061164372,2.995067957238564,15.872787417267597,1.4648660353289644,9.58877942243784,5000.0,0.2070371786482781,487.9793515625762,1762.3681224457112,2618.030099912796,13,,0.4189820052319712,0.4088775090843004,0.7519024163398798,0.6747967479674797,0.5528455284552846,123,True,97.3491919425723,2.995067957238564,7.013485061164372,0.4088775090843004,0.6747967479674797,multiply_pulsed,,,0,,,0,2.2959129234829945,8.87441338190385,5.8021390453693655,10,,0,,0,,0,,0,,0,False
s02_B_natural_F003,s02,B_natural,F003,final_fall,It was one of those afternoons where nothing happened at all.,It was one of those afternoons where nothing happened at all.,False,data/split/s02_B_natural_F003.wav,3.18,s02_B_natural_F003.wav,3.18,128.9463471420997,124.27519130499826,24.93596094974301,103.60060988425818,171.9371742754359,8.770188065100436,62.46528700341103,297.30852249286363,141.0,0.09605334879310423,0.012006668599138029,0.35,124.3090030218215,0.7665423481764316,0.007142857142857143,4.0,2.0,54.86381322957198,,9.366509716187844,1.973182086275788,16.190494043462436,1.4722609792781973,9.463401692959492,5000.0,0.18621895390182622,534.3899847895711,1587.3372638666617,2631.1805192324073,13,,0.25551952505871783,0.21147303809334084,0.4512507442678368,0.23595505617977527,0.14606741573033707,89,True,103.60060988425818,1.973182086275788,9.366509716187844,0.21147303809334084,0.23595505617977527,,,,0,,,0,-9.160619959780531,-19.440431542948733,0.4385414085072175,8,3.3234077377548576,1,,0,,0,3.3234077377548576,1,,0,False
s02_B_natural_F004,s02,B_natural,F004,final_fall,"He said he'd call back, but he never really did.","He said he'd call back, but he never did.",True,data/split/s02_B_natural_F004.wav,2.02,s02_B_natural_F004.wav,2.02,150.93981969650915,132.5798166035778,31.255873709474063,122.53032602898753,199.12322899218017,8.406272071930779,95.27982895563649,270.7520634008515,120.0,0.0629724052379825,0.007871550654747813,0.35,132.36957255185905,0.8865192778973721,0.0,0.0,0.0,48.19277108433735,period_doubling_present,9.035501376642248,2.646008687034968,15.369970573981002,1.3190312825362782,9.314995302467029,5750.0,0.19984510562273072,534.1843842836356,1825.2053320028053,2631.0834288330625,13,,0.3385052599314716,0.25850758396601525,0.7662728843029827,0.4722222222222222,0.4166666666666667,72,True,122.53032602898753,2.646008687034968,9.035501376642248,0.25850758396601525,0.4722222222222222,,8249.015749483953,,1,,,0,-9.802919379991895,-14.797995066734378,-0.11206575958732179,8,,0,,0,,0,,0,,0,False
s02_B_natural_F005,s02,B_natural,F005,final_fall,"The whole thing fell apart before anyone noticed, apparently.","The whole thing fell apart before anyone noticed, apparently.",False,data/split/s02_B_natural_F005.wav,3.42,s02_B_natural_F005.wav,3.42,136.50226372096935,127.75067189657807,51.76991572300239,105.17132999769983,174.3142448545257,8.747387939677168,81.11102424932584,324.49659448900775,154.0,0.07397268195697664,0.00924658524462208,0.35,136.78096246714566,0.6149594593183589,0.013071895424836602,5.0,3.0,42.5414364640884,,11.085641389034338,2.1895439199546214,13.848579999299012,1.3465951672443168,8.710419222718157,6000.0,0.25107546759250965,663.6359263814447,2500.3188082769784,3676.972352753499,13,,0.2849611499818775,0.17500858919289816,0.7086260092180479,0.3181818181818182,0.2545454545454545,110,True,105.17132999769983,2.1895439199546214,11.085641389034338,0.17500858919289816,0.3181818181818182,,7034.56165433677,,1,,,0,-7.428028765230548,-12.252012866855475,6.3362462397667185,9,,0,,0,,0,,0,,0,False
s02_B_natural_F006,s02,B_natural,F006,final_fall,I guess that's just how it goes sometimes.,I guess that's just how it goes sometimes.,False,data/split/s02_B_natural_F006.wav,2.26,s02_B_natural_F006.wav,2.26,123.85703932738397,124.88633131872598,23.633584987404365,91.73312254243702,158.8080777660313,9.501235713275655,73.93770574484978,210.8759110521419,80.0,0.040574696898936016,0.010143674224734004,0.35,124.30912664117706,0.6901153119034356,0.0,0.0,0.0,36.529680365296805,,6.225592945214049,1.7146921954758583,11.68441026125319,1.0459976561534132,8.425036950933096,4750.0,0.15799570856253758,612.1369160931177,1660.2519997390527,2606.621251419542,13,,0.3181716163225886,0.23996106754443516,0.6446153626894631,0.4444444444444444,0.2962962962962963,54,True,91.73312254243702,1.7146921954758583,6.225592945214049,0.23996106754443516,0.4444444444444444,,7566.668406410173,1137.7526934438738,4,,,0,-4.757249376753568,-6.018192922870005,2.1323104525510317,6,28.952692249195167,1,,0,,0,,0,28.952692249195167,1,False
s02_B_natural_F007,s02,B_natural,F007,final_fall,She left the party early and nobody said anything.,She left the party early and nobody said anything.,False,data/split/s02_B_natural_F007.wav,3.14,s02_B_natural_F007.wav,3.14,116.50247048295563,104.49887346332564,23.95023731830969,90.44744626716135,151.07794895310525,8.881697136297557,53.83201127831221,199.78560266149583,98.0,0.11145784557407526,0.013932230696759407,0.35,108.77566890714866,0.6809232702936627,0.0,0.0,0.0,44.95412844036697,,7.6672908064856955,2.5542912456206475,15.213355893528997,1.3220875189103807,8.927994582679743,5250.0,0.22449451413773078,519.7741178632455,2014.5053038839737,2625.992527875371,13,,0.3453565261582338,0.23626133724197587,0.7505609250549058,0.44642857142857145,0.36607142857142855,112,True,90.44744626716135,2.5542912456206475,7.6672908064856955,0.23626133724197587,0.44642857142857145,,7987.118725164077,,1,4231.933948081223,,1,-7.446695043122108,-10.911718732820443,-7.970183292090143,11,,0,,0,,0,,0,,0,False
s02_B_natural_F008,s02,B_natural,F008,final_fall,"It's not that I mind, it's just kind of strange.","It's not that I mind, it's just kind of strange.",False,data/split/s02_B_natural_F008.wav,2.77,s02_B_natural_F008.wav,2.77,160.25148986166377,136.84779765469824,64.4459820496211,94.26548985874823,274.3019545265833,18.491559517343507,60.38160889376366,342.894286113897,94.0,0.04968400238023214,0.012421000595058036,0.8,135.56608245769306,0.3518380432801951,0.03225806451612903,0.0,0.0,42.72727272727273,anchor_unreliable;period_doubling_present,5.326391672727872,2.9765918740283173,15.234642553830252,1.4008370807499213,8.108179688946509,5000.0,0.1834780442779238,613.4372587262994,1868.649599831842,2630.5369885499404,13,,0.369990663090878,0.3198822382180987,0.680908061472197,0.5339805825242718,0.46601941747572817,103,True,94.26548985874823,2.9765918740283173,5.326391672727872,0.3198822382180987,0.5339805825242718,multiply_pulsed,7497.822018086363,975.5421163030794,4,,,0,-2.6427918057568047,-7.031537145795086,5.563710576576901,9,2.7563278046685014,2,,0,,0,2.7563278046685014,2,,0,False
s02_B_natural_F009,s02,B_natural,F009,final_fall,They moved out to Oregon a couple of years ago.,They moved out to Oregon a couple years ago.,True,data/split/s02_B_natural_F009.wav,2.4,s02_B_natural_F009.wav,2.4,139.35575038147232,132.73169818916165,33.7169211914285,101.5513470162228,193.1235342348755,11.12777528515702,63.291015983123515,222.95577333534686,102.0,0.04740009231009891,0.011850023077524727,0.35,133.79140114959404,0.6706130933600447,0.019801980198019802,2.0,1.0,51.256281407035175,,8.607085162805934,2.481195433127051,13.237572606532295,1.1079614474932256,9.48969878130173,4750.0,0.217810922402628,494.33355525110665,1666.7592435231722,2587.280051512869,13,,0.2955505351569634,0.19324730462873613,0.617560113923185,0.42718446601941745,0.3592233009708738,103,True,101.5513470162228,2.481195433127051,8.607085162805934,0.19324730462873613,0.42718446601941745,,,,0,,,0,-7.794299356856749,-11.109600220831647,1.3976903700173953,10,40.216069599120274,1,40.216069599120274,1,,0,,0,,0,False
s02_B_natural_F010,s02,B_natural,F010,final_fall,"Nothing about that story adds up, if you think about it.","Nothing about that story adds up, if you think about it.",False,data/split/s02_B_natural_F010.wav,3.3,s02_B_natural_F010.wav,3.3,306.3480969235962,173.93135047426583,235.32469392078602,102.37001720480862,648.8217318093016,31.9683469327655,40.0,750.0,55.0,0.15,0.01875,0.8,128.29368895422647,0.0,0.037037037037037035,0.0,0.0,32.544378698224854,anchor_unreliable;period_doubling_unresolved;period_doubling_present,5.375231463450611,3.2423527156110485,17.45243762227744,1.611189885299638,8.451006060581076,5000.0,0.22511595614995614,576.6216852010502,1576.0571814537961,2610.9470658269056,13,,0.3604053040687659,0.3504979931330441,0.6097872974082883,0.673469387755102,0.5,98,True,102.37001720480862,3.2423527156110485,5.375231463450611,0.3504979931330441,0.673469387755102,multiply_pulsed;irregular_f0,6480.583101892001,,1,,,0,2.003745371618468,10.651208572424178,4.1169957239524635,11,31.592229497635074,2,,0,,0,31.592229497635074,2,,0,False
s02_B_natural_F011,s02,B_natural,F011,final_fall,I'd been meaning to write back for a while now.,I've been meaning to write back for a while now.,True,data/split/s02_B_natural_F011.wav,1.73,s02_B_natural_F011.wav,1.73,115.41950558385412,113.40734612995503,19.747724916070634,91.31677480707492,149.7595317868301,8.56435221767308,55.82639122900159,181.9185579347743,85.0,0.1074760497304548,0.01343450621630685,0.35,114.90918121340678,0.959482934553739,0.0,2.0,1.0,70.24793388429752,period_doubling_present,8.066513707695112,2.023213760733082,13.673710650710543,1.4002263742313632,11.44113436979478,4500.0,0.17105878986452636,499.50617210835674,1370.904579278721,2272.4531651517764,13,,0.32825939070701193,0.3102353979639771,0.6274886618709454,0.5431034482758621,0.45689655172413796,116,True,91.31677480707492,2.023213760733082,8.066513707695112,0.3102353979639771,0.5431034482758621,multiply_pulsed,,,0,,,0,-4.496417001447324,-4.896151785476833,-0.011019915242819422,8,,0,,0,,0,,0,,0,False
s02_B_natural_F012,s02,B_natural,F012,final_fall,We sat there in the car for maybe twenty minutes.,We sat in the car for maybe 20 minutes.,True,data/split/s02_B_natural_F012.wav,3.1,s02_B_natural_F012.wav,3.1,131.8601899331511,116.15576945314324,45.83272000066204,90.71878411048309,172.57084636593618,11.132586611338052,70.08107910852655,288.4699186566208,116.0,0.08561512003416052,0.010701890004270066,0.35,116.32044070066969,0.2737419089532084,0.034782608695652174,0.0,0.0,41.13475177304964,anchor_unreliable,7.412271119246716,3.2030702076867543,17.278046283213623,1.5177239512319711,7.65827842887458,6500.0,0.25731381863181485,648.7958477553818,2491.7286745698175,3573.76506430909,13,ceiling_at_search_edge,0.3303796383273699,0.2693120769605484,0.6212165350068358,0.4578313253012048,0.3132530120481928,83,True,90.71878411048309,3.2030702076867543,7.412271119246716,0.2693120769605484,0.4578313253012048,irregular_f0,8613.492666330698,182.44911600636138,2,,,0,-8.525476940738459,-9.6444047233859,-4.776218533044234,5,,0,,0,,0,,0,,0,False
s02_B_natural_F013,s02,B_natural,F013,final_fall,He's been doing that same job for eleven years.,He's been doing that same job for eleven years.,False,data/split/s02_B_natural_F013.wav,2.34,s02_B_natural_F013.wav,2.34,119.09427903364015,112.37701631445188,28.031714349048755,89.02435580278102,164.3083586829599,10.609606544526823,51.90716828359032,195.59023532819208,84.0,0.057795485656427247,0.014448871414106812,0.8,127.60365668028831,0.637990810199587,0.0,3.0,2.0,53.164556962025316,octave_uncertain;period_doubling_present,6.518904485240611,2.5484600229021437,16.51201407858736,1.484779505098519,8.554610854170637,5000.0,0.1878743614811362,473.4936970522301,1907.0688427152704,2601.0089141145127,13,,0.35708963920159764,0.33614686438904673,0.6444373176669088,0.5638297872340425,0.48936170212765956,94,True,89.02435580278102,2.5484600229021437,6.518904485240611,0.33614686438904673,0.5638297872340425,multiply_pulsed,7875.909644359428,,1,,,0,-7.070631327091092,-8.336068332427148,4.04136183105235,7,,0,,0,,0,,0,,0,False
s02_B_natural_F014,s02,B_natural,F014,final_fall,It rained the entire week we were on the island.,It rained the entire week we were on the island.,False,data/split/s02_B_natural_F014.wav,3.0,s02_B_natural_F014.wav,3.0,117.80923977974594,115.21753229372996,25.044665961651813,89.25980190928838,153.63235591025386,9.400794941213864,68.90706823268007,199.07972058100714,116.0,0.08707379596734058,0.010884224495917572,0.35,122.07077008764918,0.3626801085783815,0.0,0.0,0.0,43.28358208955224,anchor_unreliable;period_doubling_present,7.567281735872736,2.4848053654188145,13.474212898369325,1.1810797630838905,8.126724037501129,5250.0,0.24193415191475146,495.6315811357891,1677.3936991961189,2593.6920955303103,13,,0.3753978676117101,0.3057141017903623,0.7814807677513417,0.5514705882352942,0.40441176470588236,136,True,89.25980190928838,2.4848053654188145,7.567281735872736,0.3057141017903623,0.5514705882352942,multiply_pulsed,,,0,,,0,-7.321930223934803,-10.044148355800226,0.24306762094234655,10,,0,,0,,0,,0,,0,False
s02_B_natural_F015,s02,B_natural,F015,final_fall,"I never learned how to swim, which is embarrassing.","I never learned how to swim, which is embarrassing.",False,data/split/s02_B_natural_F015.wav,2.6,s02_B_natural_F015.wav,2.6,120.52394694988998,112.40239673844331,24.14393477956636,94.8462560346854,158.13753714131474,8.850205563774722,72.72021236790074,304.5568119400142,105.0,0.08250800987276058,0.010313501234095072,0.35,113.25964025219267,0.47299706435715383,0.0,0.0,0.0,42.857142857142854,anchor_unreliable;period_doubling_present,7.995241834701833,2.9784457260006025,14.61918025624214,1.3433944666701385,8.364434502803546,5500.0,0.22977258316826724,528.0339531802425,1759.0134534478516,2621.5003141197885,13,,0.37432821005669703,0.31958348106428314,0.7352244667516948,0.5504587155963303,0.44954128440366975,109,True,94.8462560346854,2.9784457260006025,7.995241834701833,0.31958348106428314,0.5504587155963303,multiply_pulsed,7017.795160490695,788.0340981568083,2,,,0,-6.94738634310109,-8.166780122018725,5.741348916663412,12,,0,,0,,0,,0,,0,False
s02_B_natural_F016,s02,B_natural,F016,final_fall,That's pretty much all anyone talked about afterward.,That's pretty much all anyone talked about afterward.,False,data/split/s02_B_natural_F016.wav,2.47,s02_B_natural_F016.wav,2.47,128.9436330305373,120.4326725477933,22.85572204880641,108.57179484163963,163.44454088449953,7.081821933778468,78.93761700919636,291.63059287458697,122.0,0.07600938851879695,0.009501173564849618,0.8,122.54084546566368,0.7323836695003538,0.008264462809917356,0.0,0.0,48.41269841269841,,9.521098227013121,2.238305953108016,16.535043224797885,1.4428996082579504,9.881418763622893,6500.0,0.21207750545211715,681.4158056438723,2338.872628150247,3706.40137213538,13,ceiling_at_search_edge,0.3092605789212518,0.2192712247337519,0.6521344045795103,0.4044943820224719,0.34831460674157305,89,True,108.57179484163963,2.238305953108016,9.521098227013121,0.2192712247337519,0.4044943820224719,,8007.653487219029,,1,,,0,-7.4735709473001535,-8.22699484768853,3.5097528467881656,8,1.4785532308656535,1,,0,,0,1.4785532308656535,1,,0,False
s02_B_natural_F017,s02,B_natural,F017,final_fall,She kept apologizing even though it wasn't her fault.,She kept apologizing even though it wasn't her fault.,False,data/split/s02_B_natural_F017.wav,2.645,s02_B_natural_F017.wav,2.645,175.61800349442444,134.59861965129502,130.49142435486675,105.78705698710142,206.7548810767515,11.601099168329014,40.0,750.0,75.0,0.15,0.01875,0.8,132.10674829974374,0.2904547938410099,0.04054054054054054,7.0,0.0,55.97014925373134,anchor_unreliable;heavy_repair;period_doubling_unresolved,5.432763478343908,3.957784015685608,19.94247124923076,1.683655311079032,9.508250714783836,4750.0,0.20127987429596458,538.7747674162706,1533.8785933684971,2646.450399161085,13,,0.2730912649417824,0.17270532636352146,0.6014559892314947,0.2978723404255319,0.2765957446808511,47,True,105.78705698710142,3.957784015685608,5.432763478343908,0.17270532636352146,0.2978723404255319,irregular_f0,,,0,5307.870684646721,,1,,,,6,,0,,0,,0,,0,,0,True
s02_B_natural_F018,s02,B_natural,F018,final_fall,"The apartment was smaller than we expected, obviously.","The apartment was smaller than we expected, obviously.",False,data/split/s02_B_natural_F018.wav,3.35,s02_B_natural_F018.wav,3.35,133.24835531701686,132.9005533026489,30.573546673740154,93.74718699469739,172.07987994305844,10.51477340400629,56.58288657543338,238.94101864291616,92.0,0.10603912884509896,0.01325489110563737,0.35,132.8876035300491,0.449914719968624,0.0,0.0,0.0,37.55102040816327,anchor_unreliable,7.3131837626417315,2.9394218163913264,13.944900052253061,1.324234247332403,7.843724656307132,4750.0,0.20811627816339617,547.3027177360111,1591.224870771988,2607.6630944836124,13,,0.2628143321551932,0.20635918304692158,0.5358597242042584,0.37362637362637363,0.24175824175824176,91,True,93.74718699469739,2.9394218163913264,7.3131837626417315,0.20635918304692158,0.37362637362637363,,7550.584494451268,564.3366536887886,3,,,0,-4.409710423280979,-5.660620801309978,2.771043109611055,9,,0,,0,,0,,0,,0,False
s02_B_natural_F019,s02,B_natural,F019,final_fall,I think I left my keys somewhere in the stairwell.,I think I left my keys somewhere in the stairwell.,False,data/split/s02_B_natural_F019.wav,2.5,s02_B_natural_F019.wav,2.5,137.02152876816015,129.33818811950064,35.712406498823086,96.78552528585469,185.79017317380027,11.28973187347457,61.40350000073711,241.8923816110924,104.0,0.048857149836149194,0.012214287459037299,0.8,128.85643128566025,0.6425922144950051,0.009708737864077669,8.0,4.0,51.74129353233831,,7.143324283252983,2.0085118984351564,11.99904545025879,1.1408158623583382,8.813472919754647,5000.0,0.19651367685636478,586.6284830974737,1786.3942793096244,2627.871034427304,13,,0.28230177768523657,0.16887474501263067,0.7029388822606615,0.3645833333333333,0.3125,96,True,96.78552528585469,2.0085118984351564,7.143324283252983,0.16887474501263067,0.3645833333333333,,7408.974244182709,837.5275926227648,2,,,0,-9.048504456188674,-14.412959066709968,-0.8274060111993418,9,0.9445029494403734,1,,0,,0,0.9445029494403734,1,,0,False
s02_B_natural_F020,s02,B_natural,F020,final_fall,"It turned out fine, more or less, in the end.","It turned out fine, more or less, in the end.",False,data/split/s02_B_natural_F020.wav,3.0,s02_B_natural_F020.wav,3.0,208.74737729479983,123.36630550888012,190.99270444465472,87.81139613792308,629.3676152664459,34.09707426804721,40.0,750.0,60.0,0.075,0.01875,0.35,111.4670674247289,0.6056822284192884,0.11864406779661017,4.0,0.0,38.21656050955414,jumpy;period_doubling_unresolved;period_doubling_present,6.055852990404016,3.142969267221871,16.089497376669932,1.3780777879366826,8.622723424136169,6000.0,0.17686497148575867,626.8327796824738,2239.646700798819,2806.6236086054696,13,,0.4404322661423363,0.41751703086421843,0.7012437874084517,0.7327586206896551,0.646551724137931,116,True,87.81139613792308,3.142969267221871,6.055852990404016,0.41751703086421843,0.7327586206896551,multiply_pulsed;irregular_f0,8107.477285263566,,1,,,0,-8.109372803601545,-9.193766673573577,-10.68615881339702,7,,0,,0,,0,,0,,0,False
s02_B_natural_F021,s02,B_natural,F021,final_fall,Nobody warned us about the traffic on the way in.,Nobody warned us about the traffic on the way in.,False,data/split/s02_B_natural_F021.wav,3.18,s02_B_natural_F021.wav,3.18,118.6735010497239,114.37416938599334,25.501129494526698,91.092448420401,149.85794621858037,8.618306644355782,52.61827902833862,264.1030650214534,86.0,0.11402881490610099,0.014253601863262624,0.35,115.76577529681444,0.39264137876200367,0.0,0.0,0.0,39.81481481481482,anchor_unreliable;period_doubling_present,6.108294028666746,2.5942300434086305,15.933362548467583,1.3902832141890373,8.280862667913377,4750.0,0.2154032757609364,558.4088388309628,1572.3152965744177,2572.2733802452694,13,,0.42040533288733345,0.3453672463853306,0.7782563078433467,0.6576576576576577,0.4954954954954955,111,True,91.092448420401,2.5942300434086305,6.108294028666746,0.3453672463853306,0.6576576576576577,multiply_pulsed,7219.2126722053345,,1,,,0,-6.651533650769241,-9.375469608189244,0.908293496293889,9,46.47512844030555,1,46.47512844030555,1,,0,,0,,0,False
s02_B_natural_F022,s02,B_natural,F022,final_fall,He mentioned it once and then never brought it up again.,He mentioned it once and then never brought it up again.,False,data/split/s02_B_natural_F022.wav,2.94,s02_B_natural_F022.wav,2.94,116.36717815083081,105.27662544753203,24.50167674192681,95.16056741663273,160.7868625388857,9.080565039711644,54.225553537979664,181.31821768739223,97.0,0.11064893963318587,0.013831117454148233,0.35,105.22201199272385,0.6151726310461156,0.0,0.0,0.0,47.31707317073171,,7.146730286564722,2.7869348816090596,14.331177422579161,1.3022859134096663,8.393005923434737,5000.0,0.24333541410441892,561.2426164511642,1744.2256318908708,2601.6390723123895,13,,0.34133909148095304,0.2839649521933145,0.7191734692103005,0.5045045045045045,0.34234234234234234,111,True,95.16056741663273,2.7869348816090596,7.146730286564722,0.2839649521933145,0.5045045045045045,multiply_pulsed,7931.741683723493,,1,4615.302427003435,,1,-14.379452492307584,-15.08349647212334,-6.859045100198665,12,5.415004158587422,1,,0,,0,5.415004158587422,1,,0,False
s02_B_natural_F023,s02,B_natural,F023,final_fall,We were both too tired to argue about it anymore.,We were both too tired to argue about it anymore.,False,data/split/s02_B_natural_F023.wav,3.1,s02_B_natural_F023.wav,3.1,132.57384773345265,119.8495897640441,45.254641183225594,90.86174119801026,194.1778085200743,13.14760170457066,52.50789231990703,317.7101562970837,99.0,0.11426853630773622,0.014283567038467027,0.35,130.36530040007545,0.44219208826614687,0.04081632653061224,0.0,0.0,47.142857142857146,anchor_unreliable,7.294775030083418,2.7158133362924883,15.204170817686723,1.3538442240855644,8.26250472554462,4750.0,0.1886154913933166,586.4411843336482,1677.6422401803677,2599.2941780533747,13,,0.3333191306678885,0.2824608541017532,0.6208041296207233,0.5,0.37962962962962965,108,True,90.86174119801026,2.7158133362924883,7.294775030083418,0.2824608541017532,0.5,multiply_pulsed,,,0,,,0,-1.550450190527878,-1.267923200110345,2.899373417637449,12,16.802171074589587,2,,0,,0,16.802171074589587,2,,0,False
s02_B_natural_F024,s02,B_natural,F024,final_fall,I've been putting that conversation off for months.,I've been putting that conversation off for months.,False,data/split/s02_B_natural_F024.wav,2.81,s02_B_natural_F024.wav,2.81,136.67925772973274,126.04666620506178,34.020431364094556,102.09431324661814,198.75968034883076,11.533471414715734,84.74446524442001,250.3318876864388,144.0,0.0708010839727975,0.008850135496599687,0.35,125.70528466852252,0.8450197708361202,0.006993006993006993,6.0,3.0,46.45161290322581,period_doubling_present,6.63725167000981,3.511424638631194,16.887032834517445,1.512756420204509,7.779787350133804,5250.0,0.26130390107568496,584.3740021077215,1550.0318959169356,2649.810667021527,13,,0.4032420583558752,0.3472492027620666,0.7952285760947362,0.6666666666666666,0.5,96,True,102.09431324661814,3.511424638631194,6.63725167000981,0.3472492027620666,0.6666666666666666,multiply_pulsed;irregular_f0,6830.704966552352,460.33113245639134,2,3865.234121732323,,1,-3.593126956573902,-6.661541531333688,6.144868914421308,10,44.64541740714467,1,44.64541740714467,1,,0,,0,,0,False
s02_B_natural_F025,s02,B_natural,F025,final_fall,It felt like the longest week of the entire summer.,It felt like the longest week of the entire summer.,False,data/split/s02_B_natural_F025.wav,2.42,s02_B_natural_F025.wav,2.42,124.73863078460006,117.43413488224647,33.12113219876458,89.33918530609017,171.77945709308722,11.318310154076613,70.44674393878766,210.25025422299518,111.0,0.04258536068901565,0.010646340172253913,0.8,116.64151023195843,0.709284947398796,0.0,4.0,2.0,49.55357142857143,period_doubling_present,7.655858870000615,3.2545629752193985,15.404121856813093,1.3856349872575293,8.415861386878804,4750.0,0.21754962259134955,554.3442945382872,1666.3758990116046,2635.2794176093225,13,,0.3842144723429538,0.32240025977121317,0.7853856875152972,0.6161616161616161,0.4444444444444444,99,True,89.33918530609017,3.2545629752193985,7.655858870000615,0.32240025977121317,0.6161616161616161,multiply_pulsed;irregular_f0,7274.628388825988,535.1448095967392,2,,,0,-5.250400186888046,-8.817764190731506,3.4453373971072776,9,,0,,0,,0,,0,,0,False
s02_C_creak_C001,s02,C_creak,C001,command,Set a timer for twelve minutes.,Set a timer for twelve minutes.,False,data/split/s02_C_creak_C001.wav,2.0,s02_C_creak_C001.wav,2.0,263.6973576460827,64.3136632480545,244.90501552623942,42.54227129057101,578.649851013422,45.18865983676468,40.0,750.0,21.0,0.15,0.01875,0.8,251.70714531172433,0.0,0.05,0.0,0.0,21.21212121212121,anchor_unreliable;period_doubling_unresolved;period_doubling_present,2.02269921263422,5.477733296701077,22.93836324077937,1.9497176720564386,7.373724049565645,4250.0,0.2007481923342492,465.8793381359832,1392.5926587845397,2507.378790104277,13,,0.7358228020033302,0.5412173458839238,0.9178838522888204,1.0,1.0,26,True,42.54227129057101,5.477733296701077,2.02269921263422,0.5412173458839238,1.0,multiply_pulsed;irregular_f0,5591.16118721523,3669.245608436156,2,,,0,,,,8,,0,,0,,0,,0,,0,False
s02_C_creak_C002,s02,C_creak,C002,command,Text Marcus that I'm running late.,Text Marcus that I'm running late.,False,data/split/s02_C_creak_C002.wav,2.42,s02_C_creak_C002.wav,2.42,342.9743677486282,305.39650266961905,82.05700729776049,285.11575824253623,498.9253267322441,9.687313528961694,40.0,750.0,35.0,0.15,0.01875,0.8,119.67949923074411,0.0,0.11764705882352941,13.0,0.0,28.688524590163933,anchor_unreliable;jumpy;heavy_repair;period_doubling_unresolved;period_doubling_present,3.1561450186773485,7.095626602591451,24.359187442694704,1.9373452851817585,7.849237996250778,4500.0,0.17358077145709758,501.5572212234297,1488.7902069846373,2560.6492459539195,13,,0.5888075410045659,0.5704343008521067,0.768103831960154,0.9577464788732394,0.9295774647887324,71,True,285.11575824253623,7.095626602591451,3.1561450186773485,0.5704343008521067,0.9577464788732394,multiply_pulsed;irregular_f0,7646.747927462486,1290.5053718756462,2,,,0,25.059751178141024,54.71309365188991,24.708516207085495,8,,0,,0,,0,,0,,0,True
s02_C_creak_C003,s02,C_creak,C003,command,What's the weather in Newton tomorrow?,What's the weather in Newton tomorrow?,False,data/split/s02_C_creak_C003.wav,2.66,s02_C_creak_C003.wav,2.66,281.01440323910174,100.21711445126925,232.50921690900833,61.49961205277049,592.5730459830665,39.220125478673026,40.0,750.0,62.0,0.075,0.01875,0.8,260.68578053596946,0.0,0.08196721311475409,6.0,0.0,44.927536231884055,anchor_unreliable;jumpy;heavy_repair;period_doubling_unresolved;period_doubling_present,4.235866088176709,4.123300082038049,24.453949957621536,1.8187012173346613,7.1599056613415355,6500.0,0.18151749652160265,688.6957036003168,2489.710520046685,3764.0941441280656,13,ceiling_at_search_edge,0.460319021787977,0.4575930771078799,0.721029917279065,0.8222222222222222,0.6888888888888889,90,True,61.49961205277049,4.123300082038049,4.235866088176709,0.4575930771078799,0.8222222222222222,multiply_pulsed;irregular_f0,8453.860302363291,,1,,,0,-9.704225504159778,-10.140257819197409,14.815084839402507,9,9.344949593706797,1,,0,,0,9.344949593706797,1,,0,True
s02_C_creak_C004,s02,C_creak,C004,command,Play the new Noah Kahan album.,Play the new Noah Kahn album.,True,data/split/s02_C_creak_C004.wav,2.14,s02_C_creak_C004.wav,2.14,477.3690996358714,545.2894918874823,145.35823457080068,264.36777748706464,622.2331866524246,14.818907979395629,40.0,750.0,19.0,0.075,0.01875,0.8,94.86013084086882,0.0,0.05555555555555555,0.0,0.0,17.117117117117118,anchor_unreliable;jumpy;period_doubling_unresolved;period_doubling_present,2.610941652848452,6.944342613437468,28.63092930375669,2.1047648776261196,8.534297856985281,5250.0,0.17416050130215807,502.6355177105031,1351.6510632735117,2665.7026474526524,13,,0.5355585247592783,0.49987689113644723,0.7834568999574444,0.98,0.84,50,True,264.36777748706464,6.944342613437468,2.610941652848452,0.49987689113644723,0.98,multiply_pulsed;irregular_f0,,,0,,,0,22.45578903501886,49.00214270218085,15.383018467477898,5,,0,,0,,0,,0,,0,False
s02_C_creak_C005,s02,C_creak,C005,command,Remind me to email my advisor on Monday.,Remind me to email my advisor on Monday.,False,data/split/s02_C_creak_C005.wav,3.0,s02_C_creak_C005.wav,3.0,422.00772909549204,319.15248221397303,166.1420961033293,264.10824502732606,640.2730001883837,15.330693997651915,40.0,750.0,83.0,0.15,0.01875,0.8,316.9502300942511,0.0,0.036585365853658534,0.0,0.0,54.248366013071895,anchor_unreliable;period_doubling_unresolved;period_doubling_present,3.545980197296843,7.120708087018064,21.451941152571464,1.7380301060367835,8.68462062706204,5000.0,0.20722961954668442,577.6075022910757,1799.6731995740201,2584.632555062619,13,,0.570543779674099,0.5834371729017893,0.8374954757639477,0.875,0.8161764705882353,136,True,264.10824502732606,7.120708087018064,3.545980197296843,0.5834371729017893,0.875,multiply_pulsed;irregular_f0,,,0,,,0,13.967304012796609,34.01092875255661,8.375227261802575,10,,0,,0,,0,,0,,0,False
s02_C_creak_C006,s02,C_creak,C006,command,How long is the flight to Tokyo?,How long is the flight to Tokyo?,False,data/split/s02_C_creak_C006.wav,2.65,s02_C_creak_C006.wav,2.65,390.40048485429173,446.7052948026502,218.7249397097718,83.00989986890201,630.3454593091274,35.09744881640148,40.0,750.0,45.0,0.075,0.01875,0.35,80.48665448087054,0.4,0.1590909090909091,5.0,0.0,32.608695652173914,anchor_unreliable;jumpy;heavy_repair;period_doubling_unresolved;period_doubling_present,4.129566359372407,5.266664297677804,26.11844694651228,2.063288101970496,7.239260837357016,6500.0,0.20185095496813657,627.9349761671025,2543.193414381375,3857.97003640371,13,ceiling_at_search_edge,0.44885202278451153,0.40110854640294635,0.7060118563746316,0.7323943661971831,0.5774647887323944,71,True,83.00989986890201,5.266664297677804,4.129566359372407,0.40110854640294635,0.7323943661971831,multiply_pulsed;irregular_f0,,,0,,,0,7.703287394464179,15.761848996130055,17.379450934082964,8,,0,,0,,0,,0,,0,True
s02_C_creak_C007,s02,C_creak,C007,command,Add oat milk to my grocery list.,Add oat milk to my grocery list.,False,data/split/s02_C_creak_C007.wav,2.75,s02_C_creak_C007.wav,2.75,340.9007500743833,408.94820206203593,202.3537767055733,84.44722226384476,590.8321034529208,33.67951613269723,40.0,750.0,31.0,0.15,0.01875,0.8,85.03613236652967,0.3887675227186217,0.1,0.0,0.0,22.302158273381295,anchor_unreliable;jumpy;period_doubling_unresolved;period_doubling_present,2.008845083120797,5.8157051437530045,20.41628299129422,1.8537054231782892,8.011458326756008,4500.0,0.20040247082771426,529.4172728037404,1622.1173551764502,2580.6675887732686,13,,0.46688239596028636,0.3999226308494591,0.7402453635509746,0.8048780487804879,0.6097560975609756,41,True,84.44722226384476,5.8157051437530045,2.008845083120797,0.3999226308494591,0.8048780487804879,multiply_pulsed;irregular_f0,7064.463392723918,163.74824815420777,2,,,0,-7.947420163530307,-8.29217773852265,-10.09717537212848,3,,0,,0,,0,,0,,0,False
s02_C_creak_C008,s02,C_creak,C008,command,Call the gelato shop on Orchard Street.,Call the gelato shop on Orchard Street.,False,data/split/s02_C_creak_C008.wav,2.62,s02_C_creak_C008.wav,2.62,439.6733202818001,517.8054819217745,214.56563846957354,84.28966143564756,639.9051498938785,35.093165808193746,40.0,750.0,62.0,0.15,0.01875,0.8,86.53768315206172,0.4,0.11475409836065574,0.0,0.0,46.96969696969697,anchor_unreliable;jumpy;period_doubling_unresolved;period_doubling_present,3.5780189519685406,6.0297474243361755,18.761889116623532,1.7125141498520777,8.046694534397371,3750.0,0.2111863286500876,476.89762894717313,1252.7286951385554,2075.2472853237496,13,,0.438471000295626,0.4083456557017139,0.667668917172204,0.8311688311688312,0.6623376623376623,77,True,84.28966143564756,6.0297474243361755,3.5780189519685406,0.4083456557017139,0.8311688311688312,multiply_pulsed;irregular_f0,5877.251767977337,,1,3050.4158506002896,,1,19.064352500432758,50.19103217032293,23.204466918956623,7,,0,,0,,0,,0,,0,False
s02_C_creak_C009,s02,C_creak,C009,command,Turn off the bedroom lights.,Turn off the bedroom lights.,False,data/split/s02_C_creak_C009.wav,2.06,s02_C_creak_C009.wav,2.06,418.8105887645332,443.72499080744876,180.08588567432466,90.17894344246972,636.0474536093892,33.81926270972339,40.0,750.0,48.0,0.075,0.01875,0.8,86.56308877384282,0.4,0.1276595744680851,10.0,0.0,45.283018867924525,anchor_unreliable;jumpy;heavy_repair;period_doubling_unresolved;period_doubling_present,3.4171270648013756,8.689550241461417,21.180002270558504,1.78531505284059,7.897464927289369,4250.0,0.2262904658604276,492.4477776115183,1377.7674737582038,2558.379804577829,13,,0.5055990128527005,0.45277351328870424,0.71573447104828,0.9850746268656716,0.835820895522388,67,True,90.17894344246972,8.689550241461417,3.4171270648013756,0.45277351328870424,0.9850746268656716,multiply_pulsed;irregular_f0,8517.319667861479,,1,,,0,17.751457546543698,44.599271550415054,16.366352738494243,4,,0,,0,,0,,0,,0,True
s02_C_creak_C010,s02,C_creak,C010,command,What time does the library close today?,What time does the library close today?,False,data/split/s02_C_creak_C010.wav,2.65,s02_C_creak_C010.wav,2.65,529.9737129559252,519.3663148985836,84.86642253326963,433.48022739584997,650.8083470204257,7.035198794263021,40.0,750.0,24.0,0.075,0.01875,0.8,80.79054072361313,0.4,0.0,0.0,0.0,17.391304347826086,anchor_unreliable;period_doubling_unresolved;period_doubling_present,1.6601695563436811,6.94313203342867,21.5976624948098,2.0000265897171214,7.815428076615369,4500.0,0.2092512940013986,506.7072917000104,1465.340111631979,2597.2619669213054,13,,0.5357291035158653,0.5124898302987642,0.7015888373708768,1.0,0.9555555555555556,45,True,433.48022739584997,6.94313203342867,1.6601695563436811,0.5124898302987642,1.0,multiply_pulsed;irregular_f0,7247.18121663264,,1,,,0,11.667882159246815,27.511122828984064,4.588433474448898,7,,0,,0,,0,,0,,0,False
s02_C_creak_C011,s02,C_creak,C011,command,Navigate to Grand Central Terminal.,Navigate to Grand Central Terminal.,False,data/split/s02_C_creak_C011.wav,1.97,s02_C_creak_C011.wav,1.97,224.88851614932855,83.05266407554566,228.61467537493377,67.55413919965271,599.9926069582871,37.809943793308754,40.0,750.0,20.0,0.075,0.01875,0.8,80.57771121504466,0.9294736246193656,0.10526315789473684,0.0,0.0,19.607843137254903,jumpy;period_doubling_unresolved;period_doubling_present,2.8318680458794145,4.7206817827820355,23.412121715222906,1.711505962185536,7.6001534073241075,4500.0,0.21885106540650023,443.09126111476985,1492.9201840829342,2515.6949074790464,13,,0.5057067500089236,0.4255219553780249,0.7312643895843923,0.9574468085106383,0.851063829787234,47,True,67.55413919965271,4.7206817827820355,2.8318680458794145,0.4255219553780249,0.9574468085106383,multiply_pulsed;irregular_f0,7888.861025191123,,1,,,0,-19.366983028416158,-20.07159021280132,-17.807617127123592,6,3.4294371448708727,1,,0,,0,3.4294371448708727,1,,0,False
s02_C_creak_C012,s02,C_creak,C012,command,Send a photo to the choir group chat.,Send a photo of the choir group chat.,True,data/split/s02_C_creak_C012.wav,2.48,s02_C_creak_C012.wav,2.48,509.99800930999174,500.54062952047684,112.0828587176077,298.5566701279534,639.0561040510566,13.175253518661606,40.0,750.0,37.0,0.075,0.01875,0.8,81.02692588733643,0.4,0.08333333333333333,2.0,0.0,28.68217054263566,anchor_unreliable;jumpy;period_doubling_unresolved;period_doubling_present,2.927985484052088,8.443181320585849,21.41698316187343,1.8707060121280417,7.079820579190088,4500.0,0.20140614576875074,556.5614109270573,1499.3146684934682,2500.2993425973245,13,,0.5345265413644118,0.531105992462453,0.6460682798063779,1.0,1.0,37,True,298.5566701279534,8.443181320585849,2.927985484052088,0.531105992462453,1.0,multiply_pulsed;irregular_f0,6989.87980156689,,1,,,0,,,,6,,0,,0,,0,,0,,0,False
s02_C_creak_C013,s02,C_creak,C013,command,Show me my calendar for next Thursday.,Show me my calendar for next Thursday.,False,data/split/s02_C_creak_C013.wav,2.82,s02_C_creak_C013.wav,2.82,425.7972126951387,469.9595576399841,171.08712606651795,74.04964350610541,591.2609350764066,35.96676318580357,40.0,750.0,41.0,0.075,0.01875,0.8,75.34465528705292,0.4,0.125,9.0,0.0,27.891156462585034,anchor_unreliable;jumpy;heavy_repair;period_doubling_unresolved;period_doubling_present,3.105978489238883,5.422356700285469,20.08140640190974,1.737421588535544,7.519551710355622,4500.0,0.2675097588375875,574.6990900556802,1557.802248627431,2574.0710034273284,13,,0.46088042982345084,0.41056665397946246,0.6724177649597347,0.8636363636363636,0.6136363636363636,44,True,74.04964350610541,5.422356700285469,3.105978489238883,0.41056665397946246,0.8636363636363636,multiply_pulsed;irregular_f0,6448.308009517102,,1,3497.3353696615873,,1,,,,6,,0,,0,,0,,0,,0,True
s02_C_creak_C014,s02,C_creak,C014,command,Convert eighty degrees Fahrenheit to Celsius.,Convert eighty degrees Fahrenheit to Celsius.,False,data/split/s02_C_creak_C014.wav,4.92,s02_C_creak_C014.wav,4.92,237.1823606974337,91.29795943667233,202.26350495188962,82.56174719083421,549.9141468321766,32.82793193190345,40.0,750.0,50.0,0.15,0.01875,0.35,91.20579224605585,0.438390342266168,0.14285714285714285,3.0,0.0,19.607843137254903,anchor_unreliable;jumpy;period_doubling_unresolved;period_doubling_present,4.279503541733923,5.023309742549474,18.96196194370487,1.5884580858005548,6.1206898591817716,6500.0,0.18954865733004855,745.861417695103,2527.919505021194,3915.042395788119,13,ceiling_at_search_edge,0.4605315130097843,0.4658368393754748,0.7119095102885552,0.7307692307692307,0.6538461538461539,78,True,82.56174719083421,5.023309742549474,4.279503541733923,0.4658368393754748,0.7307692307692307,multiply_pulsed;irregular_f0,7414.718034619937,605.9019605615076,2,,,0,-4.155300266485888,-5.323532762968249,-5.490125522149931,7,28.21410715173389,2,37.541341117272694,1,,0,,0,18.886873186195086,1,False
s02_C_creak_C015,s02,C_creak,C015,command,Skip to the next song.,Skip to the next song.,False,data/split/s02_C_creak_C015.wav,1.76,s02_C_creak_C015.wav,1.76,373.1899623033636,437.1069585748298,277.8949982438516,43.44284018431966,679.4483218242938,47.60608192866382,40.0,750.0,33.0,0.075,0.01875,0.35,84.05412829326919,0.4,0.125,9.0,0.0,36.666666666666664,anchor_unreliable;jumpy;heavy_repair;period_doubling_unresolved;period_doubling_present,1.8829056782581275,6.50625643879335,18.480035345896596,1.7408269423788427,7.1858055528194065,4250.0,0.14467369554868256,582.3837396802019,1436.328061358337,2538.7273538599775,13,,0.6280481962059479,0.6218278462714786,0.868330493816031,0.925,0.875,40,True,43.44284018431966,6.50625643879335,1.8829056782581275,0.6218278462714786,0.925,multiply_pulsed;irregular_f0,7074.417225231704,125.43320560624002,3,,,0,-2.4615858050358703,-2.6212028183148206,-2.1702189985188554,4,,0,,0,,0,,0,,0,True
s02_C_creak_C016,s02,C_creak,C016,command,What's the score of the Mets game?,What's the score of the Mets game?,False,data/split/s02_C_creak_C016.wav,2.15,s02_C_creak_C016.wav,2.15,71.82584941844281,57.99452006577798,33.43204736982301,51.425482742325954,101.80877551786077,11.823679015383696,40.0,750.0,28.0,0.075,0.01875,0.35,62.35729965264172,0.3393495072728612,0.25925925925925924,3.0,0.0,25.225225225225227,anchor_unreliable;jumpy;heavy_repair;period_doubling_unresolved;period_doubling_present,2.5064089936020415,4.064037375761734,15.015278308617756,1.7315406052090412,7.283903393448194,4500.0,0.21383335598547956,456.9153011862078,1514.4747294819035,2517.998172324651,13,,0.5768235185526823,0.5625927512462259,0.7758112021468697,1.0,0.9782608695652174,46,True,51.425482742325954,4.064037375761734,2.5064089936020415,0.5625927512462259,1.0,multiply_pulsed;irregular_f0,7267.682044476133,707.8264551712814,3,,,0,-8.102160481030122,-8.792933325947988,-8.686004161640266,5,18.876060734222435,1,18.876060734222435,1,,0,,0,,0,True
s02_C_creak_C017,s02,C_creak,C017,command,Set an alarm for six forty-five.,Set an alarm for six forty-five.,False,data/split/s02_C_creak_C017.wav,2.22,s02_C_creak_C017.wav,2.22,305.27993365026214,152.74342982473388,244.6209822523035,65.92929608226606,629.7505045019936,39.06946547542538,40.0,750.0,26.0,0.15,0.01875,0.8,82.19337690653865,0.0,0.16,3.0,0.0,23.423423423423422,anchor_unreliable;jumpy;heavy_repair;period_doubling_unresolved;period_doubling_present,2.19218135012976,5.932770292127458,18.238704610668098,1.7599116301161066,8.320578224577346,3750.0,0.1881741077664848,482.0336050124406,1307.1620740469348,2288.2392119378715,13,,0.45734237379919424,0.4295741885716621,0.701208453872622,0.828125,0.71875,64,True,65.92929608226606,5.932770292127458,2.19218135012976,0.4295741885716621,0.828125,multiply_pulsed;irregular_f0,7715.420778435909,382.49927358686676,3,,,0,-6.628966302554389,-6.8630535020274355,-2.4714431531151355,7,,0,,0,,0,,0,,0,True
s02_C_creak_C018,s02,C_creak,C018,command,Find a ramen place open past midnight.,Find a ramen place open past midnight.,False,data/split/s02_C_creak_C018.wav,2.9,s02_C_creak_C018.wav,2.9,361.7545066444126,445.12993810813134,229.7766863239087,52.120148792754925,646.9973093115933,43.6061592577633,40.0,750.0,62.0,0.15,0.01875,0.35,85.13457604931398,0.6351505744427319,0.13114754098360656,5.0,1.0,42.17687074829932,octave_disagreement;jumpy;heavy_repair;period_doubling_unresolved;period_doubling_present,2.898518531056478,6.0511971487591145,22.46138896517608,1.8922005097691608,8.11068541649332,5250.0,0.20654899228466994,605.9052573716544,1573.9243869346992,2656.310309620074,13,,0.488777460702055,0.47612098942479214,0.6774643113136554,0.9139784946236559,0.8172043010752689,93,True,52.120148792754925,6.0511971487591145,2.898518531056478,0.47612098942479214,0.9139784946236559,multiply_pulsed;irregular_f0,7395.253943529986,613.5843400681903,2,,,0,5.339374591120447,7.04653818871846,8.94574515199461,7,,0,,0,,0,,0,,0,True
s02_C_creak_C019,s02,C_creak,C019,command,Read my last message from Anjali.,Read my last message from Anjali.,False,data/split/s02_C_creak_C019.wav,2.72,s02_C_creak_C019.wav,2.72,204.4354053462508,104.41902982082875,180.50884213226732,64.66553809962629,439.9673766336966,33.19593094946832,40.0,750.0,33.0,0.075,0.01875,0.35,99.00076485134308,0.0,0.15625,0.0,0.0,23.239436619718308,anchor_unreliable;jumpy;period_doubling_unresolved;period_doubling_present,2.2897769396032137,6.42484660316963,20.115254835187855,1.7011026814294405,7.750248449098575,4250.0,0.2081002468329214,511.3106527301746,1439.7281354310799,2543.4445300823613,13,,0.5313473003205654,0.498650725408551,0.7320963032042055,0.9423076923076923,0.8269230769230769,52,True,64.66553809962629,6.42484660316963,2.2897769396032137,0.498650725408551,0.9423076923076923,multiply_pulsed;irregular_f0,8102.413387883396,470.91770491104836,2,,,0,-13.92285606413158,-17.734982811356417,-0.4439978839997849,6,,0,,0,,0,,0,,0,False
s02_C_creak_C020,s02,C_creak,C020,command,How do you say thank you in Japanese?,How do you say thank you in Japanese?,False,data/split/s02_C_creak_C020.wav,2.65,s02_C_creak_C020.wav,2.65,185.75790442306388,95.73044884713217,210.6473730543239,80.00704853496308,648.5921462322156,36.22935052545901,40.0,750.0,29.0,0.075,0.01875,0.8,93.5165475825826,0.5306328326505969,0.14285714285714285,2.0,1.0,21.014492753623188,jumpy;period_doubling_unresolved;period_doubling_present,4.688684567771365,4.986450157439205,20.36076482869875,1.6755376327785643,7.535072235370304,4250.0,0.182773060386108,491.378133453001,1675.2588216872964,2563.3313239418803,13,,0.5159169417358748,0.5302400617818404,0.7590053326086016,0.8068181818181818,0.7613636363636364,88,True,80.00704853496308,4.986450157439205,4.688684567771365,0.5302400617818404,0.8068181818181818,multiply_pulsed;irregular_f0,8565.919856271357,,1,,,0,-1.6379526604637142,2.2238677788036476,3.8540237462214364,7,,0,,0,,0,,0,,0,False
s02_C_creak_C021,s02,C_creak,C021,command,Start a workout on my watch.,Start a workout on my watch.,False,data/split/s02_C_creak_C021.wav,2.36,s02_C_creak_C021.wav,2.36,531.9952991366811,561.2182479269027,127.38618731298752,432.83979292644835,646.7264092485733,6.951868628020355,40.0,750.0,39.0,0.15,0.01875,0.35,82.18785288962965,0.4,0.05263157894736842,0.0,0.0,33.05084745762712,anchor_unreliable;jumpy;period_doubling_unresolved;period_doubling_present,2.5388568861276415,7.968338519346537,24.740057746338753,1.9208113475695676,7.064007324518569,4500.0,0.19464751857392515,594.8662331540802,1402.289299051086,2525.6488286555327,13,,0.49843011388414304,0.4440657946828355,0.8161952054227501,0.9344262295081968,0.7868852459016393,61,True,432.83979292644835,7.968338519346537,2.5388568861276415,0.4440657946828355,0.9344262295081968,multiply_pulsed;irregular_f0,6650.511931802527,,1,,,0,22.62064111318764,48.759891530840584,30.136648459026368,6,75.7666612086445,1,75.7666612086445,1,,0,,0,,0,False
s02_C_creak_C022,s02,C_creak,C022,command,Cancel my reminder about the dentist.,Cancel my reminder about the dentist.,False,data/split/s02_C_creak_C022.wav,2.86,s02_C_creak_C022.wav,2.86,321.3296050938593,300.94475225137234,208.01590997249363,58.70616623123686,643.420096978684,41.45012457747785,40.0,750.0,28.0,0.15,0.01875,0.35,72.39820192475838,0.4,0.25925925925925924,9.0,0.0,19.310344827586206,anchor_unreliable;jumpy;heavy_repair;period_doubling_unresolved;period_doubling_present,1.9102525368400265,6.033021619091099,22.9497028782135,1.972629546530932,7.561273399269177,5000.0,0.19893776283841547,595.5897002193387,1702.0051160467688,2647.858966059938,13,,0.5087445191394069,0.45967396669717964,0.7566209238505148,0.9074074074074074,0.7777777777777778,54,True,58.70616623123686,6.033021619091099,1.9102525368400265,0.45967396669717964,0.9074074074074074,multiply_pulsed;irregular_f0,5477.951048020468,2206.1214951150796,2,,,0,-6.908305123473788,-7.390739341116081,-7.78447907212869,8,,0,,0,,0,,0,,0,True
s02_C_creak_C023,s02,C_creak,C023,command,Take a note about the pitch analysis.,Take a note about the pitch analysis.,False,data/split/s02_C_creak_C023.wav,2.53,s02_C_creak_C023.wav,2.53,382.16097566633806,292.95830626061576,211.06488785018092,52.4766266251197,597.830346906906,42.11987095012789,40.0,750.0,21.0,0.15,0.01875,0.35,113.98058499637163,0.0,0.2,2.0,0.0,16.53543307086614,anchor_unreliable;jumpy;heavy_repair;period_doubling_unresolved;period_doubling_present,1.6129183781146148,5.471381772373965,22.9121751636775,1.8322880001760153,7.685719154581011,6500.0,0.2044693952779447,672.916899093249,2510.458567972878,3893.1973108633533,13,ceiling_at_search_edge,0.604176389194463,0.5455745836089032,0.8304793060737425,0.9629629629629629,0.9259259259259259,27,True,52.4766266251197,5.471381772373965,1.6129183781146148,0.5455745836089032,0.9629629629629629,multiply_pulsed;irregular_f0,7472.957496797559,994.5704600998448,2,,,0,,,,5,,0,,0,,0,,0,,0,True
s02_C_creak_C024,s02,C_creak,C024,command,What is twenty percent of forty-three dollars?,What is twenty percent of forty-three dollars?,False,data/split/s02_C_creak_C024.wav,2.81,s02_C_creak_C024.wav,2.81,445.22717957417774,509.680913325822,191.09334514697562,82.1207503826615,636.2089613125974,35.44418373312968,40.0,750.0,28.0,0.075,0.01875,0.35,81.15673682391646,0.6193082779995658,0.07407407407407407,0.0,0.0,19.17808219178082,octave_disagreement;jumpy;period_doubling_unresolved;period_doubling_present,2.070060866651799,8.293907678477273,22.947932674465278,1.7597141648160242,7.7567732398101255,4000.0,0.26317777211813587,473.9881721889533,1383.3017675226988,2350.364854595569,13,,0.5409605036963966,0.5363419746925248,0.7865498409592251,0.9310344827586207,0.8793103448275862,58,True,82.1207503826615,8.293907678477273,2.070060866651799,0.5363419746925248,0.9310344827586207,multiply_pulsed;irregular_f0,6812.202272070903,,1,,,0,-6.2786159740646665,-0.784407581806614,11.295892286098372,10,,0,,0,,0,,0,,0,True
s02_C_creak_C025,s02,C_creak,C025,command,Turn the volume down a little.,Turn the volume down a little.,False,data/split/s02_C_creak_C025.wav,1.29,s02_C_creak_C025.wav,1.29,411.87460622469126,285.50775547197355,164.78290497019373,254.92668987086822,617.4683887126802,15.315394245471609,40.0,750.0,21.0,0.15,0.01875,0.8,91.42960902251119,0.4,0.05,0.0,0.0,34.42622950819672,anchor_unreliable;period_doubling_unresolved;period_doubling_present,2.986696873572892,7.381832311003128,21.441133083833286,1.8602764717564113,9.422411803878932,5000.0,0.1244214367402794,467.826904769536,1344.2480184043575,2578.1918911355106,13,,0.58769559615523,0.5392223500899536,0.8058914027553382,0.9423076923076923,0.8461538461538461,52,True,254.92668987086822,7.381832311003128,2.986696873572892,0.5392223500899536,0.9423076923076923,multiply_pulsed;irregular_f0,,,0,,,0,16.595252685238616,31.67778221106627,21.948598494928728,5,5.978542113334928,1,,0,,0,5.978542113334928,1,,0,False
s02_C_creak_C026,s02,C_creak,C026,command,Open the Praat documentation in Safari.,Open the Pratt documentation in Safari.,True,data/split/s02_C_creak_C026.wav,3.08,s02_C_creak_C026.wav,3.08,308.58597727235116,99.68995148953769,257.58346279394766,51.55035046541675,629.61672429946,43.32503666725021,40.0,750.0,59.0,0.075,0.01875,0.35,97.11686440343674,0.43950885382044624,0.1206896551724138,1.0,0.0,36.64596273291925,anchor_unreliable;jumpy;period_doubling_unresolved;period_doubling_present,3.4085592792132764,5.98326571180598,20.62463694411036,1.8209771752535047,7.857377602499532,6500.0,0.22915828172915623,616.6425174394166,2483.9420721897914,3642.3036465849937,13,ceiling_at_search_edge,0.577006746213196,0.5379649763032198,0.885512130642725,0.9883720930232558,0.9534883720930233,86,True,51.55035046541675,5.98326571180598,3.4085592792132764,0.5379649763032198,0.9883720930232558,multiply_pulsed;irregular_f0,6858.831117923818,,1,3358.4498904999655,,1,16.99608861361273,41.24866171768609,30.628333814245657,8,,0,,0,,0,,0,,0,False
s02_C_creak_C027,s02,C_creak,C027,command,Schedule a meeting for Friday afternoon.,Schedule a meeting for Friday afternoon.,False,data/split/s02_C_creak_C027.wav,2.83,s02_C_creak_C027.wav,2.83,417.1731492475739,292.9359085600652,176.92199263761947,252.82207916578037,641.5082742266604,16.12014495169196,40.0,750.0,47.0,0.15,0.01875,0.35,286.519278590541,0.0,0.08695652173913043,3.0,0.0,32.86713286713287,anchor_unreliable;jumpy;period_doubling_unresolved;period_doubling_present,2.746644208972761,8.735545498004397,24.99437886602586,1.9216987276641602,7.852152227088524,4500.0,0.18117295974703387,465.86504179140064,1657.0423118820804,2538.458435249967,13,,0.5258917596186046,0.5232648430684386,0.7380006428972516,0.9512195121951219,0.8292682926829268,82,True,252.82207916578037,8.735545498004397,2.746644208972761,0.5232648430684386,0.9512195121951219,multiply_pulsed;irregular_f0,7287.539351151071,,1,,,0,11.421648351123478,20.105368280566005,10.172621286055442,10,,0,,0,,0,,0,,0,False
s02_C_creak_C028,s02,C_creak,C028,command,Is it going to rain this evening?,Is it going to rain this evening?,False,data/split/s02_C_creak_C028.wav,2.7,s02_C_creak_C028.wav,2.7,149.94491695845366,89.85491358425583,133.6891766230486,74.12566104998976,425.6227260426459,30.258362575024954,40.0,750.0,27.0,0.15,0.01875,0.35,79.01629725898607,0.764702602816756,0.15384615384615385,2.0,0.0,19.708029197080293,octave_uncertain;jumpy;period_doubling_unresolved;period_doubling_present,4.163781123494665,5.187898395683409,18.320739624072715,1.4641574220524571,7.271844934519171,6500.0,0.1812647404786154,499.8659568887192,2509.215224259019,3769.372619365884,13,ceiling_at_search_edge,0.5815538995275739,0.5531004033318098,0.8302920436384832,0.9807692307692307,0.8461538461538461,52,True,74.12566104998976,5.187898395683409,4.163781123494665,0.5531004033318098,0.9807692307692307,multiply_pulsed;irregular_f0,7496.859625685075,,1,,,0,-0.9418276456383445,-0.7897014504215747,16.688539285189503,4,,0,,0,,0,,0,,0,False
s02_C_creak_C029,s02,C_creak,C029,command,Play something quiet while I study.,Play something quiet while I study.,False,data/split/s02_C_creak_C029.wav,2.4,s02_C_creak_C029.wav,2.4,567.7028146569394,592.5012932537052,75.14281668072165,469.6317422960284,638.4292508436798,5.315961956685272,40.0,750.0,44.0,0.075,0.01875,0.8,81.5027051359519,0.4,0.0,0.0,0.0,35.483870967741936,anchor_unreliable;period_doubling_unresolved;period_doubling_present,3.017614072813541,6.971485082969083,20.990660354398393,1.865429676688728,7.673135173478049,4250.0,0.19128842795780499,558.5898709339153,1445.5098107091544,2527.4810881562435,13,,0.545519810530991,0.5235269907231586,0.7674351181374018,0.9696969696969697,0.8333333333333334,66,True,469.6317422960284,6.971485082969083,3.017614072813541,0.5235269907231586,0.9696969696969697,multiply_pulsed;irregular_f0,8422.304681798869,813.2368797406139,2,,,0,15.423036705299488,18.2895112258868,13.613513242574506,7,10.063308218802636,1,,0,,0,10.063308218802636,1,,0,False
s02_C_creak_C030,s02,C_creak,C030,command,Delete the last voice memo.,Delete the last voice memo.,False,data/split/s02_C_creak_C030.wav,2.43,s02_C_creak_C030.wav,2.43,350.3877938904243,326.13632092543867,278.7565497398382,51.4971779447864,665.8343718441542,44.31117681482315,40.0,750.0,28.0,0.15,0.01875,0.35,182.67561354661382,0.0,0.07407407407407407,4.0,0.0,22.950819672131146,anchor_unreliable;jumpy;heavy_repair;period_doubling_unresolved;period_doubling_present,2.258068421772423,5.366000535542684,19.98407741643141,1.7099896738377065,7.28634261635508,5500.0,0.1906108810606945,673.2599966202197,2254.939333230829,2954.6999183237467,13,,0.5795902890415046,0.5294513095792819,0.7760886690628399,0.9772727272727273,0.9318181818181818,44,True,51.4971779447864,5.366000535542684,2.258068421772423,0.5294513095792819,0.9772727272727273,multiply_pulsed;irregular_f0,6987.121691154001,694.8792671172947,2,,,0,-4.720916417592692,-5.031049256147691,-11.038537756988534,4,,0,,0,,0,,0,,0,True
s02_C_creak_C031,s02,C_creak,C031,command,What's the fastest way to Morningside Heights?,What's the fastest way to Morningside Heights?,False,data/split/s02_C_creak_C031.wav,3.02,s02_C_creak_C031.wav,3.02,419.87469497214374,475.9964255792392,201.3193960744425,88.47033893890008,629.5534971761857,33.972758673565124,40.0,750.0,51.0,0.15,0.01875,0.8,181.5562064904919,0.0,0.14,2.0,0.0,33.116883116883116,anchor_unreliable;jumpy;period_doubling_unresolved;period_doubling_present,2.686410630049641,6.3374843060776325,24.977004183570898,1.9242014052352807,7.188159363510075,5750.0,0.2454478464201498,626.2086956376086,2189.655087181883,2982.7051903926076,13,,0.5338391284776858,0.5253215262348995,0.8027805458187008,0.9222222222222223,0.7888888888888889,90,True,88.47033893890008,6.3374843060776325,2.686410630049641,0.5253215262348995,0.9222222222222223,multiply_pulsed;irregular_f0,7449.6572518426865,1008.9304867212047,5,,,0,21.782021983875207,40.682776652790245,10.814366535239596,8,,0,,0,,0,,0,,0,False
s02_C_creak_C032,s02,C_creak,C032,command,Add a wisteria trellis to my shopping list.,Add a wisteria trellis to my shopping list.,False,data/split/s02_C_creak_C032.wav,2.84,s02_C_creak_C032.wav,2.84,340.1112533282856,318.4650498178744,214.3994057661397,95.97850351913927,642.1522148997311,32.90558505961228,40.0,750.0,39.0,0.075,0.01875,0.8,234.33620018554618,0.0,0.18421052631578946,19.0,0.0,26.35135135135135,anchor_unreliable;jumpy;heavy_repair;period_doubling_unresolved;period_doubling_present,2.934590935648932,5.097709743434726,20.07771194143111,1.6570491769752695,8.331308703843185,4250.0,0.2005324713572988,523.1378788152017,1445.133662907639,2527.9080341177023,13,,0.546708862249465,0.5154366128744214,0.7680127671522188,0.8837209302325582,0.7906976744186046,43,True,95.97850351913927,5.097709743434726,2.934590935648932,0.5154366128744214,0.8837209302325582,multiply_pulsed;irregular_f0,6155.152370038019,,1,3047.980477485637,,1,-10.554284636889186,-10.988349063334809,2.215944843885854,5,,0,,0,,0,,0,,0,True
s02_C_creak_C033,s02,C_creak,C033,command,Tell me a joke about linguists.,Tell me a joke about linguists.,False,data/split/s02_C_creak_C033.wav,2.23,s02_C_creak_C033.wav,2.23,457.3552998943165,544.3444423582114,213.70211303648875,43.52526971567386,648.4408966063429,46.76459928240649,40.0,750.0,17.0,0.075,0.01875,0.35,79.32130788166083,0.4,0.125,0.0,0.0,14.782608695652174,anchor_unreliable;jumpy;low_voicing;period_doubling_unresolved;period_doubling_present,2.5035072345906357,7.552051226591326,22.931824106882978,2.0328967119325796,8.489763458733393,5000.0,0.17267472247921423,533.1131950773233,1504.4371796973428,2611.008730342535,13,,0.512791293541832,0.477918755273149,0.8415528306651796,0.8478260869565217,0.7391304347826086,46,True,43.52526971567386,7.552051226591326,2.5035072345906357,0.477918755273149,0.8478260869565217,multiply_pulsed;irregular_f0,7176.546084241894,709.6586119748277,2,,,0,13.896970710458255,21.78621059699578,14.557246393782172,4,,0,,0,,0,,0,,0,False
s02_C_creak_C034,s02,C_creak,C034,command,Show me photos from Cape Cod.,Show me photos from Cape Cod.,False,data/split/s02_C_creak_C034.wav,2.33,s02_C_creak_C034.wav,2.33,428.49773624605683,449.7942232657447,193.48171762548273,85.01570396372767,650.7540968011061,35.23573470980501,40.0,750.0,57.0,0.075,0.01875,0.35,84.32222821886377,0.4,0.125,4.0,0.0,47.107438016528924,anchor_unreliable;jumpy;period_doubling_unresolved;period_doubling_present,4.245197224139303,7.956842733498032,23.625563387026418,1.894253930274158,8.744606977182546,4500.0,0.15949535955731406,539.2819245031993,1374.0644793474576,2534.2962452248103,13,,0.521554532990546,0.5314191023804086,0.7478205513521031,0.8823529411764706,0.7647058823529411,34,True,85.01570396372767,7.956842733498032,4.245197224139303,0.5314191023804086,0.8823529411764706,multiply_pulsed;irregular_f0,,,0,2836.044624642201,,1,,,,4,45.3068986083256,1,45.3068986083256,1,,0,,0,,0,False
s02_C_creak_C035,s02,C_creak,C035,command,How many days until September first?,How many days until September first?,False,data/split/s02_C_creak_C035.wav,2.47,s02_C_creak_C035.wav,2.47,92.864180270719,86.74790637373471,21.575533972079544,78.74527357683586,102.12801989761154,4.5013620103212615,40.0,750.0,22.0,0.15,0.01875,0.35,84.61903518315367,0.8577172383324014,0.09523809523809523,4.0,2.0,17.741935483870968,jumpy;heavy_repair;period_doubling_unresolved;period_doubling_present,3.9468171728190447,3.7335307795300405,15.846421423416777,1.3771428645977692,7.6755308788686145,4250.0,0.20634073324364519,445.0507501754362,1427.5483657509612,2510.2903595213265,13,,0.4386338236029063,0.38879100132660827,0.6889012790942459,0.7843137254901961,0.6470588235294118,51,True,78.74527357683586,3.7335307795300405,3.9468171728190447,0.38879100132660827,0.7843137254901961,multiply_pulsed;irregular_f0,8037.1509507127375,443.379523012704,2,,,0,29.61666581086302,57.894858687640706,7.7032735712523674,8,,0,,0,,0,,0,,0,True
s02_C_creak_C036,s02,C_creak,C036,command,Turn on do not disturb until noon.,Turn on do not disturb until noon.,False,data/split/s02_C_creak_C036.wav,2.68,s02_C_creak_C036.wav,2.68,212.62816522929307,79.78738499570207,237.53275015939116,51.58317899664752,651.2622969836204,43.89919339313947,40.0,750.0,44.0,0.075,0.01875,0.35,76.62431424525985,0.8557821235602783,0.13953488372093023,6.0,1.0,31.654676258992804,jumpy;heavy_repair;period_doubling_unresolved;period_doubling_present,3.320088483936962,5.138273862265781,20.66999482905026,1.5205327266095,8.05685004148163,4750.0,0.23725595133926303,490.7898815716748,1746.5412695748614,2605.348631619505,13,,0.5150593608279541,0.47776636381794374,0.7399863767922359,0.8059701492537313,0.7164179104477612,67,True,51.58317899664752,5.138273862265781,3.320088483936962,0.47776636381794374,0.8059701492537313,multiply_pulsed;irregular_f0,7719.722406553952,,1,,,0,5.578455949153345,17.625546484828593,7.586507735847435,6,28.191086270320298,1,,0,,0,28.191086270320298,1,,0,True
s02_C_creak_C037,s02,C_creak,C037,command,Where is the nearest pharmacy?,Where is the nearest pharmacy?,False,data/split/s02_C_creak_C037.wav,2.14,s02_C_creak_C037.wav,2.14,189.10742817643234,112.38558666725687,155.49089900731713,64.74053061041107,501.289337021569,35.43482942109208,40.0,750.0,30.0,0.075,0.01875,0.8,79.51435873592577,0.0,0.13793103448275862,3.0,0.0,27.027027027027028,anchor_unreliable;jumpy;heavy_repair;period_doubling_unresolved;period_doubling_present,4.379060495340089,4.927506348539712,19.116477858871814,1.4371927422462334,7.1638995187051595,6500.0,0.1887608068340885,666.7988087773188,2509.958029784373,3751.394513026211,13,ceiling_at_search_edge,0.43823773888527023,0.37673024679495054,0.7826652036545881,0.65625,0.53125,64,True,64.74053061041107,4.927506348539712,4.379060495340089,0.37673024679495054,0.65625,multiply_pulsed;irregular_f0,8225.604740534936,1160.2614979186346,2,,,0,-14.852039540213429,-22.38098781657481,31.115917302715083,8,,0,,0,,0,,0,,0,True
s02_C_creak_C038,s02,C_creak,C038,command,Email the lab about the annotation deadline.,Mail the lab about the annotation deadline.,True,data/split/s02_C_creak_C038.wav,1.99,s02_C_creak_C038.wav,1.99,471.17508488066915,614.91683100831,244.97299942710157,66.10357813808069,650.7100789789139,39.59057554939467,40.0,750.0,42.0,0.15,0.01875,0.35,110.23230389546343,0.0,0.04878048780487805,0.0,0.0,42.42424242424242,anchor_unreliable;period_doubling_unresolved;period_doubling_present,3.339458788938407,6.397589807914452,21.56811555601263,1.8247324901386472,9.379150533074903,4500.0,0.16824235418861724,546.4026143765083,1308.7687818647344,2587.758940143366,13,,0.5306411905217117,0.4754341240948174,0.8059116732649576,0.9565217391304348,0.8260869565217391,69,True,66.10357813808069,6.397589807914452,3.339458788938407,0.4754341240948174,0.9565217391304348,multiply_pulsed;irregular_f0,,,0,3404.049601817548,,1,16.029815795963692,29.841508239876532,6.377803856807443,8,,0,,0,,0,,0,,0,False
s02_C_creak_C039,s02,C_creak,C039,command,What's on my agenda this morning?,What's on my agenda this morning?,False,data/split/s02_C_creak_C039.wav,1.99,s02_C_creak_C039.wav,1.99,93.9158310679979,88.85256684142396,15.656742220497673,82.51826384045906,107.81992742555516,4.6300616496898925,40.0,750.0,24.0,0.075,0.01875,0.8,86.74484221313122,0.7119329038315245,0.0,1.0,1.0,23.300970873786408,period_doubling_unresolved;period_doubling_present,3.2995902570700992,5.08155939996606,18.52571969168255,1.6966090915580188,7.846364216082907,4250.0,0.16353875222794442,513.5747896309304,1439.2831981195643,2540.6732929776826,13,,0.46383386961140755,0.43036530988537935,0.7659551539104841,0.7758620689655172,0.6724137931034483,58,True,82.51826384045906,5.08155939996606,3.2995902570700992,0.43036530988537935,0.7758620689655172,multiply_pulsed;irregular_f0,7419.603206049055,544.8006428654884,2,,,0,20.675351514292693,49.66135847131301,14.914567678665321,6,,0,,0,,0,,0,,0,False
s02_C_creak_C040,s02,C_creak,C040,command,Play white noise for thirty minutes.,Play white noise for thirty minutes.,False,data/split/s02_C_creak_C040.wav,2.38,s02_C_creak_C040.wav,2.38,269.02557461401227,291.44052255668635,173.43992945194228,82.75355182032425,474.34539872384244,30.22853775859018,40.0,750.0,46.0,0.075,0.01875,0.8,287.9531966375602,0.0,0.1111111111111111,0.0,0.0,37.39837398373984,anchor_unreliable;jumpy;period_doubling_unresolved;period_doubling_present,2.866709204159786,5.551624704789963,25.231413638349938,2.046573059847364,8.088938017627399,4500.0,0.20892349354954654,482.91767606903113,1630.688422157094,2581.04089194871,13,,0.46455461194675535,0.49931742183212635,0.7858596641248674,0.7272727272727273,0.6515151515151515,66,True,82.75355182032425,5.551624704789963,2.866709204159786,0.49931742183212635,0.7272727272727273,multiply_pulsed;irregular_f0,8515.232526085696,,1,,,0,2.56467092673331,18.109391008682575,7.080596949014005,6,,0,,0,,0,,0,,0,False
s02_C_creak_D001,s02,C_creak,D001,declarative,The old bridge groaned under the weight of the truck.,The old bridge groaned under the weight of the truck.,False,data/split/s02_C_creak_D001.wav,3.12,s02_C_creak_D001.wav,3.12,326.42907388155004,424.50202195930484,221.18894482178837,49.721117299289624,623.4726521713735,43.78074790008792,40.0,750.0,57.0,0.075,0.01875,0.35,83.01685417041787,0.40604370932150907,0.07142857142857142,0.0,0.0,34.969325153374236,anchor_unreliable;jumpy;period_doubling_unresolved;period_doubling_present,4.143309134753655,6.659933922417285,22.601980153987274,1.817908921560343,7.850220180952527,4500.0,0.2126168023665441,438.24749878593593,1414.0994168026311,2510.3034592771046,13,,0.579011881767188,0.5469703283811789,0.8151344740915455,0.9888888888888889,0.9111111111111111,90,True,49.721117299289624,6.659933922417285,4.143309134753655,0.5469703283811789,0.9888888888888889,multiply_pulsed;irregular_f0,,,0,,,0,17.39514426018345,34.823192302468335,6.153449795899961,10,,0,,0,,0,,0,,0,False
s02_C_creak_D002,s02,C_creak,D002,declarative,She poured the vinegar into a shallow glass dish.,She poured the vinegar into a shallow glass dish.,False,data/split/s02_C_creak_D002.wav,3.58,s02_C_creak_D002.wav,3.58,304.95086622381876,83.114144609678,251.9910303288408,63.54182824992721,646.6005179367631,40.165153890563886,40.0,750.0,35.0,0.15,0.01875,0.8,86.58047273021776,0.4962078076842064,0.08823529411764706,0.0,0.0,19.12568306010929,anchor_unreliable;jumpy;period_doubling_unresolved;period_doubling_present,2.806836746712655,6.706027529246311,22.783565078705283,1.8687195488988964,8.075345574969445,3750.0,0.21844898836870638,486.9524793333228,1367.5914358396044,2245.1918968435148,13,,0.6076061707697256,0.5514223308911141,0.8766617393199502,0.9629629629629629,0.9135802469135802,81,True,63.54182824992721,6.706027529246311,2.806836746712655,0.5514223308911141,0.9629629629629629,multiply_pulsed;irregular_f0,6815.886011125186,,1,3406.912539577372,570.0829618637534,3,15.932145022776279,31.74512805731723,7.067312321167604,8,,0,,0,,0,,0,,0,False
s02_C_creak_D003,s02,C_creak,D003,declarative,Seven zebras wandered across the dusty road.,Seven zebras wandered across the dusty road.,False,data/split/s02_C_creak_D003.wav,3.08,s02_C_creak_D003.wav,3.08,161.46072698352637,79.58033040965323,196.56065037687029,44.62216080742055,568.9190270675664,44.06869259355273,40.0,750.0,54.0,0.15,0.01875,0.35,79.27208313767154,0.840342252734869,0.05660377358490566,1.0,1.0,34.394904458598724,jumpy;period_doubling_unresolved;period_doubling_present,2.448094230844419,4.544944881883611,20.62815995091175,1.6318375415158344,7.731646453289729,4750.0,0.2542066132347967,504.4607755190948,1549.8112974155779,2611.3611629578418,13,,0.4871232730291018,0.4589273063764996,0.7536213118157289,0.8375,0.7625,80,True,44.62216080742055,4.544944881883611,2.448094230844419,0.4589273063764996,0.8375,multiply_pulsed;irregular_f0,7818.774201983197,734.1946204900372,3,,,0,,,,11,,0,,0,,0,,0,,0,False
s02_C_creak_D004,s02,C_creak,D004,declarative,My grandmother kept her thimbles in a wooden box.,My grandmother kept her thimbles in a wooden box.,False,data/split/s02_C_creak_D004.wav,3.1,s02_C_creak_D004.wav,3.1,210.8351275559002,85.72631500694656,223.351923306762,51.37219866412442,579.8454717634112,41.959304988809684,40.0,750.0,24.0,0.15,0.01875,0.35,83.87877021360933,0.742392316357726,0.2608695652173913,2.0,1.0,15.189873417721518,jumpy;heavy_repair;period_doubling_unresolved;period_doubling_present,2.0881782039213923,4.925400283686623,23.558298503675047,2.0408089758205743,7.4556648976412845,4250.0,0.20353579265385044,481.8131087938016,1352.426377027402,2499.442380038966,13,,0.5950540514044955,0.6308027231843738,0.7414375911540382,0.9534883720930233,0.8372093023255814,43,True,51.37219866412442,4.925400283686623,2.0881782039213923,0.6308027231843738,0.9534883720930233,multiply_pulsed;irregular_f0,6721.673648839769,,1,,,0,,,,8,,0,,0,,0,,0,,0,True
s02_C_creak_D005,s02,C_creak,D005,declarative,The judge asked for silence in the crowded room.,The judge asked for silence in the crowded room.,False,data/split/s02_C_creak_D005.wav,2.87,s02_C_creak_D005.wav,2.87,333.1079808083041,417.0612647222867,274.56302084605915,49.28514502056414,667.651610317524,45.11844846005435,40.0,750.0,45.0,0.075,0.01875,0.35,82.28629923076846,0.4,0.09090909090909091,0.0,0.0,30.0,anchor_unreliable;jumpy;period_doubling_unresolved;period_doubling_present,2.8803235056891765,5.818296510465661,23.32361445939906,1.7388947250494482,8.080199264725463,4250.0,0.1866388680686256,516.6878319984744,1453.861284564278,2526.428212563606,13,,0.5135880571111217,0.48132179020905325,0.8082252184221559,0.8734177215189873,0.7341772151898734,79,True,49.28514502056414,5.818296510465661,2.8803235056891765,0.48132179020905325,0.8734177215189873,multiply_pulsed;irregular_f0,7274.911153287011,476.0904192376968,3,,,0,15.631782793511782,37.07194695522859,20.581776695202922,8,,0,,0,,0,,0,,0,False
s02_C_creak_D006,s02,C_creak,D006,declarative,Thick fog settled over the harbor before dawn.,Thick fog settled over the harbor before dawn.,False,data/split/s02_C_creak_D006.wav,2.86,s02_C_creak_D006.wav,2.86,381.10812288437927,447.87743292012453,243.70840687037617,84.75181155720607,641.9545037378869,35.05385932758803,40.0,750.0,60.0,0.15,0.01875,0.8,86.59689924255879,0.5867076314138363,0.15254237288135594,15.0,6.0,41.37931034482759,octave_disagreement;jumpy;heavy_repair;period_doubling_unresolved;period_doubling_present,3.0435150054099998,6.08710289724348,22.15563567547027,1.8423370855674992,8.412473614701215,4750.0,0.1779546828399556,545.4184164125825,1312.4249555980791,2580.9694847579767,13,,0.512501045034508,0.46613587897269926,0.7724878737285562,0.9340659340659341,0.8241758241758241,91,True,84.75181155720607,6.08710289724348,3.0435150054099998,0.46613587897269926,0.9340659340659341,multiply_pulsed;irregular_f0,6823.326541139428,,1,,,0,8.009989931469011,13.805979774546552,11.995198339099142,11,,0,,0,,0,,0,,0,True
s02_C_creak_D007,s02,C_creak,D007,declarative,He measured the flour twice and still got it wrong.,He measured the flour twice and still got it wrong.,False,data/split/s02_C_creak_D007.wav,3.02,s02_C_creak_D007.wav,3.02,498.27725630920537,566.5582683357561,181.55868268579493,256.87308382770567,652.468988859118,16.13824328028893,40.0,750.0,61.0,0.15,0.01875,0.35,80.55100626167753,0.4,0.08333333333333333,2.0,0.0,39.61038961038961,anchor_unreliable;jumpy;period_doubling_unresolved;period_doubling_present,2.9037138431431044,7.468614601487484,21.636671148137165,1.9212037335187206,7.737304918073142,4000.0,0.2603229395542255,510.39520766586384,1273.441612438523,2352.671492040169,13,,0.6223060519332835,0.5570032277395032,0.9253946927897634,0.9509803921568627,0.8725490196078431,102,True,256.87308382770567,7.468614601487484,2.9037138431431044,0.5570032277395032,0.9509803921568627,multiply_pulsed;irregular_f0,6850.441465218972,649.6575688263364,2,2811.096597257002,,1,16.635191195494556,50.179512964305985,16.972130401644222,7,,0,,0,,0,,0,,0,False
s02_C_creak_D008,s02,C_creak,D008,declarative,Purple thistles grew along the railway embankment.,Purple thistles grew along the railway embankment.,False,data/split/s02_C_creak_D008.wav,3.49,s02_C_creak_D008.wav,3.49,250.51236759701558,283.73800348311937,111.65962555872117,88.3708399115047,317.51933056386525,22.14242549422708,40.0,750.0,52.0,0.075,0.01875,0.35,155.87123548711415,0.0,0.17647058823529413,16.0,0.0,28.415300546448087,anchor_unreliable;jumpy;heavy_repair;period_doubling_unresolved;period_doubling_present,3.257068845038673,7.0195654749638114,22.967853810230324,1.7967980583644554,8.259736391120645,6500.0,0.27045255914525285,586.8524851071977,2570.3191521697854,3931.088597444571,13,ceiling_at_search_edge,0.5832738347688876,0.5642356097135137,0.9040513763735635,0.9381443298969072,0.8865979381443299,97,True,88.3708399115047,7.0195654749638114,3.257068845038673,0.5642356097135137,0.9381443298969072,multiply_pulsed;irregular_f0,7175.42717125889,,1,,,0,-5.1455902594923035,-5.969996272213458,5.9286033111796375,8,,0,,0,,0,,0,,0,True
s02_C_creak_D009,s02,C_creak,D009,declarative,The choir rehearsed the same passage eleven times.,The choir rehearsed the same passage eleven times.,False,data/split/s02_C_creak_D009.wav,3.32,s02_C_creak_D009.wav,3.32,374.12799927534564,522.7649511007356,259.48461501635245,52.18882944597838,638.3818085908571,43.351279103946155,40.0,750.0,29.0,0.075,0.01875,0.8,158.76162812999561,0.0,0.07142857142857142,0.0,0.0,16.666666666666668,anchor_unreliable;jumpy;period_doubling_unresolved;period_doubling_present,1.8315409743549464,5.975533493887637,20.79242063094829,1.880512328007124,7.815506437701502,4250.0,0.20057907044676626,562.7877491655179,1381.2553994781592,2522.201455273168,13,,0.5827354638394744,0.5773080918231706,0.7684778742869243,1.0,0.9166666666666666,60,True,52.18882944597838,5.975533493887637,1.8315409743549464,0.5773080918231706,1.0,multiply_pulsed;irregular_f0,7312.421371960565,519.5421693672226,3,,,0,6.4752660385208465,9.309727797535185,14.291942473499507,8,,0,,0,,0,,0,,0,False
s02_C_creak_D010,s02,C_creak,D010,declarative,A single moth circled the porch light all evening.,A single moth circled the porch light all evening.,False,data/split/s02_C_creak_D010.wav,3.5,s02_C_creak_D010.wav,3.5,481.5136012844376,608.94193571081,208.37798152335847,80.31142361926909,675.1299074636986,36.857856137454405,40.0,750.0,28.0,0.15,0.01875,0.8,200.83504078625563,0.0,0.07407407407407407,0.0,0.0,15.64245810055866,anchor_unreliable;jumpy;period_doubling_unresolved;period_doubling_present,2.35472520786828,6.551277291307405,22.40379805344732,1.74230768579416,7.410007339834559,4250.0,0.22442734319411994,511.03916788045274,1339.8251389597385,2586.146775365976,13,,0.5873418069232023,0.5728862041650336,0.7478883502801784,0.9818181818181818,0.9454545454545454,55,True,80.31142361926909,6.551277291307405,2.35472520786828,0.5728862041650336,0.9818181818181818,multiply_pulsed;irregular_f0,8377.701435573617,73.46218899652364,2,,,0,-22.44965154892375,-22.671499147346847,-17.217918784312694,6,,0,,0,,0,,0,,0,False
s02_C_creak_D011,s02,C_creak,D011,declarative,They shipped the equipment in reinforced crates.,They shipped the equipment in reinforced crate.,True,data/split/s02_C_creak_D011.wav,3.46,s02_C_creak_D011.wav,3.46,153.65031886884424,86.37114169012213,135.84046011349602,73.16284969315343,424.0793375881425,30.42181221560461,40.0,750.0,38.0,0.075,0.01875,0.8,85.53022130975124,0.0,0.1891891891891892,10.0,0.0,20.994475138121548,anchor_unreliable;jumpy;heavy_repair;period_doubling_unresolved;period_doubling_present,2.88010319437142,4.974427104273423,21.19393209951224,1.753587152849543,7.502186757077488,3500.0,0.2620392434454293,455.3010139881137,1282.0287278423398,2123.975169305417,13,ceiling_at_search_edge,0.5743566670618788,0.5425551067262574,0.86573377196819,0.9620253164556962,0.8607594936708861,79,True,73.16284969315343,4.974427104273423,2.88010319437142,0.5425551067262574,0.9620253164556962,multiply_pulsed;irregular_f0,6258.764215709512,,1,4357.583650159163,,1,39.14650283506826,75.83172184971058,20.355450095088244,10,,0,,0,,0,,0,,0,True
s02_C_creak_D012,s02,C_creak,D012,declarative,The tide pulled the small boat toward the rocks.,The tide pulled the small boat towards the rocks.,True,data/split/s02_C_creak_D012.wav,2.96,s02_C_creak_D012.wav,2.96,289.3317938587133,290.24088118418535,151.11648841443656,96.21612368888357,492.88392259004,28.282768072257124,40.0,750.0,31.0,0.075,0.01875,0.35,82.59665723997537,0.0,0.13333333333333333,5.0,0.0,20.12987012987013,anchor_unreliable;jumpy;heavy_repair;period_doubling_unresolved;period_doubling_present,1.7403328847701394,5.76814425608217,23.064377602857736,1.7690518530776913,7.9141377291925705,6500.0,0.19970079672485105,785.3050922359613,2601.5574157999745,3946.8717829524317,13,ceiling_at_search_edge,0.6006526642290458,0.5643422667240935,0.8404981406587508,1.0,0.9761904761904762,42,True,96.21612368888357,5.76814425608217,1.7403328847701394,0.5643422667240935,1.0,multiply_pulsed;irregular_f0,6844.499544753626,404.70015947186124,2,,,0,,,,4,,0,,0,,0,,0,,0,True
s02_C_creak_D013,s02,C_creak,D013,declarative,Cinnamon and cloves filled the kitchen with warmth.,Cinnamon and cloves filled the kitchen with warmth.,False,data/split/s02_C_creak_D013.wav,3.13,s02_C_creak_D013.wav,3.13,272.0046126595358,135.10198480075385,228.05453175165619,51.765875702364426,620.5709390690481,43.00227423218664,40.0,750.0,32.0,0.075,0.01875,0.35,77.79609900311603,0.8910470319603206,0.16129032258064516,13.0,4.0,19.631901840490798,octave_disagreement;jumpy;heavy_repair;period_doubling_unresolved;period_doubling_present,2.6355942880438983,5.152059404896767,21.48324362142762,1.8857253519751378,7.639698474404752,4250.0,0.21842883045718728,513.2981627911837,1423.224734594935,2570.7613489117557,13,,0.6401215959854297,0.5955973226261984,0.7276176671719214,1.0,1.0,29,True,51.765875702364426,5.152059404896767,2.6355942880438983,0.5955973226261984,1.0,multiply_pulsed;irregular_f0,7826.359832518563,,1,,,0,,,,6,,0,,0,,0,,0,,0,True
s02_C_creak_D014,s02,C_creak,D014,declarative,Nobody remembered who had locked the back door.,Nobody remembered who had locked the back door.,False,data/split/s02_C_creak_D014.wav,3.4,s02_C_creak_D014.wav,3.4,185.02554512542918,90.93304170314792,192.79012393619257,78.98950683164914,588.0484444179535,34.75442510123,40.0,750.0,49.0,0.075,0.01875,0.8,86.09998685235126,0.6912982587929405,0.10416666666666667,4.0,1.0,27.528089887640448,jumpy;heavy_repair;period_doubling_unresolved;period_doubling_present,3.1427760088919436,4.232515656593175,19.80443375390454,1.6780920359387719,7.62478523672638,4750.0,0.2217246800642224,561.2606301458839,1584.2151266465103,2558.1903071420074,13,,0.5032054418119305,0.4764376091208946,0.7888509851848021,0.8409090909090909,0.7045454545454546,88,True,78.98950683164914,4.232515656593175,3.1427760088919436,0.4764376091208946,0.8409090909090909,multiply_pulsed;irregular_f0,,,0,,,0,-1.7435505369042623,-2.4805155325989183,4.982272783430659,8,,0,,0,,0,,0,,0,True
s02_C_creak_D015,s02,C_creak,D015,declarative,The librarian stamped each card with quiet precision.,The librarian stamped each card with quiet precision.,False,data/split/s02_C_creak_D015.wav,3.3,s02_C_creak_D015.wav,3.3,535.5579194332652,539.7554184466504,129.47550478678886,466.9225096677054,637.1293666840633,5.380838345002147,40.0,750.0,57.0,0.15,0.01875,0.35,82.39321759644355,0.4,0.05357142857142857,0.0,0.0,33.72781065088758,anchor_unreliable;jumpy;period_doubling_unresolved;period_doubling_present,3.0977817345844736,6.735033073066419,19.94518762118395,1.7523514916146379,8.787581842993497,4500.0,0.21690950703198086,520.9535292943348,1481.0720977308602,2540.609674193419,13,,0.523156085126358,0.48870074230887217,0.8065700684682237,0.9056603773584906,0.8113207547169812,106,True,466.9225096677054,6.735033073066419,3.0977817345844736,0.48870074230887217,0.9056603773584906,multiply_pulsed;irregular_f0,8503.599490017343,150.67679151074447,2,3220.4828811385505,,1,14.505503665703666,31.74351877782117,9.040517121169296,9,13.573876491162817,2,,0,,0,13.573876491162817,2,,0,False
s02_C_creak_D016,s02,C_creak,D016,declarative,Wet leaves clogged the gutter above the window.,Wet leaves clogged the gutter above the window.,False,data/split/s02_C_creak_D016.wav,3.1,s02_C_creak_D016.wav,3.1,321.1660760837657,86.20347335580529,266.46413644269785,51.71336172329433,631.565333253372,43.32387582595495,40.0,750.0,53.0,0.15,0.01875,0.35,81.73809045706429,0.6440184183513529,0.1346153846153846,1.0,0.0,33.54430379746835,jumpy;period_doubling_unresolved;period_doubling_present,3.9137274710511227,4.589900859321086,19.91285302904556,1.801901024373823,7.832712672320289,4250.0,0.2232119313201992,477.0419956487365,1399.7995990941909,2506.456646551455,13,,0.4416514055438407,0.3450814951723494,0.7532642138120988,0.6907216494845361,0.4845360824742268,97,True,51.71336172329433,4.589900859321086,3.9137274710511227,0.3450814951723494,0.6907216494845361,multiply_pulsed;irregular_f0,,,0,,,0,-8.971908837923488,-10.881786716508106,-2.8670723370222717,9,,0,,0,,0,,0,,0,False
s02_C_creak_D017,s02,C_creak,D017,declarative,I bought a secondhand bicycle for forty dollars.,I bought a secondhand bicycle for forty dollars.,False,data/split/s02_C_creak_D017.wav,2.57,s02_C_creak_D017.wav,2.57,418.251005065623,556.0993524056191,246.6821962638979,74.70616823910433,646.8062495997301,37.368412163859446,40.0,750.0,36.0,0.075,0.01875,0.35,94.92579622376002,0.4,0.11428571428571428,0.0,0.0,26.865671641791046,anchor_unreliable;jumpy;period_doubling_unresolved;period_doubling_present,1.4632292152855149,6.532184680885421,22.828284390876803,1.928994187271339,7.603288226101604,4750.0,0.21881116139099274,576.8558153492161,1522.7318544758123,2574.6171067759124,13,,0.4693667508335974,0.46259604411129707,0.6324119724016743,0.9333333333333333,0.8333333333333334,60,True,74.70616823910433,6.532184680885421,1.4632292152855149,0.46259604411129707,0.9333333333333333,multiply_pulsed;irregular_f0,8184.658646118136,1106.631778107982,2,,,0,21.01992606291731,61.22477354126805,18.430413396058515,7,,0,,0,,0,,0,,0,False
s02_C_creak_D018,s02,C_creak,D018,declarative,The mountain village looked empty in the photograph.,The mountain village looked empty in the photograph.,False,data/split/s02_C_creak_D018.wav,2.86,s02_C_creak_D018.wav,2.86,247.28980533196352,153.0914154562097,180.67946556458938,92.21506102413156,554.1777161907004,31.047292766502498,40.0,750.0,32.0,0.15,0.01875,0.8,141.54320348288604,0.0,0.16129032258064516,7.0,0.0,22.06896551724138,anchor_unreliable;jumpy;heavy_repair;period_doubling_unresolved;period_doubling_present,2.880957431939352,5.469816836872423,20.589214396284834,1.7567104157706317,8.024538130434353,4500.0,0.17196960673814363,461.96632548268417,1413.546154854073,2548.0498491814096,13,,0.5540539467074657,0.5471446145742433,0.7813628815853877,0.9565217391304348,0.8840579710144928,69,True,92.21506102413156,5.469816836872423,2.880957431939352,0.5471446145742433,0.9565217391304348,multiply_pulsed;irregular_f0,,,0,,,0,-9.134385774961945,-9.533010918224338,-5.275927567235801,8,6.596064814814895,1,,0,,0,6.596064814814895,1,,0,True
s02_C_creak_D019,s02,C_creak,D019,declarative,Three sparrows fought over a crust of bread.,Three sparrows fought over a crust of bread.,False,data/split/s02_C_creak_D019.wav,2.99,s02_C_creak_D019.wav,2.99,302.847730727943,91.12719639714192,264.7632726638693,79.9766626592745,639.2198576978576,35.98393489970023,40.0,750.0,37.0,0.15,0.01875,0.8,89.7346749611525,0.3225861111497989,0.1111111111111111,4.0,0.0,24.342105263157894,anchor_unreliable;jumpy;heavy_repair;period_doubling_unresolved;period_doubling_present,3.0953048833267798,4.601047256778394,22.88354044968229,1.856178887160235,8.258178638901935,4250.0,0.20289207959707234,507.0033749128488,1378.373314290207,2449.7298037046357,13,,0.47477037915564685,0.4307796420497998,0.7706605112879553,0.8852459016393442,0.7049180327868853,61,True,79.9766626592745,4.601047256778394,3.0953048833267798,0.4307796420497998,0.8852459016393442,multiply_pulsed;irregular_f0,6690.460387140323,,1,,,0,-8.77792436905905,-9.487044917657215,11.970009500710923,6,14.691260972150566,1,,0,,0,14.691260972150566,1,,0,True
s02_C_creak_D020,s02,C_creak,D020,declarative,His youngest brother plays trumpet in the marching band.,His youngest brother plays trumpet in the marching band.,False,data/split/s02_C_creak_D020.wav,3.29,s02_C_creak_D020.wav,3.29,465.46324254123937,602.3837194994566,222.80549854151653,81.04025938412725,642.2862674546643,35.83806904850874,40.0,750.0,37.0,0.15,0.01875,0.8,153.6328017011505,0.0,0.1111111111111111,0.0,0.0,22.023809523809526,anchor_unreliable;jumpy;period_doubling_unresolved;period_doubling_present,3.8568174030603677,4.64757975683169,20.575300589556587,1.7680960343429217,8.109071045593812,4500.0,0.16157767210202087,475.28296110521,1727.1912624447905,2565.7602035531163,13,,0.5075540109921092,0.47646646830702394,0.7381692632145979,0.8811881188118812,0.7227722772277227,101,True,81.04025938412725,4.64757975683169,3.8568174030603677,0.47646646830702394,0.8811881188118812,multiply_pulsed;irregular_f0,7317.115837474061,,1,,,0,1.127338617378065,0.714681765651072,-1.5142657266255242,11,,0,,0,,0,,0,,0,False
s02_C_creak_D021,s02,C_creak,D021,declarative,"The recipe called for saffron, which we could not find.","The recipe called for saffron, which we could not find.",False,data/split/s02_C_creak_D021.wav,3.63,s02_C_creak_D021.wav,3.63,563.0597604948796,570.8962502862153,30.556981652243635,520.4393092054496,596.4059310774254,2.3587760490769973,40.0,750.0,18.0,0.15,0.01875,0.8,87.4272912049201,0.3887311480809736,0.0,0.0,0.0,9.67741935483871,anchor_unreliable;low_voicing;period_doubling_unresolved;period_doubling_present,2.172812052983585,6.686086429619147,18.800178512944132,1.7652050905367402,7.926668971196983,5000.0,0.26269648113980243,597.3232044759293,1600.1432743757427,2621.1813321925265,13,,0.6153516493578973,0.5873161238814919,0.7972522240596681,1.0,0.967032967032967,91,True,520.4393092054496,6.686086429619147,2.172812052983585,0.5873161238814919,1.0,multiply_pulsed;irregular_f0,7465.492509616027,1082.0407366610746,2,,,0,-10.527150598713881,-11.5261134800406,-2.888147746311427,11,,0,,0,,0,,0,,0,False
s02_C_creak_D022,s02,C_creak,D022,declarative,Snow buried the fence posts by early January.,Snow buried the fence posts by early January.,False,data/split/s02_C_creak_D022.wav,3.53,s02_C_creak_D022.wav,3.53,447.0211185274077,472.4638866934677,126.64623642097548,288.13757651737876,580.5775516314997,12.128771679477802,40.0,750.0,82.0,0.075,0.01875,0.35,85.0156448559169,0.4,0.06172839506172839,2.0,0.0,44.32432432432432,anchor_unreliable;jumpy;period_doubling_unresolved;period_doubling_present,2.7751404026901345,7.60083121093213,22.478292301909768,1.8682937193649585,8.672799289287962,4250.0,0.2134405702613776,526.2118235581801,1438.6859836409255,2513.4658131229635,13,,0.5719733507934304,0.5403850572792704,0.8453460402387649,0.9304347826086956,0.8956521739130435,115,True,288.13757651737876,7.60083121093213,2.7751404026901345,0.5403850572792704,0.9304347826086956,multiply_pulsed;irregular_f0,6928.201804100216,635.5969696469107,4,,,0,22.335485475831366,44.80632072210793,16.257820350683076,9,,0,,0,,0,,0,,0,False
s02_C_creak_D023,s02,C_creak,D023,declarative,She wrote the whole essay on a borrowed laptop.,She wrote the whole essay on a borrowed laptop.,False,data/split/s02_C_creak_D023.wav,3.1,s02_C_creak_D023.wav,3.1,290.7688542853034,281.5655630974392,220.517099671922,50.8107845406494,600.7623962520288,42.7630544071382,40.0,750.0,82.0,0.075,0.01875,0.8,79.63739086404394,0.699920537248366,0.1111111111111111,10.0,1.0,50.617283950617285,octave_disagreement;jumpy;heavy_repair;period_doubling_unresolved;period_doubling_present,4.850028624638652,6.12209402366005,22.57649053518041,1.8088767874356626,8.31989953294632,4000.0,0.24217749096498645,531.9127262066748,1228.6399526618968,2389.98220954578,13,,0.49578184936096087,0.4385196227647906,0.7344094711518814,0.8611111111111112,0.7777777777777778,72,True,50.8107845406494,6.12209402366005,4.850028624638652,0.4385196227647906,0.8611111111111112,multiply_pulsed;irregular_f0,7408.375103836563,,1,2873.9148956459185,,1,5.680160033489891,11.814432660385117,13.873790512689936,9,,0,,0,,0,,0,,0,True
s02_C_creak_D024,s02,C_creak,D024,declarative,The engine coughed once and then went silent.,The engine coughed once and then went silent.,False,data/split/s02_C_creak_D024.wav,3.26,s02_C_creak_D024.wav,3.26,357.49507915685865,550.8823459720307,272.41993490218357,51.57183421069193,644.6274183969597,43.72572348279047,40.0,750.0,30.0,0.075,0.01875,0.8,133.66977329708945,0.0,0.06896551724137931,1.0,0.0,17.647058823529413,anchor_unreliable;jumpy;period_doubling_unresolved;period_doubling_present,3.0931728326075763,5.658382027035625,23.81772909142838,1.905032377461092,7.532679456534682,4250.0,0.21924004942405587,578.4491155184987,1419.397477829852,2549.6905053203905,13,,0.5008548488273596,0.4595985267301885,0.7438189494989464,0.8791208791208791,0.7692307692307693,91,True,51.57183421069193,5.658382027035625,3.0931728326075763,0.4595985267301885,0.8791208791208791,multiply_pulsed;irregular_f0,8209.910507624216,626.9711534383418,2,,,0,2.008705372116032,4.234983920732436,7.718879701535694,10,,0,,0,,0,,0,,0,False
s02_C_creak_D025,s02,C_creak,D025,declarative,Amber light spilled across the polished floorboards.,Amber light spilled across the polished floorboards.,False,data/split/s02_C_creak_D025.wav,3.34,s02_C_creak_D025.wav,3.34,494.32420719943883,560.8142375162721,188.96905292032457,81.13954744324813,641.5039934059114,35.795773022235345,40.0,750.0,48.0,0.075,0.01875,0.35,81.57706225140998,0.4,0.0851063829787234,0.0,0.0,27.428571428571427,anchor_unreliable;jumpy;period_doubling_unresolved;period_doubling_present,1.8751531099633312,7.4082329928409445,21.96145005227574,1.8249559589082183,7.764034750374513,4750.0,0.2346112862788522,489.0823474076835,1305.7424925276605,2581.706895764308,13,,0.5213067125866606,0.4962967813620278,0.7394746545211941,0.8625,0.775,80,True,81.13954744324813,7.4082329928409445,1.8751531099633312,0.4962967813620278,0.8625,multiply_pulsed;irregular_f0,7778.66897264838,533.2630318118871,2,3465.2864790631497,,1,28.506312045298316,54.97244177242189,21.701507830971007,11,,0,,0,,0,,0,,0,False
s02_C_creak_D026,s02,C_creak,D026,declarative,We watched the storm move east across the valley.,We watched the storm move east across the valley.,False,data/split/s02_C_creak_D026.wav,2.68,s02_C_creak_D026.wav,2.68,365.09693073845045,475.7683922695609,248.10604624446236,47.709963482687385,648.7696929607149,45.18412726756858,40.0,750.0,44.0,0.075,0.01875,0.35,133.73555721907223,0.0,0.06976744186046512,0.0,0.0,31.654676258992804,anchor_unreliable;jumpy;period_doubling_unresolved;period_doubling_present,2.1169942348081188,7.214658770342244,22.279830025444696,1.9640608240434634,8.135737431381862,4000.0,0.217464613610974,492.4114315129949,1344.3516310562734,2460.767498378229,13,,0.5811169362368434,0.6014947776673982,0.7783016924270938,0.9397590361445783,0.891566265060241,83,True,47.709963482687385,7.214658770342244,2.1169942348081188,0.6014947776673982,0.9397590361445783,multiply_pulsed;irregular_f0,7274.023922557367,889.5747785767736,3,,,0,10.175070818417062,30.38499990211539,9.573579668119937,10,47.18364257640406,1,,0,,0,47.18364257640406,1,,0,False
s02_C_creak_D027,s02,C_creak,D027,declarative,The tailor pinned the hem with practiced fingers.,Int the tailor pinned the hem with practiced fingers.,True,data/split/s02_C_creak_D027.wav,3.77,s02_C_creak_D027.wav,3.77,264.22639340414383,238.36107226512848,207.16411758451085,82.23154974492172,630.8591947623343,35.27464936747129,40.0,750.0,72.0,0.075,0.01875,0.8,93.1761644057114,0.0,0.11267605633802817,6.0,0.0,36.36363636363637,anchor_unreliable;jumpy;heavy_repair;period_doubling_unresolved;period_doubling_present,3.483811667844076,5.771612365714416,19.491877046853208,1.7036283254106135,7.895600014099756,4500.0,0.22574311234418812,469.87638329980814,1574.3713345619753,2576.5296031721396,13,,0.4841135316975764,0.465534024367363,0.7322856398857922,0.8571428571428571,0.6875,112,True,82.23154974492172,5.771612365714416,3.483811667844076,0.465534024367363,0.8571428571428571,multiply_pulsed;irregular_f0,6641.768358364713,,1,,,0,11.199515471799563,26.74312990328365,4.3388365195389795,10,,0,,0,,0,,0,,0,True
s02_C_creak_D028,s02,C_creak,D028,declarative,Salt crusted the windows of the beach house.,Salt crusted the windows of the beach house.,False,data/split/s02_C_creak_D028.wav,3.0,s02_C_creak_D028.wav,3.0,315.40193216221763,280.10200616474907,217.3535431648953,64.68240268158472,641.1139638648079,39.70962788207753,40.0,750.0,55.0,0.075,0.01875,0.35,82.99959221375319,0.5875800591635381,0.12962962962962962,16.0,6.0,35.031847133757964,octave_disagreement;jumpy;heavy_repair;period_doubling_unresolved;period_doubling_present,2.76602652025458,5.66175380117386,21.911701712973837,1.7782659677639283,7.503937119332052,4250.0,0.2154546734904724,502.59661243780147,1348.2765826438242,2581.034848567847,13,,0.4229993996117049,0.4366635681866966,0.6033088563330666,0.7636363636363637,0.6545454545454545,55,True,64.68240268158472,5.66175380117386,2.76602652025458,0.4366635681866966,0.7636363636363637,multiply_pulsed;irregular_f0,7607.669835221281,630.1514611477045,2,,,0,1.4487278782994277,4.889297262973367,4.131589540614435,6,,0,,0,,0,,0,,0,True
s02_C_creak_D029,s02,C_creak,D029,declarative,Their apartment smelled faintly of turpentine.,Their apartment smelled faintly of turpentine.,False,data/split/s02_C_creak_D029.wav,2.98,s02_C_creak_D029.wav,2.98,327.51692514225687,289.8109582571564,236.04304505940243,56.316860859321565,610.9912162839531,41.274153782952524,40.0,750.0,51.0,0.075,0.01875,0.35,90.65077014420305,0.5399818303903834,0.06,8.0,3.0,32.903225806451616,octave_disagreement;jumpy;heavy_repair;period_doubling_unresolved;period_doubling_present,3.7944453418295994,5.171150721128225,19.76686839666226,1.8047235751016377,8.319471163024165,5250.0,0.23547073768239601,546.7302164186664,1655.4395218139894,2611.7336964958727,13,,0.4111310242996901,0.38458094201076354,0.653378413133948,0.7027027027027027,0.5405405405405406,74,True,56.316860859321565,5.171150721128225,3.7944453418295994,0.38458094201076354,0.7027027027027027,multiply_pulsed;irregular_f0,7193.558098427365,,1,,,0,2.8685214473126353,14.736028210507754,11.54603227435775,6,,0,,0,,0,,0,,0,True
s02_C_creak_D030,s02,C_creak,D030,declarative,A heron stood motionless at the edge of the pond.,A heron stood motionless at the edge of the pond.,False,data/split/s02_C_creak_D030.wav,3.3,s02_C_creak_D030.wav,3.3,362.87397447076546,531.6319674940928,279.2867016398969,50.62692664250478,644.2298684199492,44.03518485751937,40.0,750.0,73.0,0.15,0.01875,0.35,91.90999056444689,0.0,0.125,0.0,0.0,43.19526627218935,anchor_unreliable;jumpy;period_doubling_unresolved;period_doubling_present,3.620020634437373,5.822761095857455,22.160374298342997,1.7949910547837482,7.725492281253589,5250.0,0.21459442465270304,529.4099888745491,1772.0527281243703,2647.6976280388126,13,,0.4312887124379507,0.3799737485255277,0.6530809743196069,0.8488372093023255,0.627906976744186,86,True,50.62692664250478,5.822761095857455,3.620020634437373,0.3799737485255277,0.8488372093023255,multiply_pulsed;irregular_f0,8118.587795824886,269.46119802086287,2,3202.5809647057404,,1,23.502985547006034,48.62584744968513,15.23496377723514,7,,0,,0,,0,,0,,0,False
s02_C_creak_D031,s02,C_creak,D031,declarative,The clock in the hallway runs about four minutes fast.,The clock in the hallway runs about four minutes fast.,False,data/split/s02_C_creak_D031.wav,3.58,s02_C_creak_D031.wav,3.58,528.3720487869479,570.2414047105235,149.5515050847231,267.72100905004777,659.2395590703088,15.600869521253024,40.0,750.0,56.0,0.15,0.01875,0.8,81.04822912713793,0.4,0.05454545454545454,2.0,0.0,30.601092896174862,anchor_unreliable;jumpy;period_doubling_unresolved;period_doubling_present,3.287600549243474,7.567008948042202,25.700121844180195,1.9711792713201555,7.7709229287851125,6500.0,0.1982095161475772,666.1426824240439,2538.7087408676825,3908.164268668983,13,ceiling_at_search_edge,0.5495269543586278,0.5109373239156757,0.7947108315877607,0.9207920792079208,0.8217821782178217,101,True,267.72100905004777,7.567008948042202,3.287600549243474,0.5109373239156757,0.9207920792079208,multiply_pulsed;irregular_f0,7747.564020019157,,1,,,0,19.859973317060724,33.03233983946301,24.959935602900355,8,,0,,0,,0,,0,,0,False
s02_C_creak_D032,s02,C_creak,D032,declarative,He folded the newspaper and set it on the table.,He folded the newspaper and set it on the table.,False,data/split/s02_C_creak_D032.wav,3.2,s02_C_creak_D032.wav,3.2,79.26725811763313,75.93205756193233,30.90138148544758,46.44695378867469,136.4479121739216,18.65633320405699,40.0,750.0,57.0,0.075,0.01875,0.8,80.93477247587956,0.7511686036556185,0.14285714285714285,13.0,5.0,34.131736526946106,jumpy;heavy_repair;period_doubling_unresolved;period_doubling_present,3.1188425766736754,4.49487663254117,25.06547212697905,1.7186566522020497,8.019831825416981,4250.0,0.22900010100566273,432.5758826200721,1469.5800154159574,2488.992390694091,13,,0.507191159411545,0.4738872035323066,0.7724377273973507,0.890625,0.828125,64,True,46.44695378867469,4.49487663254117,3.1188425766736754,0.4738872035323066,0.890625,multiply_pulsed;irregular_f0,6564.977214831202,459.54076570272184,2,,,0,-5.594976813034339,-6.133886016323483,-1.2573335133782741,12,,0,,0,,0,,0,,0,True
s02_C_creak_D033,s02,C_creak,D033,declarative,Bright green algae covered the surface of the water.,Bright green algae covered the surface of the water.,False,data/split/s02_C_creak_D033.wav,3.64,s02_C_creak_D033.wav,3.64,211.40530995313432,79.63113068285855,236.75926186891945,53.578285598462266,648.1952726414746,43.16049810459188,40.0,750.0,30.0,0.15,0.01875,0.8,77.06195257969654,0.6452876726187258,0.13793103448275862,5.0,0.0,16.0427807486631,jumpy;heavy_repair;period_doubling_unresolved;period_doubling_present,2.392177855311639,5.663198190892735,21.02858290270326,1.8818804929365174,7.11707011450003,4250.0,0.20975070524421813,517.6154457350312,1564.6227253494299,2562.1005616035463,13,,0.5176655753711874,0.526365105356421,0.7849641257655581,0.8115942028985508,0.7536231884057971,69,True,53.578285598462266,5.663198190892735,2.392177855311639,0.526365105356421,0.8115942028985508,multiply_pulsed;irregular_f0,7045.723224165889,383.57751461401756,2,,,0,-3.150206832863354,-4.114904983869199,3.1440317032719918,8,118.76464474990911,1,118.76464474990911,1,,0,,0,,0,True
s02_C_creak_D034,s02,C_creak,D034,declarative,The children traded stickers during the long bus ride.,The children traded stickers during the long bus ride.,False,data/split/s02_C_creak_D034.wav,3.63,s02_C_creak_D034.wav,3.63,235.41561054660534,93.80972890859454,238.60251564488553,57.00487529679832,617.9689097291825,41.26052450826862,40.0,750.0,67.0,0.075,0.01875,0.35,83.8604036150935,0.7644728749415742,0.10606060606060606,7.0,2.0,35.26315789473684,octave_uncertain;jumpy;heavy_repair;period_doubling_unresolved;period_doubling_present,3.263645439110198,4.076384065574085,20.672640975016108,1.646752870930698,7.7795857967895525,4500.0,0.2641231673649856,413.05236806574806,1370.1501783969775,2531.994665399686,13,,0.5600437408944134,0.5460137868422121,0.7941578852934728,0.9306930693069307,0.8514851485148515,101,True,57.00487529679832,4.076384065574085,3.263645439110198,0.5460137868422121,0.9306930693069307,multiply_pulsed;irregular_f0,6910.341061471624,761.6094421722403,2,,,0,-2.0685235420530335,-0.5147659121886932,12.032154586100082,10,,0,,0,,0,,0,,0,True
s02_C_creak_D035,s02,C_creak,D035,declarative,Rain hammered the tin roof for most of the night.,Rain hammered the tin roof for most of the night.,False,data/split/s02_C_creak_D035.wav,3.32,s02_C_creak_D035.wav,3.32,244.8521082644106,82.43953952318364,215.62958849824852,49.84485604825017,518.0511418218629,40.53093593885033,40.0,750.0,44.0,0.075,0.01875,0.35,87.92459627992253,0.3732328537827545,0.11627906976744186,0.0,0.0,25.28735632183908,anchor_unreliable;jumpy;period_doubling_unresolved;period_doubling_present,1.9132202167911019,5.635717782316826,27.11484594151302,2.083518462665364,7.4592634197891305,3750.0,0.22899596199867134,492.0432873152288,1388.1677464562913,2270.7213195035843,13,,0.46543766416555604,0.476966209612241,0.6091266497077119,0.9016393442622951,0.819672131147541,61,True,49.84485604825017,5.635717782316826,1.9132202167911019,0.476966209612241,0.9016393442622951,multiply_pulsed;irregular_f0,7839.426310200916,,1,,,0,19.80981064607934,41.91752419776146,7.742029512738917,5,,0,,0,,0,,0,,0,False
s02_C_creak_F001,s02,C_creak,F001,final_fall,"I don't really know what she was thinking, honestly.","I don't really know what she was thinking, honestly.",False,data/split/s02_C_creak_F001.wav,3.34,s02_C_creak_F001.wav,3.34,428.8216072446455,421.7883716539636,170.23507178453005,273.74750003569505,658.21835140815,15.188645525171648,40.0,750.0,63.0,0.15,0.01875,0.8,173.73809465483916,0.0,0.16129032258064516,0.0,0.0,36.8421052631579,anchor_unreliable;jumpy;period_doubling_unresolved;period_doubling_present,3.288530034388457,7.051619012402304,21.81616589999416,1.804538017967613,8.575301706876816,4500.0,0.21763847344889234,449.13054780247876,1634.51648310102,2570.4473773718764,13,,0.6014375067210729,0.5719494590097142,0.8236791960612516,0.9896907216494846,0.9484536082474226,97,True,273.74750003569505,7.051619012402304,3.288530034388457,0.5719494590097142,0.9896907216494846,multiply_pulsed;irregular_f0,8586.407545174612,,1,3159.3644941274674,,1,28.384817952878098,62.350534336774594,16.532091894231243,11,,0,,0,,0,,0,,0,False
s02_C_creak_F002,s02,C_creak,F002,final_fall,"We ended up walking the whole way home, anyway.","We ended up walking the whole way home, anyway.",False,data/split/s02_C_creak_F002.wav,3.14,s02_C_creak_F002.wav,3.14,274.31029179546977,92.5711181124091,226.77204357701527,52.320662702172285,623.1628862519498,42.88987912569191,40.0,750.0,69.0,0.15,0.01875,0.35,92.3315326022603,0.6858109293412293,0.08823529411764706,1.0,1.0,43.125,jumpy;period_doubling_unresolved;period_doubling_present,3.9851342788717075,5.446820555237246,22.541505860551172,1.788222688751585,8.550137433578335,5000.0,0.2405276011818235,484.9729786673674,1480.9541875411355,2638.0433333908004,13,,0.4625393997963903,0.4411406260722648,0.6906040995239884,0.9108910891089109,0.6831683168316832,101,True,52.320662702172285,5.446820555237246,3.9851342788717075,0.4411406260722648,0.9108910891089109,multiply_pulsed;irregular_f0,,,0,,,0,18.01192494246733,46.81426724757673,19.35545231329364,9,,0,,0,,0,,0,,0,False
s02_C_creak_F003,s02,C_creak,F003,final_fall,It was one of those afternoons where nothing happened at all.,It was one of those afternoons where nothing happened at all.,False,data/split/s02_C_creak_F003.wav,3.76,s02_C_creak_F003.wav,3.76,342.58129142448695,315.01470440840336,226.68651971061772,55.56780039318454,637.3888812894883,42.23823376960935,40.0,750.0,72.0,0.075,0.01875,0.8,80.60635007428482,0.4,0.11267605633802817,8.0,0.0,36.54822335025381,anchor_unreliable;jumpy;heavy_repair;period_doubling_unresolved;period_doubling_present,3.5105570023202315,5.884686219586853,22.039203310467922,1.8869158260330898,7.597988893424138,5000.0,0.2352322346421827,518.0603369985708,1570.953395185441,2583.7040922066835,13,,0.44747284886287897,0.3830748731041539,0.724802523536199,0.6805555555555556,0.5694444444444444,72,True,55.56780039318454,5.884686219586853,3.5105570023202315,0.3830748731041539,0.6805555555555556,multiply_pulsed;irregular_f0,,,0,,,0,,,,9,,0,,0,,0,,0,,0,True
s02_C_creak_F004,s02,C_creak,F004,final_fall,"He said he'd call back, but he never really did.","He said that he'd call back, but he never really did.",True,data/split/s02_C_creak_F004.wav,3.59,s02_C_creak_F004.wav,3.59,288.7626043555418,276.8019550717628,198.95509280912498,49.26528323925397,562.5610652041063,42.16039740692632,40.0,750.0,78.0,0.075,0.01875,0.35,91.7391794841351,0.0,0.15584415584415584,13.0,0.0,41.48936170212766,anchor_unreliable;jumpy;heavy_repair;period_doubling_unresolved;period_doubling_present,4.102657994205216,5.317059397603115,20.53414387945012,1.7348992764321125,8.603642039114359,4750.0,0.2253663699798433,472.63847158997,1630.100664319447,2581.658470987797,13,,0.5475874380816501,0.5389114522511254,0.8351993505516996,0.8762886597938144,0.7938144329896907,97,True,49.26528323925397,5.317059397603115,4.102657994205216,0.5389114522511254,0.8762886597938144,multiply_pulsed;irregular_f0,8571.816204597511,,1,,,0,-5.288290329847005,-5.418961263082039,-4.918317542793151,12,,0,,0,,0,,0,,0,True
s02_C_creak_F005,s02,C_creak,F005,final_fall,"The whole thing fell apart before anyone noticed, apparently.","The whole thing fell apart before anyone noticed, apparently.",False,data/split/s02_C_creak_F005.wav,3.21,s02_C_creak_F005.wav,3.21,345.6229800995136,144.3037026281223,244.21032014961943,87.69993252213753,619.5044620508419,33.845604429947656,40.0,750.0,25.0,0.15,0.01875,0.8,196.18406079293388,0.0,0.08333333333333333,0.0,0.0,15.24390243902439,anchor_unreliable;jumpy;period_doubling_unresolved;period_doubling_present,1.9518404076518012,6.330485898491077,21.109233736123482,1.748366669374101,7.91610694719637,4750.0,0.20603845989205893,474.3078443707596,1406.245878101563,2564.0231646623297,13,,0.5315608477466294,0.47973323891687714,0.8068674708131686,0.9722222222222222,0.9027777777777778,72,True,87.69993252213753,6.330485898491077,1.9518404076518012,0.47973323891687714,0.9722222222222222,multiply_pulsed;irregular_f0,6956.297303032828,,1,,,0,21.21432213618248,39.20889645332026,24.811526841467273,11,,0,,0,,0,,0,,0,False
s02_C_creak_F006,s02,C_creak,F006,final_fall,I guess that's just how it goes sometimes.,I guess that's just how it goes sometimes.,False,data/split/s02_C_creak_F006.wav,2.48,s02_C_creak_F006.wav,2.48,388.84398465117005,517.0223141604927,270.22299466806345,69.28487899660021,659.8980215192678,39.019567918977465,40.0,750.0,42.0,0.075,0.01875,0.35,88.35413010345174,0.42682677332114827,0.0975609756097561,0.0,0.0,32.55813953488372,anchor_unreliable;jumpy;period_doubling_unresolved;period_doubling_present,2.4743305326651077,5.573971114069601,23.414907278365156,1.9439143004597588,7.2771483343427965,4750.0,0.19995128619345173,552.1439835434005,1611.2618891993939,2583.704406050952,13,,0.4190074419487631,0.37509220446636693,0.6500245384451971,0.9180327868852459,0.6229508196721312,61,True,69.28487899660021,5.573971114069601,2.4743305326651077,0.37509220446636693,0.9180327868852459,multiply_pulsed;irregular_f0,7506.448823863232,998.9670189693879,4,,,0,16.095558702600968,32.99420546036891,8.81765731221187,7,20.557517181924112,1,,0,,0,,0,20.557517181924112,1,False
s02_C_creak_F007,s02,C_creak,F007,final_fall,She left the party early and nobody said anything.,She left the party early and nobody said anything.,False,data/split/s02_C_creak_F007.wav,4.44,s02_C_creak_F007.wav,4.44,438.5105693056786,464.432510206989,167.08113344010223,87.66007155244434,622.6304363821603,33.94061209203534,40.0,750.0,25.0,0.075,0.01875,0.8,198.91880544910427,0.0,0.125,2.0,0.0,10.729613733905579,anchor_unreliable;jumpy;low_voicing;period_doubling_unresolved;period_doubling_present,2.4378267948284615,7.617557731558485,22.442388506884487,1.8038097836850822,7.518827167995252,6000.0,0.23642090971646804,598.458321921638,2358.7427084625842,3311.9769254536513,13,,0.5991421720617843,0.5504860764571831,0.8674506606555096,0.975609756097561,0.926829268292683,82,True,87.66007155244434,7.617557731558485,2.4378267948284615,0.5504860764571831,0.975609756097561,multiply_pulsed;irregular_f0,7784.192769512599,,1,3316.505657084638,,1,,,,9,,0,,0,,0,,0,,0,False
s02_C_creak_F008,s02,C_creak,F008,final_fall,"It's not that I mind, it's just kind of strange.","It's not that I mind, it's just kind of strange.",False,data/split/s02_C_creak_F008.wav,3.63,s02_C_creak_F008.wav,3.63,254.2812378120972,51.59082976545176,281.2734143652442,45.42937900329107,645.7046120430983,45.95012210474374,40.0,750.0,41.0,0.15,0.01875,0.35,78.77961437090423,0.7517770494728647,0.175,2.0,1.0,22.043010752688172,octave_disagreement;jumpy;period_doubling_unresolved;period_doubling_present,2.3012450548725636,5.807174698017535,28.114435889184914,1.9878669497556298,8.16999456437264,4500.0,0.2468813846571963,592.543472571457,1545.7968938027389,2576.9209965319324,13,,0.5750130077509924,0.515180875861992,0.8622141745826961,0.9831932773109243,0.9495798319327731,119,True,45.42937900329107,5.807174698017535,2.3012450548725636,0.515180875861992,0.9831932773109243,multiply_pulsed;irregular_f0,7642.977257998876,790.7429619978707,4,,,0,-1.12164511566786,4.334683245915328,-7.249123207130374,10,4.678625399480829,2,,0,,0,4.678625399480829,2,,0,True
s02_C_creak_F009,s02,C_creak,F009,final_fall,They moved out to Oregon a couple of years ago.,They moved out to Oregon a couple years ago.,True,data/split/s02_C_creak_F009.wav,2.92,s02_C_creak_F009.wav,2.92,273.5436852915548,226.62294358439314,213.44472704640236,51.566213815971196,555.0699718652314,41.138059463038786,40.0,750.0,42.0,0.15,0.01875,0.35,183.74785403794502,0.0,0.17073170731707318,3.0,0.0,28.37837837837838,anchor_unreliable;jumpy;period_doubling_unresolved;period_doubling_present,2.637192646260177,5.281182595888365,21.45998843999819,1.8396448752772683,7.466609726052566,4250.0,0.22225428764498345,437.8943883857989,1369.7076714407897,2487.347046533013,13,,0.49877321567388866,0.4898594582815062,0.7541796448105477,0.8271604938271605,0.7160493827160493,81,True,51.566213815971196,5.281182595888365,2.637192646260177,0.4898594582815062,0.8271604938271605,multiply_pulsed;irregular_f0,,,0,,,0,4.325910674481605,12.196936222382288,7.04016730857639,10,,0,,0,,0,,0,,0,False
s02_C_creak_F010,s02,C_creak,F010,final_fall,"Nothing about that story adds up, if you think about it.","Nothing about that story adds up, if you think about it.",False,data/split/s02_C_creak_F010.wav,3.58,s02_C_creak_F010.wav,3.58,428.13309089324406,510.0462418783883,240.3241936089807,51.67541352757418,645.692942018452,43.719579881152725,40.0,750.0,88.0,0.075,0.01875,0.35,81.39959915446288,0.4,0.14942528735632185,5.0,0.0,47.05882352941177,anchor_unreliable;jumpy;period_doubling_unresolved;period_doubling_present,3.7996914061285607,6.684520687062112,22.516292172304453,1.9568892803593227,7.95496319620074,4250.0,0.26275335410998824,475.6034606002171,1394.9707735824645,2529.6378961344453,13,,0.5613431130601507,0.528158971128083,0.8970502089012735,0.9655172413793104,0.8735632183908046,87,True,51.67541352757418,6.684520687062112,3.7996914061285607,0.528158971128083,0.9655172413793104,multiply_pulsed;irregular_f0,6741.035856746636,,1,,,0,-2.502313982025356,-2.6825066228846453,-2.751181034911582,9,9.754385996864734,1,,0,,0,9.754385996864734,1,,0,False
s02_C_creak_F011,s02,C_creak,F011,final_fall,I'd been meaning to write back for a while now.,I've been meaning to write back for a while now.,True,data/split/s02_C_creak_F011.wav,2.35,s02_C_creak_F011.wav,2.35,270.41283000034747,87.54852377046637,239.72828455877357,49.421587092584005,614.7794698374994,43.64226890011179,40.0,750.0,75.0,0.075,0.01875,0.8,81.70460622277498,0.8125849950904092,0.0945945945945946,8.0,4.0,61.47540983606557,jumpy;heavy_repair;period_doubling_unresolved;period_doubling_present,3.493982402173781,4.271331670636932,19.19113829902588,1.8316103228906009,9.198247815442675,5000.0,0.1834595618422624,496.6377357049204,1354.9035020426795,2552.050196276865,13,,0.5172407369398083,0.4960664376555643,0.7293004384360411,0.9090909090909091,0.8512396694214877,121,True,49.421587092584005,4.271331670636932,3.493982402173781,0.4960664376555643,0.9090909090909091,multiply_pulsed;irregular_f0,,,0,,,0,-1.5324000472939585,2.869098540656292,-3.2857921297980126,10,,0,,0,,0,,0,,0,True
s02_C_creak_F012,s02,C_creak,F012,final_fall,We sat there in the car for maybe twenty minutes.,We sat in the car for maybe 20 minutes.,True,data/split/s02_C_creak_F012.wav,2.75,s02_C_creak_F012.wav,2.75,410.5986213361174,310.1295388417442,189.45928440108415,190.0966265474825,636.7098737814335,20.926838481975075,40.0,750.0,37.0,0.15,0.01875,0.8,259.8602167520051,0.0,0.1111111111111111,0.0,0.0,26.618705035971225,anchor_unreliable;jumpy;period_doubling_unresolved;period_doubling_present,2.2386238724877328,6.710644400260471,22.96577825007777,1.8423591991238149,8.184812004769789,5500.0,0.24402923165419566,506.90242261189474,1824.820823142044,2635.7960996379898,13,,0.5300285287380777,0.5056701321247317,0.7779623085316582,0.9605263157894737,0.8947368421052632,76,True,190.0966265474825,6.710644400260471,2.2386238724877328,0.5056701321247317,0.9605263157894737,multiply_pulsed;irregular_f0,7518.784698379883,1126.3450957691282,2,,,0,-1.1892786791260903,-13.805403185250398,10.444607517188352,9,,0,,0,,0,,0,,0,False
s02_C_creak_F013,s02,C_creak,F013,final_fall,He's been doing that same job for eleven years.,He's been doing that same job for eleven years.,False,data/split/s02_C_creak_F013.wav,3.3,s02_C_creak_F013.wav,3.3,446.39662825705545,432.89056859940877,123.60497328718651,284.90493654324507,623.0030164882367,13.545102349795375,40.0,750.0,74.0,0.15,0.01875,0.8,82.06417867299467,0.4,0.0547945205479452,0.0,0.0,43.78698224852071,anchor_unreliable;jumpy;period_doubling_unresolved;period_doubling_present,3.1594356666196055,7.377726133182399,20.81629098567907,1.787909580406318,9.006662368189296,4500.0,0.23235185700120364,463.3049699924036,1640.4774865043921,2557.8943194109825,13,,0.5803925934854655,0.5526797267425062,0.8424931119734609,0.9381443298969072,0.8865979381443299,97,True,284.90493654324507,7.377726133182399,3.1594356666196055,0.5526797267425062,0.9381443298969072,multiply_pulsed;irregular_f0,7843.76484221278,,1,,,0,-1.0103245516000978,-1.3801592013880075,-3.3169612262969643,8,,0,,0,,0,,0,,0,False
s02_C_creak_F014,s02,C_creak,F014,final_fall,It rained the entire week we were on the island.,It rained the entire week we were on the island.,False,data/split/s02_C_creak_F014.wav,2.67,s02_C_creak_F014.wav,2.67,269.4215741206128,295.4348925716607,206.6965429292174,51.927511792496745,530.900704249893,40.24645263076256,40.0,750.0,84.0,0.075,0.01875,0.35,83.1293515349202,0.6607145371857441,0.13253012048192772,24.0,8.0,60.431654676258994,octave_disagreement;jumpy;heavy_repair;period_doubling_unresolved;period_doubling_present,5.178840363227583,5.704123669968741,22.342130575001338,1.8754655795042217,9.562975027471932,4750.0,0.21700191850349437,458.70257551072075,1503.519659264584,2548.406338094922,13,,0.5525860462380892,0.5466879254999006,0.7776423068006958,0.8785714285714286,0.8428571428571429,140,True,51.927511792496745,5.704123669968741,5.178840363227583,0.5466879254999006,0.8785714285714286,multiply_pulsed;irregular_f0,,,0,,,0,4.8799175575756255,13.497945095102523,3.3444976180274786,11,,0,,0,,0,,0,,0,True
s02_C_creak_F015,s02,C_creak,F015,final_fall,"I never learned how to swim, which is embarrassing.","I never learned how to swim, which is embarrassing.",False,data/split/s02_C_creak_F015.wav,3.46,s02_C_creak_F015.wav,3.46,305.2648091991731,256.42616212040724,229.9302552665662,53.28472182620817,630.2357745242862,42.769173741448675,40.0,750.0,60.0,0.075,0.01875,0.35,89.44254893926086,0.0,0.15254237288135594,7.0,0.0,33.149171270718234,anchor_unreliable;jumpy;heavy_repair;period_doubling_unresolved;period_doubling_present,2.526407288670995,6.088214606204277,25.68464349766806,1.942210046173658,7.815908041396279,4500.0,0.20356642045306875,487.31032660737185,1527.2108770205275,2590.3355660404604,13,,0.5601355977222763,0.5253299607255503,0.7772660927663856,0.9636363636363636,0.9,110,True,53.28472182620817,6.088214606204277,2.526407288670995,0.5253299607255503,0.9636363636363636,multiply_pulsed;irregular_f0,6705.787813366813,356.84227623397373,2,,,0,15.606046328493989,31.83592530889035,3.8567001625356525,11,,0,,0,,0,,0,,0,True
s02_C_creak_F016,s02,C_creak,F016,final_fall,That's pretty much all anyone talked about afterward.,That's pretty much all anyone talked about afterward.,False,data/split/s02_C_creak_F016.wav,3.36,s02_C_creak_F016.wav,3.36,394.7339554230984,539.1374148114672,244.16119685473495,77.8111365651583,637.5922092077972,36.41502531656281,40.0,750.0,65.0,0.075,0.01875,0.8,81.38658709800819,0.4,0.09375,5.0,0.0,36.93181818181818,anchor_unreliable;jumpy;period_doubling_unresolved;period_doubling_present,2.871194265969539,5.924033605732816,20.941878453175498,1.9291117364433523,7.78768490837011,4500.0,0.21463400467107727,585.4823625302233,1371.6718150578292,2556.028626017476,13,,0.4787884646013461,0.4666869628139362,0.7188304894013378,0.8333333333333334,0.7307692307692307,78,True,77.8111365651583,5.924033605732816,2.871194265969539,0.4666869628139362,0.8333333333333334,multiply_pulsed;irregular_f0,7680.358821060547,,1,,,0,7.0765151371058295,6.903599283105152,13.27736828677407,8,,0,,0,,0,,0,,0,False
s02_C_creak_F017,s02,C_creak,F017,final_fall,She kept apologizing even though it wasn't her fault.,She kept apologizing even though it wasn't her fault.,False,data/split/s02_C_creak_F017.wav,3.38,s02_C_creak_F017.wav,3.38,353.4761147237363,491.6806834129416,249.28287015386962,60.37442774665552,631.058841530326,40.629180208269894,40.0,750.0,77.0,0.075,0.01875,0.35,86.12166858558824,0.4518479559255554,0.14473684210526316,3.0,0.0,43.50282485875706,anchor_unreliable;jumpy;period_doubling_unresolved;period_doubling_present,3.7321153317577687,5.847008522498349,22.80096072142881,1.8278147472988753,8.574930044193984,4500.0,0.23094926782068878,514.0019475179167,1588.613575841201,2607.311483538029,13,,0.488447354162416,0.4872189378010765,0.6231881412833494,0.9090909090909091,0.8863636363636364,44,True,60.37442774665552,5.847008522498349,3.7321153317577687,0.4872189378010765,0.9090909090909091,multiply_pulsed;irregular_f0,,,0,4133.417037920448,,1,,,,5,,0,,0,,0,,0,,0,False
s02_C_creak_F018,s02,C_creak,F018,final_fall,"The apartment was smaller than we expected, obviously.","The apartment was smaller than we expected, obviously.",False,data/split/s02_C_creak_F018.wav,3.42,s02_C_creak_F018.wav,3.42,481.07940910503527,540.2627075305961,204.96723679557869,72.6561620608572,665.8799357851908,38.35326005696534,40.0,750.0,47.0,0.075,0.01875,0.8,188.411365209791,0.0,0.08695652173913043,1.0,0.0,26.256983240223462,anchor_unreliable;jumpy;period_doubling_unresolved;period_doubling_present,3.477665503267356,6.755095720669267,24.168116628606715,1.974047436694875,8.251171742253488,4250.0,0.17120463881182998,494.4829256774839,1453.7897845712996,2520.887921945702,13,,0.5625372624425127,0.5364731877854712,0.8201421311324399,0.95,0.85,120,True,72.6561620608572,6.755095720669267,3.477665503267356,0.5364731877854712,0.95,multiply_pulsed;irregular_f0,7098.711938761853,1260.9135790294124,2,,,0,5.155846978540467,14.036146755215002,10.152797129853028,11,59.83777513170496,1,,0,,0,59.83777513170496,1,,0,False
s02_C_creak_F019,s02,C_creak,F019,final_fall,I think I left my keys somewhere in the stairwell.,I think I left my keys somewhere in the stairwell.,False,data/split/s02_C_creak_F019.wav,3.24,s02_C_creak_F019.wav,3.24,316.59484943452344,88.81303476482213,271.53079638793366,52.28509698606575,646.5082816823309,43.538365888632526,40.0,750.0,38.0,0.075,0.01875,0.35,91.85916325184994,0.6836235392938348,0.1891891891891892,2.0,1.0,22.485207100591715,jumpy;period_doubling_unresolved;period_doubling_present,2.172343663386044,4.606109181043209,22.62667075020039,1.8929792440659128,7.33121257926199,5750.0,0.1804636322918468,603.573447078189,2240.8773204442177,2822.079217084447,13,,0.48191750476479656,0.5025353404389423,0.7149653565135847,0.8205128205128205,0.7435897435897436,78,True,52.28509698606575,4.606109181043209,2.172343663386044,0.5025353404389423,0.8205128205128205,multiply_pulsed;irregular_f0,7174.279218211619,752.9813020215353,2,,,0,5.498546130812932,16.652460353327342,10.170626826464972,10,43.90944681097009,2,37.61015382611954,1,,0,50.208739795820634,1,,0,False
s02_C_creak_F020,s02,C_creak,F020,final_fall,"It turned out fine, more or less, in the end.","It turned out fine, more or less, in the end.",False,data/split/s02_C_creak_F020.wav,3.38,s02_C_creak_F020.wav,3.38,498.31933317222115,556.5462637075544,189.147227657951,84.60997038713198,650.7488559019037,35.31841542500048,40.0,750.0,68.0,0.15,0.01875,0.8,82.35206318537713,0.4,0.08955223880597014,8.0,0.0,39.30635838150289,anchor_unreliable;jumpy;heavy_repair;period_doubling_unresolved;period_doubling_present,3.2989695517659006,8.335215246829579,23.462993034030532,1.8902754870155625,7.79703805926227,6000.0,0.22052075222525894,634.6398778948762,2190.330008672769,2851.0944529695553,13,,0.5142638550373865,0.501514770370515,0.7160449137478524,0.9545454545454546,0.8181818181818182,110,True,84.60997038713198,8.335215246829579,3.2989695517659006,0.501514770370515,0.9545454545454546,multiply_pulsed;irregular_f0,7312.015298565117,,1,,,0,2.1195929608659307,8.62763577526185,-5.147101639067466,7,,0,,0,,0,,0,,0,True
s02_C_creak_F021,s02,C_creak,F021,final_fall,Nobody warned us about the traffic on the way in.,Nobody warned us about the traffic on the way in.,False,data/split/s02_C_creak_F021.wav,3.75,s02_C_creak_F021.wav,3.75,364.43899656015725,424.36021537017564,208.88638484468268,80.90549547774481,610.3425851630611,34.98371578546569,40.0,750.0,66.0,0.15,0.01875,0.35,189.31604454599588,0.0,0.09230769230769231,0.0,0.0,34.196891191709845,anchor_unreliable;jumpy;period_doubling_unresolved;period_doubling_present,3.5075974912986934,6.041131087342129,21.063556450198124,1.7827541933986897,8.05471992764782,5000.0,0.2239848210310673,459.1347837358014,1477.580741011739,2563.8385016938855,13,,0.5554655331457502,0.558630644408303,0.7766915376410629,0.9423076923076923,0.8942307692307693,104,True,80.90549547774481,6.041131087342129,3.5075974912986934,0.558630644408303,0.9423076923076923,multiply_pulsed;irregular_f0,7202.397490269215,,1,,,0,34.11275804298125,57.85674655913398,11.50469664988158,8,,0,,0,,0,,0,,0,False
s02_C_creak_F022,s02,C_creak,F022,final_fall,He mentioned it once and then never brought it up again.,He mentioned it once and then never brought it up again.,False,data/split/s02_C_creak_F022.wav,3.3,s02_C_creak_F022.wav,3.3,442.9324564620558,513.5345556335222,227.334181117122,51.33372513470669,646.4198886517703,43.853912702550645,40.0,750.0,65.0,0.075,0.01875,0.35,197.69008889211722,0.0,0.109375,0.0,0.0,37.57225433526011,anchor_unreliable;jumpy;period_doubling_unresolved;period_doubling_present,3.6917873928247404,5.737849799969022,23.962035263962196,1.9507942033011774,8.23749388222839,4500.0,0.1863084445581552,526.342466917451,1661.8948551341402,2580.4167969825503,13,,0.4887225850467047,0.4481846036615745,0.7168546369219535,0.8709677419354839,0.7526881720430108,93,True,51.33372513470669,5.737849799969022,3.6917873928247404,0.4481846036615745,0.8709677419354839,multiply_pulsed;irregular_f0,7344.472713989852,,1,3102.3031885793607,,1,5.947963857229407,9.369541105265341,22.54407532221533,13,,0,,0,,0,,0,,0,False
s02_C_creak_F023,s02,C_creak,F023,final_fall,We were both too tired to argue about it anymore.,We were both too tired to argue about it anymore.,False,data/split/s02_C_creak_F023.wav,3.46,s02_C_creak_F023.wav,3.46,254.33818637361335,232.90511558501802,179.44286826048648,80.65098891986808,516.3239020909508,32.14214709055332,40.0,750.0,61.0,0.15,0.01875,0.8,93.72607930954234,0.6259044573700225,0.18333333333333332,17.0,4.0,34.463276836158194,octave_disagreement;jumpy;heavy_repair;period_doubling_unresolved;period_doubling_present,3.4919777208575566,5.801786663268016,20.87797081357802,1.7803091575338041,7.78078374794802,4500.0,0.21428142514559453,524.8293012083031,1516.679968257052,2542.4400082953725,13,,0.5165705956818567,0.5134870763275025,0.7573613366425174,0.8787878787878788,0.797979797979798,99,True,80.65098891986808,5.801786663268016,3.4919777208575566,0.5134870763275025,0.8787878787878788,multiply_pulsed;irregular_f0,,,0,,,0,19.501311114361158,38.602543590022876,16.249103911421557,12,31.84917699877099,1,,0,,0,31.84917699877099,1,,0,True
s02_C_creak_F024,s02,C_creak,F024,final_fall,I've been putting that conversation off for months.,I've been putting that conversation off for months.,False,data/split/s02_C_creak_F024.wav,3.08,s02_C_creak_F024.wav,3.08,78.56094574129176,65.75598766948747,29.539775760261005,48.627152824784524,103.79587249163042,13.126980569213117,40.0,750.0,20.0,0.15,0.01875,0.8,80.93588505099545,0.6069737896391623,0.15789473684210525,0.0,0.0,12.738853503184714,octave_uncertain;jumpy;low_voicing;period_doubling_unresolved;period_doubling_present,2.970645365124837,6.320955006717099,19.630792183795197,1.6821391358992264,8.032408476770524,5000.0,0.24178399653324367,551.3415615486682,1801.1908162506684,2627.988414905379,13,,0.6043230795045186,0.5598296051336109,0.8207094538371468,0.989010989010989,0.9560439560439561,91,True,48.627152824784524,6.320955006717099,2.970645365124837,0.5598296051336109,0.989010989010989,multiply_pulsed;irregular_f0,7466.300638410889,2063.1528457921345,2,3332.992154594451,,1,-12.697581783644052,-20.456764531910288,-5.011758262670485,12,,0,,0,,0,,0,,0,False
s02_C_creak_F025,s02,C_creak,F025,final_fall,It felt like the longest week of the entire summer.,It felt like the longest week of the entire summer.,False,data/split/s02_C_creak_F025.wav,2.86,s02_C_creak_F025.wav,2.86,377.69180112474345,428.77492332771146,202.53356384569514,77.60309093850786,617.3383286254623,35.902504143114655,40.0,750.0,34.0,0.15,0.01875,0.8,180.51586502945844,0.0,0.09090909090909091,6.0,0.0,23.448275862068964,anchor_unreliable;jumpy;heavy_repair;period_doubling_unresolved;period_doubling_present,2.843025057432934,5.7290422589558485,21.499107781549053,1.8388595951792253,7.866862699780753,4250.0,0.25219875041303735,487.5110522234953,1526.945864849735,2566.6463255557474,13,,0.4768842667525314,0.42866302663465844,0.6853834081485793,0.9375,0.7291666666666666,96,True,77.60309093850786,5.7290422589558485,2.843025057432934,0.42866302663465844,0.9375,multiply_pulsed;irregular_f0,7049.5553729648045,22.908964709547067,2,,,0,4.380915056100644,15.438970323984936,13.227769095890931,13,,0,,0,,0,,0,,0,True
