file,duration_s,f0_mean_hz,f0_median_hz,f0_sd_hz,f0_p10_hz,f0_p90_hz,f0_span_st,f0_floor_used,f0_ceiling_used,f0_n_frames,f0_window_s,f0_time_step_s,f0_octave_jump_cost,f0_shs_anchor_hz,f0_anchor_confidence,f0_octave_jump_rate,f0_frames_repaired,f0_frames_repaired_shs,f0_pct_voiced,f0_quality_flag,hnr_db,jitter_local_pct,shimmer_local_pct,shimmer_local_db,cpps_db,formant_ceiling_hz,formant_smoothness,f1_median_hz,f2_median_hz,f3_median_hz,formant_n_plausible_ceilings,formant_flag,shr_mean,shr_median,shr_p90,shr_doubling_rate,shr_octave_risk_rate,shr_n_frames,creak_sonorant_restricted,creak_low_f0_hz,creak_f0_irregularity_pct,creak_hnr_db,creak_period_doubling_shr,creak_doubling_rate,creak_subtype_hint,s_cog_mean_hz,s_cog_sd_hz,s_n,sh_cog_mean_hz,sh_cog_sd_hz,sh_n,h1_h2_db_mean,h1s_h2s_db_mean,h1_a3_db_mean,tilt_n_vowels,vot_mean_ms,vot_n,vot_k_mean_ms,vot_k_n,vot_kʰ_mean_ms,vot_kʰ_n,vot_t_mean_ms,vot_t_n,vot_tʰ_mean_ms,vot_tʰ_n
s01_A_modal_C001.wav,2.48,134.70283039169541,119.71946662491395,28.365845676888824,99.63079216183657,166.22559139488,8.861746931214803,84.06902391635843,243.18684981489707,85,0.07136992581202671,0.008921240726503339,0.35,118.18663370664198,0.6587544070963649,0.0,0,0,31.48148148148148,,4.799272688196776,3.0553470483522385,13.235504910328947,1.2791744897878563,6.834188806249407,5500.0,0.1965250563940842,760.8400162794701,1991.136789044089,2704.5814741698005,13,,0.31098881883255364,0.2842717892921133,0.5848903899749173,0.5102040816326531,0.3469387755102041,49,True,99.63079216183657,3.0553470483522385,4.799272688196776,0.2842717892921133,0.5102040816326531,multiply_pulsed;irregular_f0,7212.968781541769,1036.67172283784,2,,,0,-2.4131155666354855,-3.638141722184747,4.811078974736767,6,,0,,0,,0,,0,,0
s01_A_modal_C002.wav,2.63,122.23097420396464,118.53141849213463,31.929879221220176,70.30874870704704,165.8514814984464,14.857389303684815,62.642676168095605,211.88006185840402,93,0.09578134854742758,0.011972668568428447,0.8,118.20276036859981,0.9089579235750423,0.010869565217391304,0,0,43.867924528301884,,7.3647077701130375,2.3039633625154137,10.339269283533762,0.9395626754929038,8.221604668842982,4750.0,0.1434952789758274,601.9335121791974,1738.6653621546234,2532.1939760209934,13,,0.2414219913494246,0.1689573575133703,0.5974152925673795,0.25263157894736843,0.21052631578947367,95,True,70.30874870704704,2.3039633625154137,7.3647077701130375,0.1689573575133703,0.25263157894736843,,5961.529562017029,308.93024821911706,2,,,0,-1.1741335968991464,-3.3299341200156594,7.802826661090792,8,34.10076609738877,2,28.675585928849443,1,,0,39.52594626592809,1,,0
s01_A_modal_C003.wav,2.86,131.04208242325623,136.16744688702553,24.512443371532296,98.49929774327155,160.25891299574724,8.426631028690078,58.316350148298056,226.50661745647676,78,0.05144354871954472,0.01286088717988618,0.35,133.15785357540608,0.569334189968105,0.0,0,0,35.61643835616438,,6.036087877728553,2.914360638336448,12.510766975332674,1.265243140677991,6.603186075442295,4250.0,0.15224872938351394,486.1281869672432,1385.0331799613216,2312.5847740772842,13,,0.3149226620356203,0.2723185217115599,0.5863731874275667,0.4782608695652174,0.3804347826086957,92,True,98.49929774327155,2.914360638336448,6.036087877728553,0.2723185217115599,0.4782608695652174,,7450.415103536385,,1,,,0,-1.488986742277054,-3.385155479610956,8.06512377607195,8,54.66833801264093,1,,0,,0,54.66833801264093,1,,0
s01_A_modal_C004.wav,2.56,146.7628234591554,149.2098830347031,18.998821165325484,117.78363436017362,167.33767462586198,6.079478360993194,78.63552930999089,240.03490283674154,138,0.07630138758712064,0.00953767344839008,0.35,148.9258959875751,0.8342067625359506,0.0,0,0,52.87356321839081,,10.518990576381626,1.5572948350120934,10.226391133213223,0.9939039881801641,9.364162432983596,4250.0,0.15675203730120726,558.6773130232485,1409.3251845831358,2400.595285022637,13,,0.17233809909984935,0.10768244853926802,0.4079383003487689,0.19540229885057472,0.14942528735632185,87,True,117.78363436017362,1.5572948350120934,10.518990576381626,0.10768244853926802,0.19540229885057472,,,,0,,,0,-4.405397495894844,-11.0409680240011,13.04637410242849,6,,0,,0,,0,,0,,0
s01_A_modal_C005.wav,2.96,144.95754744312026,141.86465667750613,26.19791268349775,114.98785079212824,191.12052781433468,8.796015647888632,68.0816433133331,237.33786131094917,160,0.0881294826034988,0.01101618532543735,0.35,143.00949335734762,0.8784480328602475,0.0,1,1,61.30268199233716,,9.652888283370032,1.8212630759704247,10.846171990471664,0.9347618543917401,10.088437859982992,5000.0,0.19413182003515903,528.4776580025507,1708.6954366877762,2578.9545196513063,13,,0.19448622960659756,0.13846366249231185,0.3517624606367637,0.16339869281045752,0.10457516339869281,153,True,114.98785079212824,1.8212630759704247,9.652888283370032,0.13846366249231185,0.16339869281045752,,,,0,,,0,-3.4692833305445663,-7.374117261400381,12.991554890289034,10,,0,,0,,0,,0,,0
s01_A_modal_C006.wav,2.66,154.32302727677654,153.8360420431521,12.969774080499986,139.36931122148636,172.7001170307507,3.712273706706907,110.36683679540725,242.1705204443782,109,0.027182078304565854,0.006795519576141463,0.35,156.25953751501973,0.8334345769930673,0.0,0,0,28.09278350515464,,7.454991909724468,1.8323068727073917,14.447673868607167,1.3145418876639194,8.165448341982538,5250.0,0.1792640194578682,701.3546639277736,1891.768078238019,2606.184062821304,13,,0.20504802176863554,0.1392050546881258,0.46012858342795343,0.18461538461538463,0.15384615384615385,65,True,139.36931122148636,1.8323068727073917,7.454991909724468,0.1392050546881258,0.18461538461538463,,,,0,,,0,-4.083713969364103,-7.771069323471454,9.366447465052808,8,,0,,0,,0,,0,,0
s01_A_modal_C007.wav,3.08,140.69005269366494,142.04968657020555,20.424468592120636,110.46362493782402,169.19656616711146,7.381546956650594,95.32671661626506,231.77377110612213,152,0.0314707157289012,0.0078676789322253,0.35,141.91448055627222,0.9404028244405408,0.006622516556291391,0,0,39.175257731958766,,8.818062388419783,2.3865190329268824,10.936363199411984,1.0944699285023178,8.418514067250598,3750.0,0.15193411031553825,513.8198031056575,1411.6180039617561,2174.8675385856773,13,,0.22287429415945734,0.17843588731642276,0.4027031279228399,0.2702702702702703,0.1891891891891892,74,True,110.46362493782402,2.3865190329268824,8.818062388419783,0.17843588731642276,0.2702702702702703,,5312.837473786052,2.399892215879814,2,,,0,-4.843642401455943,-7.336789529410437,9.699359629225476,5,47.215569775804546,1,47.215569775804546,1,,0,,0,,0
s01_A_modal_C008.wav,2.7,134.38966273737884,140.12950559755,24.753198460535987,99.9211926754066,164.4734774363457,8.62790826094619,85.13349881847805,226.90236534467513,164,0.03523877253531669,0.008809693133829172,0.8,141.016049201453,0.8285875508966081,0.012269938650306749,3,2,54.12541254125413,,7.131870942563843,2.8047929688136204,14.184887238760846,1.301399069330536,8.389214173821486,3750.0,0.2013024503393996,508.72128450766263,1382.1112594504025,2200.3416959502165,13,,0.36162146273783824,0.2680611734800916,0.7333585370436855,0.4805194805194805,0.36363636363636365,77,True,99.9211926754066,2.8047929688136204,7.131870942563843,0.2680611734800916,0.4805194805194805,,6915.412715719921,,1,3880.9055351563275,,1,-3.0448150508068417,-5.216247667464734,7.624271549454607,6,,0,,0,,0,,0,,0
s01_A_modal_C009.wav,2.2,140.72124683165634,133.8063256564397,18.224532954193666,122.15734860359464,169.78271855886302,5.6993875980810795,95.29031773641417,344.0363969588653,128,0.03148273687467811,0.007870684218669528,0.8,133.96587142480692,0.8319632764487378,0.015748031496062992,3,0,46.3768115942029,,7.267465052447805,2.2326993797357435,12.05172406543169,1.1477944771920416,8.77321525657591,4750.0,0.18639537589234137,681.8583656137181,1624.3542902465954,2520.0343576214104,13,,0.2559821054443373,0.17865157256427677,0.5609860845226943,0.36764705882352944,0.27941176470588236,68,True,122.15734860359464,2.2326993797357435,7.267465052447805,0.17865157256427677,0.36764705882352944,,8043.57277920762,,1,,,0,0.07627120657811659,-1.7055970409081063,14.373176850312454,4,,0,,0,,0,,0,,0
s01_A_modal_C010.wav,2.42,137.43264829806913,127.98069568168037,40.4965194701631,102.69661827876756,185.8525580224441,10.269238435126573,61.29933858042449,330.8591756571401,86,0.0978803383355927,0.012235042291949088,0.35,129.33609205777216,0.9241586332828811,0.011764705882352941,0,0,45.26315789473684,,6.67596689596159,2.2129673694158485,13.993543789648335,1.2691715067879203,8.35665844399673,4250.0,0.19446488856575464,553.8022523417401,1434.6737815397987,2373.7600823995485,13,,0.3061583003109746,0.2009506462632665,0.6042614433921892,0.38028169014084506,0.323943661971831,71,True,102.69661827876756,2.2129673694158485,6.67596689596159,0.2009506462632665,0.38028169014084506,,5998.4943927966115,,1,,,0,-0.24704660613497254,-2.4232172233950173,3.283562201029632,4,,0,,0,,0,,0,,0
s01_A_modal_C011.wav,2.68,130.53923014436907,123.55788807704913,27.665219525015395,103.04159290922493,177.1386965745777,9.37983128570448,62.51987589178415,213.0345511983682,93,0.0479847401679541,0.011996185041988525,0.8,124.07717591534998,0.7586250480885395,0.0,0,0,42.27272727272727,,5.20162981869277,2.7099165335239705,14.59649322798774,1.3075470432443699,7.128486964362288,3500.0,0.2002694393193891,462.15818939655196,1227.1328347418737,1934.2431736844383,13,ceiling_at_search_edge,0.29232246922331323,0.23983316403243432,0.6563199881750548,0.44155844155844154,0.2727272727272727,77,True,103.04159290922493,2.7099165335239705,5.20162981869277,0.23983316403243432,0.44155844155844154,,7029.000577225341,,1,,,0,-3.6562494112179564,-5.9009370420753795,0.3868601312200302,6,3.725026463329062,1,,0,,0,3.725026463329062,1,,0
s01_A_modal_C012.wav,2.94,140.4566303877108,133.7922385211245,20.19906497522573,117.985296828963,174.13626875434818,6.7393155825541715,91.55327021548199,351.91206784152826,140,0.06553561643268728,0.00819195205408591,0.35,133.52759785487436,0.9685639740537835,0.0,0,0,39.88603988603989,,6.532055988616151,2.457944118242326,13.185338618595202,1.2575055423316805,7.7154891393269756,4250.0,0.139432307842048,580.8660723414746,1527.8534127470598,2378.9480490917986,13,,0.24439856071498406,0.21293721434819804,0.42433080640001924,0.375,0.20833333333333334,72,True,117.985296828963,2.457944118242326,6.532055988616151,0.21293721434819804,0.375,,6941.943421445922,,1,,,0,2.4609684954088573,0.9779261427914662,10.48494711426967,5,,0,,0,,0,,0,,0
s01_A_modal_C013.wav,2.72,142.68093777737712,144.00693848491608,17.305454289441155,120.50007646628019,167.99736436156357,5.752854448873871,97.6643394510599,228.16312946772396,165,0.03071745548950664,0.00767936387237666,0.35,143.77859419327237,0.9526706284901074,0.006097560975609756,0,0,47.00854700854701,,9.374625782721822,1.8009579365879052,9.23821124196132,0.893494994322901,8.98551590267223,3750.0,0.2076708687077592,471.2920927360866,1531.3507351510918,2203.0113905552043,13,,0.11541455323145995,0.0795295514708215,0.25397341339300644,0.078125,0.03125,64,True,120.50007646628019,1.8009579365879052,9.374625782721822,0.0795295514708215,0.078125,,7053.69291615951,,1,4873.418907053718,,1,-1.770208669139275,-5.311400888440536,10.094451782837227,5,,0,,0,,0,,0,,0
s01_A_modal_C014.wav,3.61,134.78607779022366,135.55062992462558,23.792363628056393,103.59294780882595,163.14641688865532,7.862898108280886,64.83496433509906,223.49751744835726,142,0.09254265906570168,0.01156783238321271,0.35,135.18495367164812,0.8523650144277218,0.014184397163120567,2,1,46.557377049180324,,7.131519337801444,2.1571586553534523,12.147509477636186,1.1731450913516033,8.222620358842871,4500.0,0.16360970377891118,469.08906609410064,1759.676612146735,2527.068273855354,13,,0.2244101787457718,0.1474584602409505,0.5993370353089376,0.21774193548387097,0.1774193548387097,124,True,103.59294780882595,2.1571586553534523,7.131519337801444,0.1474584602409505,0.21774193548387097,,6462.647202223634,1092.4431275017064,3,,,0,-2.4120475193065785,-8.275582134578862,2.655264117964549,11,23.643906794769794,3,3.3654251185646356,1,,0,57.48504609050897,1,10.081249175235785,1
s01_A_modal_C015.wav,1.41,117.662237030907,114.93427822640929,16.640407413354787,99.47134224078273,146.23045900885904,6.670691986542607,60.644689938814665,206.836879915496,52,0.09893693917890403,0.012367117397363004,0.35,114.99507837545497,0.9726661518108074,0.0,0,0,48.598130841121495,period_doubling_present,4.923020590003052,2.9887651923109675,14.90815435691831,1.4765090859971854,7.798614524807103,4250.0,0.09801610340994966,640.127366843705,1604.360471485756,2537.2448452496565,13,,0.3549332188472908,0.3097117304903343,0.6667319516959256,0.5869565217391305,0.41304347826086957,46,True,99.47134224078273,2.9887651923109675,4.923020590003052,0.3097117304903343,0.5869565217391305,multiply_pulsed,4633.751132949477,1723.7945768420163,3,,,0,-1.5996606105553823,-2.4696139251824256,4.310031317730964,4,,0,,0,,0,,0,,0
s01_A_modal_C016.wav,2.76,125.06652889035975,121.5005780938848,23.621530684842654,95.82392521178852,157.66116920918728,8.620434745272163,77.92512955275843,229.22328902659237,66,0.0769969845983735,0.009624623074796687,0.8,121.49155395227012,0.5208629321347564,0.015384615384615385,2,1,23.655913978494624,,5.310805282686358,3.997500627062093,14.965818910975596,1.3865395375906129,6.131599536512297,4000.0,0.15558210983332713,573.383895268202,1406.9283490696873,2296.626659553015,13,,0.33488409325057317,0.23476655366617716,0.6663497281500548,0.4166666666666667,0.2916666666666667,48,True,95.82392521178852,3.997500627062093,5.310805282686358,0.23476655366617716,0.4166666666666667,irregular_f0,7318.268419460546,1462.9958720633413,3,,,0,-2.387087976396163,-3.97251743898466,12.59791781847982,5,12.749228581967254,1,12.749228581967254,1,,0,,0,,0
s01_A_modal_C017.wav,2.395,123.07317013197492,119.0297949853251,18.910916091040857,99.34312433486015,156.25939170057038,7.84141053365167,81.3512215259278,210.20642696444384,124,0.03687713526273059,0.009219283815682648,0.35,118.63222717121312,0.9537535672578942,0.0,2,1,48.4375,,6.909237967070262,1.7392578247746853,11.482588657306978,1.1769933969323274,8.760375198150902,3750.0,0.1734813078916292,541.9419723499947,1348.231600538003,1978.5692971528756,13,,0.19301023313159538,0.1617903062023969,0.3546686046080664,0.2222222222222222,0.1111111111111111,99,True,99.34312433486015,1.7392578247746853,6.909237967070262,0.1617903062023969,0.2222222222222222,,6641.858011964608,870.0944831913944,3,,,0,-5.149302093285741,-7.832842657433602,9.517289976815485,8,,0,,0,,0,,0,,0
s01_A_modal_C018.wav,2.58,153.0674098964825,145.2618921343072,26.174816523902166,122.51804041473734,193.78923145377908,7.9379304889608395,71.82688503679155,259.5962985946916,130,0.041767090393288304,0.010441772598322076,0.35,144.2846816933298,0.8826813574797191,0.0,0,0,53.278688524590166,,7.780006284741791,2.66476195580401,13.839399729188658,1.2826350704907896,8.438816255614718,4750.0,0.18295051206398297,580.9126667113574,1650.3486446824245,2547.270505945664,13,,0.24813384410071912,0.18761981935262018,0.4885449125613913,0.2916666666666667,0.1875,96,True,122.51804041473734,2.66476195580401,7.780006284741791,0.18761981935262018,0.2916666666666667,,6126.5904943413125,399.773453604499,2,,,0,-1.2851257785114907,-3.9613881727448197,10.029200263514541,7,,0,,0,,0,,0,,0
s01_A_modal_C019.wav,3.49,149.15999566421823,143.41159111284165,27.06026732218058,120.38771137322237,191.16123370398523,8.005222171138549,95.40858219271375,254.47441957430783,203,0.06288742440256295,0.007860928050320369,0.35,142.2573182640875,0.7244761911595825,0.0,0,0,46.559633027522935,,7.058097217610233,2.4272229266711305,15.385654151074151,1.3360576494124519,8.98154378696905,4000.0,0.20683248298571466,523.4111431413262,1319.6615155682691,2289.13089654365,13,,0.21305445347780114,0.15933586088477858,0.38041155095439083,0.1875,0.140625,64,True,120.38771137322237,2.4272229266711305,7.058097217610233,0.15933586088477858,0.1875,,7282.71008814438,291.5057192015529,2,,,0,-2.7703959214943286,-8.836263015519185,12.60823635264978,5,,0,,0,,0,,0,,0
s01_A_modal_C020.wav,2.74,165.19259838620698,170.6510532443773,28.230178930431233,112.45507259119906,194.28802501809858,9.466178923240257,90.38783164236764,281.27134634941694,110,0.06638061662702405,0.008297577078378006,0.35,162.73551261842795,0.7386481427022232,0.009174311926605505,0,0,34.05572755417957,,7.140837489305443,2.2661741274242266,11.850187931734279,1.1473528281067762,7.333072397146104,5000.0,0.14546493022656207,559.3698906416938,1917.3034506381673,2630.112468431783,13,,0.21550078837878084,0.18371818863434763,0.46734866348297016,0.2345679012345679,0.1728395061728395,81,True,112.45507259119906,2.2661741274242266,7.140837489305443,0.18371818863434763,0.2345679012345679,,7048.035363056146,,1,,,0,-3.8481787557955247,-11.059976224532434,5.744191066070421,7,,0,,0,,0,,0,,0
s01_A_modal_C021.wav,2.55,129.59927628581048,124.77340158304094,22.8768083057523,100.93859448862439,156.26676453112756,7.566396832223237,79.5395181545199,225.01716349120966,117,0.037717100500558196,0.009429275125139549,0.8,124.34963187134996,0.8804924728267395,0.008620689655172414,3,1,43.82022471910113,period_doubling_present,6.684630845698295,2.675767138710143,12.73271515577119,1.2080725903175713,7.68720699166027,4250.0,0.18262767896150933,577.1730306854397,1358.1168657772469,2426.003037075702,13,,0.34111984516906607,0.311767398216451,0.6173285284792032,0.5714285714285714,0.4642857142857143,84,True,100.93859448862439,2.675767138710143,6.684630845698295,0.311767398216451,0.5714285714285714,multiply_pulsed,5318.514753678952,,1,,,0,-0.034083596143064554,-1.2545243117595994,9.812164010500446,5,5.969353621978406,3,2.918232535451315,1,,0,7.49491416524195,2,,0
s01_A_modal_C022.wav,2.4,133.71458947562272,134.39784003813844,24.97470999597258,103.97914950696122,165.08420689033872,8.002894183668001,64.71435751970854,229.55553314171232,97,0.09271512891359109,0.011589391114198886,0.8,134.12402238319373,0.8056282772770537,0.020833333333333332,0,0,48.5,,8.632307851076735,1.7949724448353082,11.403277559981943,1.0805914914402344,8.94827360563912,5250.0,0.146208274571238,592.2143249760657,1817.0460873117795,2652.2036421128337,13,,0.19774705895475278,0.14335831972666796,0.35278707359054223,0.20202020202020202,0.10101010101010101,99,True,103.97914950696122,1.7949724448353082,8.632307851076735,0.14335831972666796,0.20202020202020202,,6705.524774956037,,1,,,0,-4.933165373534951,-6.1722071251224815,8.423712895042195,7,,0,,0,,0,,0,,0
s01_A_modal_C023.wav,2.78,131.36438393593548,144.233685653257,28.45690448920397,89.15434327905574,156.47468043369247,9.738626907555993,61.52667147029469,229.56256369133635,74,0.04875934173439581,0.012189835433598953,0.35,144.40897408024568,0.8200755357508569,0.0136986301369863,2,1,32.888888888888886,period_doubling_present,5.662406053280382,2.9474491480594356,13.750539084276822,1.3771214213157703,6.475335121548163,4250.0,0.14216661986580406,561.8187771120141,1512.7358117229996,2430.3287483144804,13,,0.30784812188091415,0.22896921053555566,0.5630840252334859,0.46153846153846156,0.4230769230769231,52,True,89.15434327905574,2.9474491480594356,5.662406053280382,0.22896921053555566,0.46153846153846156,,6988.475199892705,,1,,,0,-4.9525551395628264,-7.9652649710624575,0.9708179544125338,7,6.12940099601611,2,8.941234424464595,1,,0,3.3175675675676253,1,,0
s01_A_modal_C024.wav,2.215,136.8798112495984,136.73021057999276,23.28873667753735,104.2818354061383,162.49832349642458,7.679243442988962,67.6698222795691,226.47424608473017,112,0.04433290791877491,0.011083226979693727,0.35,132.13123790409568,0.894661524871995,0.009009009009009009,5,1,57.142857142857146,,7.246726245346675,3.216781885861665,15.12070218584793,1.2598496741485499,8.71016033953569,4750.0,0.15137028614875975,487.28352111758636,1725.876149881191,2524.616370489531,13,,0.2560141033628089,0.1691267121628442,0.5274018199930196,0.2777777777777778,0.2,90,True,104.2818354061383,3.216781885861665,7.246726245346675,0.1691267121628442,0.2777777777777778,irregular_f0,5254.839983537458,,1,,,0,-1.9365303609461517,-4.8510838953890465,14.705186351462983,11,,0,,0,,0,,0,,0
s01_A_modal_C025.wav,1.53,129.95082369237073,117.9658286306813,29.793793372999428,96.5614195732075,170.3318924154319,9.82595754333953,56.489006376389156,239.00667476350455,81,0.05310767868726254,0.013276919671815634,0.35,127.7441533887524,0.5533516314683253,0.0,2,1,72.32142857142857,,8.524896758483663,1.94347356260985,13.554211300924536,1.2395708895351776,10.31168204739009,5000.0,0.14105935579613202,513.6752802978148,1698.537016817953,2589.8252232489704,13,,0.2429137068705484,0.19672452209845728,0.4606114530281171,0.25675675675675674,0.16216216216216217,74,True,96.5614195732075,1.94347356260985,8.524896758483663,0.19672452209845728,0.25675675675675674,,,,0,,,0,-1.6361877320780611,-2.720393280658721,12.540366250702583,5,,0,,0,,0,,0,,0
s01_A_modal_C026.wav,3.12,145.64196832901916,139.10311421779048,37.71396642974092,104.87379877468541,200.53596127881488,11.22248023504961,83.2707715896891,262.4472590417864,169,0.03602704697852795,0.009006761744631988,0.35,139.62799096295066,0.39200063575902233,0.005952380952380952,0,0,49.27113702623907,anchor_unreliable,7.015783909437989,2.6058421193074466,14.778988987844615,1.3568831159385302,8.224383887297323,4250.0,0.17840409484473133,568.1630782568684,1519.8627967551224,2464.7665596013167,13,,0.2599494462387206,0.19418867588945637,0.5689932675626735,0.34710743801652894,0.2396694214876033,121,True,104.87379877468541,2.6058421193074466,7.015783909437989,0.19418867588945637,0.34710743801652894,,6752.923515426803,,1,3948.765381013591,,1,-1.178364126789213,-3.860587467834124,9.571305730177635,11,36.39269087228936,1,,0,,0,,0,36.39269087228936,1
s01_A_modal_C027.wav,2.4,133.92247562921702,130.46852914226628,23.346975307194555,114.83126166761676,170.35278676868762,6.828121122649032,66.95152549565643,217.55629497874025,122,0.04480853838341039,0.011202134595852597,0.35,130.3435375921967,0.7970313613797316,0.024793388429752067,0,0,57.81990521327014,,8.277295096548247,1.9321603012985344,10.760702937307967,1.0563646279233694,9.638339724814795,4250.0,0.17903460227925524,507.6569111431605,1564.749945607867,2404.6596023008005,13,,0.1736491715789861,0.1268414039308161,0.3999750243362275,0.17582417582417584,0.13186813186813187,91,True,114.83126166761676,1.9321603012985344,8.277295096548247,0.1268414039308161,0.17582417582417584,,7257.857794375348,,1,,,0,-2.984771449223171,-5.642356762934954,5.715038916413849,11,3.572940173848238,1,,0,,0,3.572940173848238,1,,0
s01_A_modal_C028.wav,2.32,142.94885376896036,141.45237496100185,12.046157965179058,127.13232510591352,157.4580085545781,3.7036348245598556,102.43288450099686,227.24672966331343,117,0.058574939378394725,0.007321867422299341,0.8,141.00267164546463,0.8778913330602129,0.0,0,0,37.86407766990291,,9.041572350299637,1.9182423896237606,12.696630535793584,1.245430501126498,8.038151435061762,5000.0,0.13686596950635938,450.65055021249714,1853.1479615483086,2589.978173335834,13,,0.23324146031010173,0.1788507915760313,0.5995552163430731,0.23636363636363636,0.16363636363636364,55,True,127.13232510591352,1.9182423896237606,9.041572350299637,0.1788507915760313,0.23636363636363636,,6604.16410493383,,1,,,0,-4.243299705822894,-9.71102934377024,4.78443523211461,7,,0,,0,,0,,0,,0
s01_A_modal_C029.wav,2.2,161.04804632202604,169.78437346429496,26.176539900720577,122.86165265687713,187.26281753223267,7.296357301152954,74.82312135494047,270.30222111218603,101,0.08018911656381772,0.010023639570477215,0.35,169.75492887165507,0.8483854177934891,0.0,0,0,47.64150943396226,,6.1800982361033,2.3912255129514786,12.311244346641093,1.0648969945729134,8.30018155767521,4750.0,0.15165412575969328,591.7266958152159,1731.3728350447202,2541.7632029234064,13,,0.2589917434709787,0.2145978011398813,0.4690810080116335,0.35526315789473684,0.25,76,True,122.86165265687713,2.3912255129514786,6.1800982361033,0.2145978011398813,0.35526315789473684,,6549.170446950048,622.8962216607746,2,,,0,-3.923451569217673,-8.170277658422345,6.739047822066797,6,3.387674593974266,1,,0,,0,3.387674593974266,1,,0
s01_A_modal_C030.wav,2.2,129.17861744437138,124.2537859654986,26.66563752502933,94.89515741144562,177.07719408187566,10.799664552073839,61.30957685240924,203.89571377622002,78,0.0978639930013515,0.012232999125168937,0.35,122.30858364065777,0.9103732793093551,0.03896103896103896,3,3,45.348837209302324,,6.510675482881379,3.330491223171443,18.20887732871564,1.58330996831396,7.278335886636914,4500.0,0.140561096901615,627.4990534152381,1659.451375140975,2574.2185310546147,12,,0.3140846206355395,0.2762833005404004,0.5733171690968303,0.4782608695652174,0.3188405797101449,69,True,94.89515741144562,3.330491223171443,6.510675482881379,0.2762833005404004,0.4782608695652174,irregular_f0,6207.915434100979,523.056546244589,2,,,0,0.49963338033642773,-4.393585824175641,5.658630709778353,4,,0,,0,,0,,0,,0
s01_A_modal_C031.wav,2.84,116.53357726060875,114.81031180316067,19.045032131009737,93.50325633791016,141.27388577531948,7.144875558453057,72.79851473445795,198.71505597369858,89,0.08241926393533962,0.010302407991917452,0.8,114.88727632121349,0.8987352040127163,0.0,0,0,33.208955223880594,,5.8591382062513055,1.9691416813272762,17.195849552965747,1.5634117152231677,7.630458481210377,4500.0,0.13862787154698591,566.1998417230782,1491.5030808549786,2371.202809851834,13,,0.24555469541791275,0.18417075750421524,0.5143482063371382,0.2967032967032967,0.21978021978021978,91,True,93.50325633791016,1.9691416813272762,5.8591382062513055,0.18417075750421524,0.2967032967032967,,6717.5030267970915,992.6149168920873,5,,,0,-2.132923756616793,-3.525909287324642,7.220623162254299,8,,0,,0,,0,,0,,0
s01_A_modal_C032.wav,2.82,141.2309900662184,138.25367140898288,28.676863997543492,102.39613289461056,183.63838147953695,10.112476685744745,89.22917784729705,242.59435964047867,145,0.06724257854609106,0.008405322318261382,0.35,137.55808542983178,0.9417246044963011,0.0,0,0,44.207317073170735,,8.03031014741101,2.645255100442554,12.880318071404945,1.1931673559791673,8.212593414984767,5000.0,0.19423575331615495,555.3621310405246,1814.6531940703915,2633.777539715087,13,,0.25446455406571566,0.22313149913281527,0.3851717169041596,0.3333333333333333,0.16666666666666666,54,True,102.39613289461056,2.645255100442554,8.03031014741101,0.22313149913281527,0.3333333333333333,,6179.644423053259,,1,5001.21166740788,,1,-1.1520419803681765,-4.982851641700325,12.694039667680592,5,,0,,0,,0,,0,,0
s01_A_modal_C033.wav,2.18,141.14142615762674,144.06256087900374,29.763018925514054,104.52471537720928,182.0763958899528,9.60839748864884,86.22504019110839,252.16542671898668,97,0.06958535463366158,0.008698169329207698,0.35,143.79137891637095,0.5399334795064592,0.0,0,0,39.91769547325103,,6.403015882073489,3.803795547526559,12.573462668256424,1.109667493378173,7.541566962663496,3750.0,0.1447622417437738,514.340858521584,1312.157604368315,2312.763187551662,13,,0.29798535165724716,0.181174360001409,0.7487105019547962,0.32142857142857145,0.26785714285714285,56,True,104.52471537720928,3.803795547526559,6.403015882073489,0.181174360001409,0.32142857142857145,irregular_f0,5215.719543829382,1957.4411473744085,2,,,0,-4.832840107792016,-12.001468366586282,6.176560428896566,4,,0,,0,,0,,0,,0
s01_A_modal_C034.wav,2.18,144.3988864304228,145.4020327977338,17.59670225299388,118.49797882975095,165.57597480226556,5.791570800048563,98.64516368829878,359.66405250491056,120,0.03041203326986681,0.007603008317466703,0.35,146.41291162559935,0.6113297697095212,0.0,6,3,42.40282685512368,,8.22921341032344,1.7232523519005334,13.923142081795694,1.1335832221093376,8.864401721489148,4250.0,0.16000789766707846,479.36815025682654,1272.9497805482538,2370.5066446760875,13,,0.12987182937114222,0.11795939313390764,0.2406762054359078,0.045454545454545456,0.0,22,True,118.49797882975095,1.7232523519005334,8.22921341032344,0.11795939313390764,0.045454545454545456,,,,0,4754.3713283522575,,1,-2.369530277481079,-9.209518139144723,6.02902067932331,2,,0,,0,,0,,0,,0
s01_A_modal_C035.wav,2.37,130.38544525753161,120.25431122974376,28.992977819171987,110.79164637374534,181.8619068934989,8.579931337748665,64.0240443078559,211.52671432650328,95,0.04685739603663077,0.011714349009157693,0.35,119.28359804816927,0.8677285991660093,0.010638297872340425,0,0,47.73869346733668,,6.505166462770097,3.07132095409247,16.766051481893324,1.387494735111069,7.2219489225320155,5250.0,0.15869169126195157,592.0474947297791,2226.730342378207,2603.882037577524,13,,0.2155842864320477,0.17724662671273198,0.3897595492605294,0.23076923076923078,0.15384615384615385,78,True,110.79164637374534,3.07132095409247,6.505166462770097,0.17724662671273198,0.23076923076923078,irregular_f0,6961.548983548143,,1,,,0,-3.6276252627578938,-8.832975036812458,8.190197700963662,7,,0,,0,,0,,0,,0
s01_A_modal_C036.wav,2.5,135.95279796575826,129.25071258842684,26.599611822482412,106.71230877595623,170.24705135538926,8.086838606908005,88.03803549172048,346.6032066025007,130,0.03407618063310982,0.008519045158277455,0.8,129.56844122774277,0.7673396211579478,0.023255813953488372,0,0,44.827586206896555,,9.207602390025524,2.376562965654513,13.178471357715205,1.2189367979184234,8.687520542279566,5000.0,0.16112121899968954,608.4599198675539,1869.8786580917151,2660.5816696847196,13,,0.22629520119252955,0.18215606432302678,0.4039546956645735,0.27710843373493976,0.1686746987951807,83,True,106.71230877595623,2.376562965654513,9.207602390025524,0.18215606432302678,0.27710843373493976,,5720.806148687216,,1,,,0,-3.9165437943213677,-7.047394957123407,13.09727754265873,6,3.726866531206685,1,,0,,0,3.726866531206685,1,,0
s01_A_modal_C037.wav,2.28,137.11241429593886,139.4972047407693,19.44228268662715,109.64476411838362,166.763349483944,7.259584008043614,67.43448143390513,224.10331467894457,75,0.04448762615518003,0.011121906538795008,0.35,139.28470024286435,0.7198633580591424,0.0,0,0,37.12871287128713,,8.68372430438698,1.423181529892677,7.977497118919516,0.8089539856109038,8.46111119147955,4500.0,0.14946413584879636,552.9111114075831,1571.9309103235219,2331.450747038886,13,,0.14852521148921433,0.1064286472448793,0.2731344498205293,0.0945945945945946,0.05405405405405406,74,True,109.64476411838362,1.423181529892677,8.68372430438698,0.1064286472448793,0.0945945945945946,,5964.722404849576,559.5332742033843,2,,,0,-4.697641173818917,-7.704195259122383,9.097208415570407,5,,0,,0,,0,,0,,0
s01_A_modal_C038.wav,3.12,137.0124732371376,133.0558474837605,22.736819984378624,105.02585379405133,171.8796574917298,8.527851519166045,66.66316104622243,230.41253677757203,148,0.09000473283647265,0.01125059160455908,0.35,133.18876556636297,0.9333634248186191,0.0,0,0,54.81481481481482,,7.514895097864986,2.570437735526752,12.62544260448824,1.2379839249890743,8.56011217685241,5250.0,0.16270800392034365,591.8050329113701,1859.8779778415624,2680.606737293975,13,,0.23644873610400574,0.17659709326152834,0.5006480273829574,0.2713178294573643,0.20155038759689922,129,True,105.02585379405133,2.570437735526752,7.514895097864986,0.17659709326152834,0.2713178294573643,,,,0,4120.991614153806,,1,-0.8495709072678014,-4.0989653993542605,7.663626425417505,10,,0,,0,,0,,0,,0
s01_A_modal_C039.wav,1.83,132.44588699878526,131.98638700605179,28.695106049412782,93.33580520974424,172.80871497681977,10.664081298641634,68.6978990113218,221.73893125869762,79,0.0873389155469102,0.010917364443363775,0.35,131.20124334264065,0.7423030233891111,0.0,0,0,49.375,,6.1912560547260345,3.6653544576061092,14.17172790694152,1.228747620250085,7.871484822274283,4750.0,0.19860199439150672,467.2074687722013,1543.315348715454,2533.7928847296153,13,,0.3622772240479351,0.2694327430682322,0.7473718025470585,0.4788732394366197,0.39436619718309857,71,True,93.33580520974424,3.6653544576061092,6.1912560547260345,0.2694327430682322,0.4788732394366197,irregular_f0,5692.3571467276615,,1,,,0,-1.0524007658929277,-3.4156316734680416,9.123861985085718,6,,0,,0,,0,,0,,0
s01_A_modal_C040.wav,2.26,118.27646607541273,126.29355575980175,25.972448327373044,72.17416054931266,146.2042114998958,12.22116650110737,59.95081871053581,209.24697495267296,104,0.05004101802988017,0.012510254507470042,0.8,125.92113704800634,0.9373638067933129,0.019417475728155338,4,2,58.75706214689266,,6.735672505712375,1.7391206256462253,9.132264913135256,0.9179732270517525,8.777404011591319,4500.0,0.1658215863683262,526.6933121875672,1673.5428643385385,2495.193393020481,13,,0.25166190902712915,0.15165442729994308,0.6311887548828861,0.3114754098360656,0.2459016393442623,61,True,72.17416054931266,1.7391206256462253,6.735672505712375,0.15165442729994308,0.3114754098360656,,,,0,,,0,-4.208574573079996,-7.658893291057826,7.359605995354276,6,,0,,0,,0,,0,,0
s01_A_modal_D001.wav,3.12,133.79917723134258,131.1109529897746,18.229768251716106,111.94830755608645,157.0881979825439,5.864904931532546,66.18377697604507,318.16456529705533,100,0.0906566574792441,0.011332082184905513,0.8,130.76068765122298,0.8496983371269041,0.0,2,1,37.3134328358209,,8.263352431802653,3.130916188965601,15.4359076263464,1.3068036650640358,7.977427103829596,4750.0,0.1852688251940786,487.19608092976796,1735.2279833318357,2546.351824148514,13,,0.320215883632252,0.20047435535135427,0.759535754342149,0.3870967741935484,0.3010752688172043,93,True,111.94830755608645,3.130916188965601,8.263352431802653,0.20047435535135427,0.3870967741935484,irregular_f0,,,0,,,0,1.8563890905962177,3.846629754333291,2.1529696140647747,7,,0,,0,,0,,0,,0
s01_A_modal_D002.wav,3.5,134.37767333497902,137.2921666353168,19.131618897086938,105.98815938813057,157.3417336677317,6.839979407693537,66.80097415591634,330.40813844638694,171,0.0898190494347544,0.0112273811793443,0.8,137.25382006838083,0.8925120326378009,0.0,2,1,56.25,,7.130768630206488,2.6372561547056725,12.137103290647383,1.2612183290209489,9.043196149317197,4000.0,0.190658218590157,501.9785939457343,1437.5352379673554,2368.5195876055577,13,,0.19411897496544595,0.14582697076367768,0.38605154069067416,0.1724137931034483,0.13793103448275862,116,True,105.98815938813057,2.6372561547056725,7.130768630206488,0.14582697076367768,0.1724137931034483,,6151.854083843368,,1,4296.397602994689,297.7748434541172,3,-3.86154340805513,-6.857492183962017,5.121032479394171,8,,0,,0,,0,,0,,0
s01_A_modal_D003.wav,3.06,122.43780855338919,118.41056757445807,17.01616625194289,106.02849150671133,151.550698113245,6.184182076279354,80.71143362049482,300.70565608416837,120,0.037169455000712795,0.009292363750178199,0.8,118.50411640647651,0.7635403995842874,0.008403361344537815,0,0,36.809815950920246,,7.7971879599121054,2.0999281238948027,14.957778501808919,1.2992177402261864,7.390685070366256,3750.0,0.20111389952163128,556.6118358241301,1329.768536651277,2227.3370355746997,13,,0.21716050237885687,0.145017768395532,0.496696953138353,0.2976190476190476,0.19047619047619047,84,True,106.02849150671133,2.0999281238948027,7.7971879599121054,0.145017768395532,0.2976190476190476,,6492.514422759122,1301.824645948412,3,,,0,-6.3639206559937485,-9.378433309865263,7.906381276159519,8,,0,,0,,0,,0,,0
s01_A_modal_D004.wav,2.9,143.20985378521752,139.54673404881498,21.378191744381112,117.91357285353013,178.03107030768666,7.132791007356898,92.56031295750378,237.62151456946668,200,0.032411299229048174,0.008102824807262043,0.8,139.34867022906357,0.9222508949884252,0.0,0,0,56.49717514124294,,9.213504316981856,2.291874657689959,14.01128540673027,1.2720463420697659,8.614479420990921,4500.0,0.16609740179316632,542.5657820964325,1623.5308838557112,2511.8868978374885,13,,0.20556784471774947,0.14918949681718946,0.43723415948533695,0.24705882352941178,0.1411764705882353,85,True,117.91357285353013,2.291874657689959,9.213504316981856,0.14918949681718946,0.24705882352941178,,6324.937420467517,,1,,,0,-2.6721753871208938,-5.092575703532197,8.293940796013782,9,,0,,0,,0,,0,,0
s01_A_modal_D005.wav,3.44,127.18377510963293,125.37702657421434,17.575509958917078,104.86456961492252,153.14015209473956,6.555903306626212,87.82191986690043,205.7719971905257,204,0.034160036634893504,0.008540009158723376,0.35,125.49892664857676,0.936728908167262,0.0,2,1,51.12781954887218,,8.164813274410982,1.9557014330379314,13.063457564818767,1.1680639125936065,8.778157190727867,4500.0,0.16702529994386814,578.4879799114758,1673.4779712606464,2501.0510564612705,13,,0.21295936515886066,0.1627738829719142,0.471690241139842,0.2642857142857143,0.17142857142857143,140,True,104.86456961492252,1.9557014330379314,8.164813274410982,0.1627738829719142,0.2642857142857143,,6247.063103177403,515.6322212345366,3,,,0,-1.0228319078204953,-3.3697295680520973,10.755208498013197,10,,0,,0,,0,,0,,0
s01_A_modal_D006.wav,3.28,133.3978957601044,125.63750108072435,20.014979090909996,114.87021448278274,164.7819181852362,6.246638182912124,89.12827976945897,224.20784329342214,201,0.03365935040774781,0.008414837601936953,0.8,125.61902884262025,0.8844190660912599,0.005,5,3,52.07253886010363,,8.678448809935189,1.7847562796238332,11.570901598747223,1.0617068153921363,8.950017147950648,5000.0,0.1621339535849056,598.1764232450494,1441.3739456549615,2564.2913358593855,13,,0.22352040282227878,0.1551475687098357,0.46357648255360506,0.26732673267326734,0.18811881188118812,101,True,114.87021448278274,1.7847562796238332,8.678448809935189,0.1551475687098357,0.26732673267326734,,6669.9344894087235,,1,,,0,-1.5946471059337117,-3.910650821441175,11.4973419172489,9,,0,,0,,0,,0,,0
s01_A_modal_D007.wav,3.52,124.84894042028627,119.31926948516328,15.871833628771315,107.80518973453326,147.8871592161692,5.472841922157074,83.30967385832514,306.87762754225884,151,0.03601022379587926,0.009002555948969815,0.35,118.36369533773347,0.9145957695503141,0.0,0,0,38.91752577319588,,7.694821220432066,2.3053887178970323,11.332739515599858,1.0431606807067555,8.408774432831732,5000.0,0.1889865594739006,534.6190023882587,1746.95897612215,2551.783877299993,13,,0.22426508842578666,0.1396802022814441,0.5136136627543809,0.24770642201834864,0.2018348623853211,109,True,107.80518973453326,2.3053887178970323,7.694821220432066,0.1396802022814441,0.24770642201834864,,6603.674938560569,502.6447242460444,2,3723.724668181882,,1,-3.861584143196192,-7.782050823971651,4.472273854761429,10,,0,,0,,0,,0,,0
s01_A_modal_D008.wav,3.6,129.44798859260226,124.46491092473019,25.82703590829853,99.9302372101605,168.70251414220255,9.065859474518449,79.20013303610841,225.9851462603637,157,0.07575744850408923,0.009469681063011154,0.35,124.17678679133023,0.7780324666165273,0.00641025641025641,0,0,42.0911528150134,,8.42796391351787,1.7957460039474367,11.869970925321871,1.10454093844044,8.06614832065664,6500.0,0.21328468704066647,817.7728866554589,2429.47840082455,3650.627643501319,13,ceiling_at_search_edge,0.2582357412221306,0.1889405550382245,0.6202630701720357,0.3492063492063492,0.23809523809523808,126,True,99.9302372101605,1.7957460039474367,8.42796391351787,0.1889405550382245,0.3492063492063492,,6791.787624067319,,1,,,0,-1.8224198018582185,-2.8225186532346838,3.8357576451803057,11,,0,,0,,0,,0,,0
s01_A_modal_D009.wav,3.08,122.20788163446448,116.97891194661429,22.379667480002475,98.45646145264652,149.15345773767908,7.1908755406313745,59.979800075304766,205.81981029690385,113,0.050016838939667914,0.012504209734916978,0.35,118.67627262091685,0.7549835604372838,0.0,0,0,46.50205761316872,,6.158475592659099,2.194599325118359,15.819848232673555,1.3349656774541474,7.757283537094016,4250.0,0.18224258438252672,533.0623204638046,1445.8163611941181,2382.0368729629618,13,,0.2723331094285084,0.22812342507595906,0.5475168735244123,0.40540540540540543,0.2882882882882883,111,True,98.45646145264652,2.194599325118359,6.158475592659099,0.22812342507595906,0.40540540540540543,,7029.84024088459,1072.0079112508338,3,,,0,-1.0014912890798229,-2.0497163901615663,5.904671382700728,7,,0,,0,,0,,0,,0
s01_A_modal_D010.wav,3.48,114.42003075866228,113.6020715102081,20.919458150504774,90.00890276771659,150.8687541477515,8.941853224329261,73.67684272265907,183.97785439818864,114,0.08143671441765948,0.010179589302207435,0.35,116.31844427122824,0.7029663269664614,0.0,2,1,34.131736526946106,,5.818490128028232,3.0264230398683716,15.140611340060486,1.3369526107983607,6.9821650406739995,5000.0,0.2089472892744758,604.9678845129615,1749.0984584428902,2587.37893940897,13,,0.2619056596088299,0.2088095405418991,0.5008933904593795,0.3142857142857143,0.18571428571428572,70,True,90.00890276771659,3.0264230398683716,5.818490128028232,0.2088095405418991,0.3142857142857143,irregular_f0,7695.734378260386,2196.3218138913094,2,,,0,-6.046077288815157,-8.212199415348056,7.088134609151897,6,24.31483912163479,1,24.31483912163479,1,,0,,0,,0
s01_A_modal_D011.wav,3.24,131.76180464756595,124.39940217982168,20.317900925624524,111.3940002713799,167.88096095935146,7.101205149895269,88.31628920828079,213.0699348737945,173,0.06793763702922227,0.008492204628652784,0.35,124.54522463814195,0.9100638160012836,0.0,0,0,46.25668449197861,,7.417521403724385,2.7649921417676966,12.806211199791717,1.2167262744992877,7.795961048629821,3750.0,0.19489944804100534,458.8521349282063,1551.6127411676212,2203.670071933317,13,,0.24340099016709524,0.13726139139198013,0.6874022821932304,0.22549019607843138,0.20588235294117646,102,True,111.3940002713799,2.7649921417676966,7.417521403724385,0.13726139139198013,0.22549019607843138,,5781.624543259516,944.3193502606924,2,4178.499166517286,,1,-4.243070243632977,-7.932504312675626,7.397159344035217,8,,0,,0,,0,,0,,0
s01_A_modal_D012.wav,3.16,131.6704034331991,126.17269576717048,20.0624112275745,113.85020429901458,171.76233330021515,7.119321772344332,87.13764842143607,210.56961763889063,139,0.06885657472624641,0.008607071840780802,0.35,125.76600869493119,0.993177993870498,0.0,0,0,38.611111111111114,,8.13637899950563,2.0184726391947327,13.108928836790207,1.261827125718475,7.83841550157294,4500.0,0.1659729785917388,531.2719142330106,1433.3595919657469,2513.267360964902,13,,0.2565364569812847,0.21869947678839252,0.4598521748224235,0.3037974683544304,0.20253164556962025,79,True,113.85020429901458,2.0184726391947327,8.13637899950563,0.21869947678839252,0.3037974683544304,,5682.259753956234,3.7261616490576577,2,,,0,-3.2466289639833743,-4.617442273049079,13.452010923835795,5,,0,,0,,0,,0,,0
s01_A_modal_D013.wav,2.86,145.71838617640535,145.45728325943162,25.731854454121166,114.09718150879044,186.02141731603382,8.462466957028655,68.46316249090664,244.22394948441345,137,0.08763837050029535,0.01095479631253692,0.35,145.68006454729533,0.6449636031541917,0.0,0,0,53.93700787401575,,10.720416856883354,1.7796378696536126,11.786576170571085,1.0904308916724537,9.156036115473896,4250.0,0.1887616883454417,484.1518978215878,1502.375420780744,2465.0532742012783,13,,0.2100055507572046,0.13761889636682528,0.41218188880261436,0.18604651162790697,0.1511627906976744,86,True,114.09718150879044,1.7796378696536126,10.720416856883354,0.13761889636682528,0.18604651162790697,,7048.675147569118,,1,,,0,-3.2775224055630776,-7.324946891777131,8.514142252126934,5,,0,,0,,0,,0,,0
s01_A_modal_D014.wav,2.56,120.86697091085718,119.8464027671082,15.627650698404793,102.13521503420645,144.17170553348723,5.967692151600388,81.13381757952706,196.58760031174074,172,0.07395190044051388,0.009243987555064235,0.8,119.75402476023974,0.9390942131031391,0.0,2,1,63.940520446096656,,8.090734999269689,2.7363736612528657,13.315849591292686,1.2598776810751469,9.039176816362625,4250.0,0.18460180062994738,434.91792573355053,1417.7197377707203,2173.2708340603376,13,,0.29390842926871147,0.23587964609898696,0.6142712086145656,0.44554455445544555,0.3069306930693069,101,True,102.13521503420645,2.7363736612528657,8.090734999269689,0.23587964609898696,0.44554455445544555,,,,0,,,0,-5.416910465299655,-9.218670669217897,8.521148361473628,8,,0,,0,,0,,0,,0
s01_A_modal_D015.wav,2.8,132.34767293198234,129.5498340949535,22.456822776884906,106.7187164192935,175.70448805901074,8.632053881550043,63.98405489055016,315.7664236751393,102,0.09377336291461176,0.01172167036432647,0.8,129.61587014041174,0.9187150081784048,0.0,0,0,44.15584415584416,,7.018773027780959,2.032735618242379,14.53100522883092,1.2293130097856995,8.806876399903851,4000.0,0.18511411687908685,495.3128463480453,1446.9488174871026,2303.997639938849,13,,0.23712674731542724,0.16066029400499168,0.4798493672981278,0.2692307692307692,0.19230769230769232,104,True,106.7187164192935,2.032735618242379,7.018773027780959,0.16066029400499168,0.2692307692307692,,6803.788005102041,1090.929832774149,2,4666.058990055079,,1,-6.477489792991146,-7.5678163151917035,-2.1607869871815764,7,15.255209956566373,2,,0,,0,15.255209956566373,2,,0
s01_A_modal_D016.wav,3.88,135.539543583308,135.3634109337491,20.409178274854394,105.2831675143859,164.06451444781112,7.679861189550192,90.07849138107085,332.3319008690834,225,0.06660857556569652,0.008326071945712065,0.35,136.98225440350703,0.9048641189967608,0.0,0,0,49.01960784313726,,7.685197627056251,3.2473971892475975,14.631442723646163,1.2869643009485197,8.615018167127644,4500.0,0.1834996633626631,528.3482462285751,1636.0761141975613,2452.1996115395705,13,,0.28159962097622915,0.22079516870546295,0.5938965128499859,0.35507246376811596,0.2971014492753623,138,True,105.2831675143859,3.2473971892475975,7.685197627056251,0.22079516870546295,0.35507246376811596,irregular_f0,,,0,,,0,-3.716492953838608,-7.574826274604946,5.592686731313908,9,,0,,0,,0,,0,,0
s01_A_modal_D017.wav,3.54,133.00387108045848,135.58580356369393,22.075343515088793,100.31950412504834,159.68081349865687,8.047066242816829,69.31753174538412,223.353170361905,137,0.04327909440023838,0.010819773600059595,0.35,134.63105909153785,0.8634308195837416,0.007352941176470588,0,0,42.28395061728395,,6.562517561249358,2.504871043734776,12.95942863592855,1.3087406661414973,8.095687287065639,3750.0,0.19840694222766886,483.7701956225066,1320.7210252189875,2117.842267372401,13,,0.23409936619357274,0.1829661904141265,0.4966375474510226,0.28431372549019607,0.22549019607843138,102,True,100.31950412504834,2.504871043734776,6.562517561249358,0.1829661904141265,0.28431372549019607,,6190.597076198248,167.65904727759124,2,,,0,-2.466706009412767,-4.659622903263138,7.7812796385183045,12,2.1376189261702225,3,2.9284473996878946,2,,0,0.555961979134878,1,,0
s01_A_modal_D018.wav,3.46,128.858729222229,124.44875181579792,15.008265006896528,115.2000700753929,144.49494791883234,3.9225294870946232,89.7339138518554,203.4875449836897,170,0.06686435197628393,0.008358043997035491,0.35,124.22376255808835,0.9068390229949279,0.0,0,0,41.87192118226601,,8.23355895600862,1.8531742922081949,15.35566255295024,1.421209287053773,7.969722209009806,3750.0,0.19544581860874521,567.2821523852513,1367.9603982675108,2280.4140205735243,13,,0.20090940793304363,0.18456321825237035,0.3311782311713805,0.22857142857142856,0.08571428571428572,105,True,115.2000700753929,1.8531742922081949,8.23355895600862,0.18456321825237035,0.22857142857142856,,,,0,,,0,-0.06699369167791361,-2.8839702855509985,10.462865377377899,9,73.30176806532866,3,,0,,0,73.30176806532866,3,,0
s01_A_modal_D019.wav,3.12,124.53753490594283,120.60719591405558,20.542839601074107,99.20400770787283,154.02109502194585,7.615891786506529,59.95706018389363,210.30378497823563,90,0.10007161761429707,0.012508952201787134,0.35,122.0218251214444,0.8044900157413489,0.0,0,0,37.1900826446281,,5.5977588636110855,2.378917497031456,12.373035756199048,1.1987746066335,7.08438446872291,4250.0,0.1747269084114628,557.1627851982672,1401.2297620983759,2371.5880830622973,13,,0.2627612493653101,0.15925259181689067,0.6394223063871299,0.3137254901960784,0.27450980392156865,51,True,99.20400770787283,2.378917497031456,5.5977588636110855,0.15925259181689067,0.3137254901960784,,6473.725267885322,,1,,,0,-2.7777809788864594,-6.532011613618472,8.462291602475897,5,3.2968601086484917,1,,0,,0,3.2968601086484917,1,,0
s01_A_modal_D020.wav,4.27,114.78121257043595,117.07980100010616,16.44850541214299,96.56512802068414,129.85511486301235,5.127943739299553,59.386362749097145,186.07939659392028,152,0.050516648286320735,0.012629162071580184,0.35,117.07918344236012,0.854722590036702,0.006622516556291391,0,0,45.37313432835821,,7.741652360320262,2.0550683965673597,12.975363868895021,1.2454874588623557,8.530104355034645,3750.0,0.2449498244649512,489.23184208901466,1388.345422355112,2277.9277682054903,13,,0.20151509004959334,0.14180834459872887,0.4638086601518792,0.2129032258064516,0.15483870967741936,155,True,96.56512802068414,2.0550683965673597,7.741652360320262,0.14180834459872887,0.2129032258064516,,6096.504866552616,,1,,,0,-3.767982838848358,-5.641739626675214,1.2668770474918627,12,21.773255317191875,1,,0,,0,21.773255317191875,1,,0
s01_A_modal_D021.wav,3.7,117.36709228487355,118.48727123326348,14.671567775276538,96.44107900959335,131.34805068010024,5.3481011083002326,81.4724433530869,188.16248422755166,153,0.036822266235450186,0.009205566558862547,0.8,118.67305299228184,0.945964632881635,0.0,0,0,38.44221105527638,,6.259620488583399,2.2312035232725274,16.585798498092146,1.5027513533183126,7.54655541417797,4750.0,0.19272414415122432,609.6577381006284,1652.3946491925437,2519.126962385418,13,,0.30893097626332694,0.2581325229004355,0.6676249826079421,0.47107438016528924,0.3305785123966942,121,True,96.44107900959335,2.2312035232725274,6.259620488583399,0.2581325229004355,0.47107438016528924,,6105.601294312615,19.87969517964236,2,,,0,-4.927277945343339,-7.3358034385038735,4.541147866717643,9,74.56567284887595,1,74.56567284887595,1,,0,,0,,0
s01_A_modal_D022.wav,3.68,130.87918876012156,123.96195138177751,27.851190513905475,98.22106747710546,173.44577411524196,9.844563404436407,81.8479747258395,219.52250310906317,159,0.03665331989030752,0.00916332997257688,0.35,123.6451347484465,0.7308802128436942,0.006329113924050633,0,0,39.949748743718594,,8.092314664453063,2.761331623511737,12.192115705704015,1.146993134523172,7.817752092917004,5000.0,0.1801957317139247,543.020233299289,1757.5813375311022,2570.298025752608,13,,0.31455388078218316,0.19936618030115774,0.7540967913889501,0.36065573770491804,0.29508196721311475,122,True,98.22106747710546,2.761331623511737,8.092314664453063,0.19936618030115774,0.36065573770491804,,5954.842476279293,350.89087484589913,4,,,0,-2.7156568110363457,-5.303452359736535,4.182127019988384,9,,0,,0,,0,,0,,0
s01_A_modal_D023.wav,3.31,130.2715065411774,129.07701348602487,26.99022583783608,98.3387623077409,172.68402454846856,9.747630227103379,79.14852062143666,220.50738269117198,147,0.037903424807506476,0.009475856201876619,0.35,128.1596717103596,0.5984667489543014,0.0,0,0,42.48554913294798,,7.2688553630091315,2.5163784646855927,12.077794973037376,1.258696078988669,8.362944308649057,4000.0,0.16837861524845274,592.2023633598728,1306.7888604213558,2370.28473594341,13,,0.30437725547851524,0.2516859928259617,0.6228086622157144,0.4090909090909091,0.3181818181818182,88,True,98.3387623077409,2.5163784646855927,7.2688553630091315,0.2516859928259617,0.4090909090909091,,7594.210111545158,,1,4472.7758130245675,,1,-2.2899048076831257,-3.530266317296295,0.44885114463216347,8,,0,,0,,0,,0,,0
s01_A_modal_D024.wav,2.88,121.49678421337802,116.26548014091016,19.00730894967537,104.89755802302632,147.187248161171,5.864059120458194,61.33197147386794,200.17849082410333,129,0.09782825915772908,0.012228532394716135,0.35,115.63967080207945,0.9540895091199811,0.0078125,0,0,56.578947368421055,,6.633845015375781,1.8496743566351541,11.714942676064233,1.0979175826492327,9.527833268173238,4750.0,0.1863245573665643,578.7769403045623,1798.1978442123682,2581.818533367491,13,,0.22387559463667553,0.17584738092936703,0.41530896921375254,0.19424460431654678,0.12949640287769784,139,True,104.89755802302632,1.8496743566351541,6.633845015375781,0.17584738092936703,0.19424460431654678,,6020.594011274245,96.14543609978516,2,,,0,-3.229298357113175,-4.3519587940771185,3.25956093956531,9,,0,,0,,0,,0,,0
s01_A_modal_D025.wav,3.08,132.21386597741022,132.24800271711743,23.0573024805555,104.00517818916855,159.15157147832852,7.364952523062664,67.51298032843764,218.6373364966354,135,0.04443589936935947,0.011108974842339867,0.35,131.97114692353142,0.8428614585348537,0.007462686567164179,0,0,49.27007299270073,,7.8993534637011305,1.9081802289062824,10.867094154513655,1.093863668246229,8.869141372272109,5000.0,0.20132098788045727,634.3245192685586,1631.061815903393,2593.165567751836,13,,0.25005358248727994,0.1785571038095243,0.5413128623013559,0.3392857142857143,0.25,112,True,104.00517818916855,1.9081802289062824,7.8993534637011305,0.1785571038095243,0.3392857142857143,,6530.464839351089,392.8986918506788,2,4973.3244398329925,,1,-4.667444162975384,-6.506316221042158,11.633149236759179,8,,0,,0,,0,,0,,0
s01_A_modal_D026.wav,3.48,134.7156878280288,136.46584051307204,14.50322248652354,118.98613688750643,153.0761565094261,4.361473060863641,68.92476102154149,222.18621522381596,121,0.08705144437315905,0.010881430546644881,0.35,136.4263027026038,0.7664532066497637,0.0,0,0,38.782051282051285,,7.993659372879793,1.8567986936818481,11.917195308055627,1.0715960164787186,7.9720705588232565,4750.0,0.21963152141378536,592.7963748535724,1601.8931608425505,2537.918752171523,13,,0.21633995093628874,0.14001237937609493,0.4806650188980159,0.28688524590163933,0.22131147540983606,122,True,118.98613688750643,1.8567986936818481,7.993659372879793,0.14001237937609493,0.28688524590163933,,5649.899804549958,97.09371847475593,3,,,0,-3.3085451645254644,-9.206187919941849,10.369672886669674,8,3.463462260159478,1,,0,,0,3.463462260159478,1,,0
s01_A_modal_D027.wav,3.015,132.19590652923853,126.20441722747475,21.798921095648357,108.31893427329554,172.469729306913,8.052692670391295,62.8384468587618,213.22482988907473,125,0.09548294555220053,0.011935368194025067,0.35,126.3777973754244,0.875630730511109,0.0,2,1,51.02040816326531,,8.351517936803372,2.1802115667339326,12.75665668970651,1.2038569905811574,8.583380328596128,4750.0,0.16895120647665818,505.7885669300076,1781.86197237726,2608.849684067624,13,,0.24075889857386704,0.17149286561482477,0.5104891835895233,0.33884297520661155,0.2231404958677686,121,True,108.31893427329554,2.1802115667339326,8.351517936803372,0.17149286561482477,0.33884297520661155,,6205.077478329437,,1,,,0,-3.4530130460864847,-6.836351557417347,6.271254064789007,9,,0,,0,,0,,0,,0
s01_A_modal_D028.wav,2.715,122.20263902850849,121.38490206338079,17.194440725024556,97.96555216785042,144.5638294909279,6.736322197560078,84.26586485676228,309.42459430694305,110,0.07120320915472696,0.00890040114434087,0.35,121.32917528504453,0.906294846366128,0.009174311926605505,6,3,36.91275167785235,period_doubling_present,6.379784286054882,3.0333629958591657,16.36369318439855,1.4912200460689324,7.197110267702831,3750.0,0.18798927192709916,473.1627237630816,1453.9832804321927,2102.923253059498,13,,0.32758222107216906,0.27005906987834183,0.68688931508652,0.484375,0.40625,64,True,97.96555216785042,3.0333629958591657,6.379784286054882,0.27005906987834183,0.484375,irregular_f0,6039.493845589451,141.01902319010674,2,,,0,-4.73845862187481,-9.005068052316535,5.17982178139236,6,,0,,0,,0,,0,,0
s01_A_modal_D029.wav,2.91,139.60919105793062,132.40631364819495,25.074742701414255,113.83438135680456,180.75496596425683,8.005187081109746,71.63487467788369,235.9802660045915,121,0.08375808608558116,0.010469760760697645,0.8,131.7132939331531,0.9056030679932545,0.0,0,0,44.81481481481482,,7.63388612687719,2.3461493616339553,11.000369903418688,1.0955454439781862,8.542500442198609,4750.0,0.18751206351725147,577.5691708265751,1746.109915890313,2538.8311508236175,13,,0.28687489761091006,0.19172022912900566,0.6829118538349414,0.37142857142857144,0.24285714285714285,70,True,113.83438135680456,2.3461493616339553,7.63388612687719,0.19172022912900566,0.37142857142857144,,6282.942834388018,,1,,,0,-2.2049105924931816,-5.9744380567776805,7.8102813482452005,6,,0,,0,,0,,0,,0
s01_A_modal_D030.wav,3.88,127.70442387723567,124.27889842932088,22.128870983305994,101.7825510405362,160.9973509861638,7.938560336380404,82.65884019468083,211.93005371871885,149,0.07258751738916977,0.009073439673646221,0.35,124.32339774762069,0.8687029261549506,0.0,0,0,35.476190476190474,,6.915946611840668,2.424751047264754,12.30466845901018,1.110031720687024,7.225287268142779,4000.0,0.18581928906746825,529.562538775835,1390.4142129697084,2334.5264946740945,13,,0.29745645825106737,0.21004501263119582,0.6818775269506436,0.38144329896907214,0.24742268041237114,97,True,101.7825510405362,2.424751047264754,6.915946611840668,0.21004501263119582,0.38144329896907214,,6614.413371967246,541.6336179869163,2,2741.0124230884044,,1,-3.583946701613972,-5.134380879361598,6.68056258570419,10,3.1606067532026216,1,,0,,0,3.1606067532026216,1,,0
s01_A_modal_D031.wav,3.8,137.99363951186626,132.08869437205763,18.409483210957923,120.87516996951585,168.91150153113824,5.792995790318784,94.50539586402614,217.89747304144248,241,0.06348843835999342,0.007936054794999177,0.35,132.00775637374971,0.9393667195414217,0.004166666666666667,4,2,51.167728237791934,,8.813102805291944,1.9835103475194966,11.996564822054115,1.116212519732765,9.423130952823769,4750.0,0.18817183773514626,607.9228260332858,1622.1099103169786,2539.6721224689736,13,,0.19694569087744748,0.14303146615396795,0.41915811559469146,0.23841059602649006,0.17880794701986755,151,True,120.87516996951585,1.9835103475194966,8.813102805291944,0.14303146615396795,0.23841059602649006,,6283.73329339148,121.06029808725279,2,,,0,0.08903019329226947,-2.126051367596623,16.21545128406547,11,,0,,0,,0,,0,,0
s01_A_modal_D032.wav,3.64,125.22823509758382,124.28408113074612,19.832948171195774,97.67437048416478,157.47605213911592,8.26896591560342,79.47317676373171,202.3257397393202,152,0.07549717079811201,0.009437146349764001,0.35,124.23197070513223,0.8335574983596671,0.0,0,0,40.21164021164021,,7.805625593007764,2.624082932989531,12.826688870719252,1.191914442805135,7.629339517245773,5500.0,0.1823947856509548,559.4272041937897,2200.440729811872,2714.8146278366776,13,,0.2554154264251028,0.1667260381920253,0.6168296140190491,0.29523809523809524,0.23809523809523808,105,True,97.67437048416478,2.624082932989531,7.805625593007764,0.1667260381920253,0.29523809523809524,,7501.923178759981,1466.3560194673212,2,,,0,-1.8900397627955865,-5.370065606719536,8.170718886625764,10,51.877355782879775,1,,0,,0,51.877355782879775,1,,0
s01_A_modal_D033.wav,3.02,138.637286265951,138.1823211290369,22.81806748975414,108.81402027125998,170.23293857389703,7.747749101991186,90.72243172661464,233.34458678187315,181,0.03306789669219051,0.008266974173047628,0.35,137.363649160786,0.6972975983404103,0.0,2,1,50.0,,8.85485580429473,2.539404373802681,13.73182625385064,1.2737867773492384,8.79023580518853,4750.0,0.2128222058228756,561.9706303803343,1699.8875952912672,2587.5598443716253,13,,0.22408715583644395,0.16239649485731003,0.5501250552491713,0.32653061224489793,0.16326530612244897,98,True,108.81402027125998,2.539404373802681,8.85485580429473,0.16239649485731003,0.32653061224489793,,5360.043238288057,175.45270900907042,2,,,0,-2.752018867538154,-6.238457689401583,4.547344566056727,7,82.75631213309408,1,82.75631213309408,1,,0,,0,,0
s01_A_modal_D034.wav,3.52,120.61468484430476,119.08567033772681,19.870041301718686,96.06029542015702,147.4228881054062,7.4153805191216575,75.60936000022215,199.54722149611266,142,0.03967762721429179,0.009919406803572948,0.35,119.09158835582758,0.9526172333029649,0.0,0,0,40.45584045584046,,7.324828459765957,1.7697169583689671,13.015032466854878,1.2019370678375705,7.856288639429012,4500.0,0.2073717878528181,564.7680286882303,1600.957366237477,2419.991918240081,13,,0.2083841923493303,0.16387027912497715,0.3788705904843352,0.18627450980392157,0.12745098039215685,102,True,96.06029542015702,1.7697169583689671,7.324828459765957,0.16387027912497715,0.18627450980392157,,6625.156925449849,903.4813410577315,3,,,0,-4.9857895307694475,-7.6800779433415896,4.925346781887814,9,,0,,0,,0,,0,,0
s01_A_modal_D035.wav,3.6,136.9900860622777,137.21424554358225,16.459130205347197,117.14122624507445,159.99195634314108,5.397005675850424,93.72933150004238,216.91461472234678,236,0.06401411280733701,0.008001764100917127,0.35,137.26472593686685,0.9490213641732539,0.0,0,0,53.39366515837104,,8.250722206614975,2.097130184692962,13.2139367883128,1.2473032859956699,9.416594862671264,5000.0,0.19143289600887703,522.84842100412,1861.7444743097487,2621.001020454246,13,,0.199696026254058,0.14687915931787082,0.40710415559416685,0.21739130434782608,0.14492753623188406,138,True,117.14122624507445,2.097130184692962,8.250722206614975,0.14687915931787082,0.21739130434782608,,6152.001505428289,,1,,,0,-4.260596412835396,-7.752809745741816,6.110227195816202,6,4.689894602444955,1,,0,,0,4.689894602444955,1,,0
s01_A_modal_F001.wav,2.87,134.59793661093167,125.91269115917116,22.496916788214268,111.73646991467754,173.15700023805064,7.583766787066347,88.94734737797661,330.57645906221853,161,0.06745563726035973,0.008431954657544967,0.35,125.77309817266269,0.8971041823188065,0.0,0,0,48.348348348348345,,9.166421240883173,2.317449840449525,11.74263183542717,1.1141722084645447,9.265268742627278,4250.0,0.18681532418179925,466.5481534436031,1377.7469692997342,2452.906113609446,13,,0.2998961808731224,0.21218504252261094,0.6566231113633488,0.4,0.35454545454545455,110,True,111.73646991467754,2.317449840449525,9.166421240883173,0.21218504252261094,0.4,,6450.763980920713,,1,4460.679965604868,,1,-2.2027723066401115,-6.3391651338339825,4.840703003516281,10,,0,,0,,0,,0,,0
s01_A_modal_F002.wav,3.64,136.08246748360583,135.87027308123953,21.63895634195843,103.89660814917926,171.70008020757726,8.69690588488942,72.49529357872974,324.90486830586303,184,0.04138199670495859,0.010345499176239647,0.8,136.85444058285555,0.7581132459096632,0.01092896174863388,6,1,52.87356321839081,,10.646716167418987,2.3273215315183964,13.304586124325068,1.2437355382323845,8.67892679352017,6000.0,0.201722980089311,737.24048466412,2394.5527566564833,3235.150683883364,13,,0.28447081232838445,0.19453634791058896,0.6789827625886928,0.344,0.264,125,True,103.89660814917926,2.3273215315183964,10.646716167418987,0.19453634791058896,0.344,,,,0,,,0,-6.525433871784975,-9.664964193602604,7.236410957470236,10,,0,,0,,0,,0,,0
s01_A_modal_F003.wav,3.66,107.63375035046819,108.57024819746498,16.043561719411205,92.90802561589223,131.9020519620289,6.067102533909136,54.377561792956286,175.93506189724127,158,0.0551698145537044,0.0137924536384261,0.8,108.71471544427632,0.9715597635245128,0.0,0,0,60.30534351145038,,8.834407449217748,2.171162874173315,12.250108576096803,1.1682087000335257,9.155801525104495,5000.0,0.17910744832101608,631.5270837388462,1692.8386402626056,2565.223605873259,13,,0.21339881329020888,0.1687929393020025,0.38192668173156524,0.18269230769230768,0.11538461538461539,104,True,92.90802561589223,2.171162874173315,8.834407449217748,0.1687929393020025,0.18269230769230768,,,,0,,,0,-4.59959472674265,-5.543697983358122,-1.9468034702595922,9,5.089338235294116,1,,0,,0,5.089338235294116,1,,0
s01_A_modal_F004.wav,3.48,124.28559457565053,124.2128669916388,16.07615993727838,101.62144080514747,141.0676894178833,5.678193147107879,83.27903146351409,202.92226765489175,151,0.03602347370375398,0.009005868425938495,0.35,124.5460709972829,0.8491631016871379,0.0,0,0,39.425587467362924,,6.507274012203262,2.0434298332436795,13.793669626114525,1.2677005393841712,7.743079522642162,5250.0,0.18950746732138532,668.2752941690962,2108.4616841873976,2698.1005573657767,13,,0.2925072771983587,0.2376983725591375,0.6450852560351946,0.41346153846153844,0.28846153846153844,104,True,101.62144080514747,2.0434298332436795,6.507274012203262,0.2376983725591375,0.41346153846153844,,7967.2499235719915,,1,,,0,-3.384509564950897,-8.285353127275288,4.1806160872780564,11,,0,,0,,0,,0,,0
s01_A_modal_F005.wav,3.62,135.0549621329614,131.19137404820057,28.143182002394827,100.89164109683227,172.24946160918577,9.260313862926871,68.17657138940113,356.0314603522047,131,0.04400338619061718,0.011000846547654295,0.35,131.3931673220073,0.7550792609195741,0.007692307692307693,0,0,40.1840490797546,period_doubling_present,6.993057164446265,2.5563285062907295,14.809440800691211,1.2757050422720704,7.346024887824207,4500.0,0.21011869679405246,621.8900310388016,1567.1557297606155,2553.554504506774,13,,0.32802631120205517,0.29939960006566446,0.6067348788567175,0.5304347826086957,0.41739130434782606,115,True,100.89164109683227,2.5563285062907295,6.993057164446265,0.29939960006566446,0.5304347826086957,multiply_pulsed,5987.372075942738,,1,,,0,-2.058134050310372,-4.191505176015896,10.963868733538762,12,,0,,0,,0,,0,,0
s01_A_modal_F006.wav,2.58,133.56018754656168,126.01546602597062,17.95384811932207,115.83740526778135,160.72608577480688,5.6700348594767425,89.83988602172955,226.9805060575037,104,0.06678548098946588,0.008348185123683235,0.35,125.02165538109779,0.9012855354830531,0.0,0,0,34.437086092715234,,6.14383497328539,1.799856778721131,14.797805611881524,1.3353343538071172,7.3654876023632525,3750.0,0.18165132132340245,584.6594133603572,1416.9927904002866,2140.560101405229,13,,0.2404570884004961,0.21998421377570734,0.4049095401650649,0.3,0.15,60,True,115.83740526778135,1.799856778721131,6.14383497328539,0.21998421377570734,0.3,,6938.202230939529,1339.212834715098,4,,,0,-2.225117609349056,-3.6262988742980653,7.106354530518673,6,41.75628708112811,1,,0,,0,,0,41.75628708112811,1
s01_A_modal_F007.wav,3.78,127.50899671151524,128.16476002999696,20.38997413811241,103.63333660588964,152.27497444118083,6.6622884090570595,80.2883874605651,213.80785355596493,177,0.03736530393605796,0.00934132598401449,0.35,128.318675903676,0.6915071109212583,0.005681818181818182,0,0,44.13965087281795,,6.735902616293719,2.9056665561843493,10.007586471636113,0.9463893142093995,7.902783036486922,4250.0,0.20271696677697834,521.5036982449378,1580.7630894338172,2370.8646126332187,13,,0.26046276692871084,0.1795141803367839,0.5234899983892184,0.3508771929824561,0.24561403508771928,114,True,103.63333660588964,2.9056665561843493,6.735902616293719,0.1795141803367839,0.3508771929824561,,6502.554429272278,,1,4981.36259942522,,1,-3.6600133625248263,-7.386110368654903,7.1672227810261715,11,,0,,0,,0,,0,,0
s01_A_modal_F008.wav,3.32,134.88308148938148,130.49217246852737,27.13322788892031,107.17555548941613,179.3896656037673,8.917450635559007,85.3106091174642,222.47959881773443,182,0.07033122916445947,0.008791403645557434,0.35,130.58027707353426,0.9638563311364142,0.0,0,0,49.189189189189186,,6.737128851091256,2.449277978544677,13.11734728020418,1.234547764909952,8.623168831446426,4750.0,0.19883567758779117,646.7190700837493,1679.9853779798755,2555.129619406757,13,,0.25999033073124594,0.2147926263336027,0.4757355853158545,0.3082191780821918,0.19863013698630136,146,True,107.17555548941613,2.449277978544677,6.737128851091256,0.2147926263336027,0.3082191780821918,,5894.716472938446,314.3532670734925,4,,,0,-1.7035192371078436,-4.034269347657781,6.588778191057701,10,12.525644301711104,2,,0,,0,12.525644301711104,2,,0
s01_A_modal_F009.wav,3.28,128.72920673454325,127.0039893166583,21.710343897765352,98.43790000416205,162.1142043914858,8.636696626967584,81.63612694207745,210.1914222683622,184,0.07349687233762481,0.009187109042203101,0.35,127.1472527319381,0.8760319768202406,0.00546448087431694,4,2,52.57142857142857,,7.6264934799954895,2.484932420083659,12.942708297867389,1.1874697855180276,8.361562726569264,4250.0,0.20114354319164499,480.9537930732557,1444.1737354912555,2403.1982724679688,13,,0.2878485974864558,0.23183665834998496,0.5443745662218168,0.4413793103448276,0.35172413793103446,145,True,98.43790000416205,2.484932420083659,7.6264934799954895,0.23183665834998496,0.4413793103448276,,,,0,,,0,-1.7174842096220593,-5.12731144916652,7.523201713958692,13,61.10895995928401,1,61.10895995928401,1,,0,,0,,0
s01_A_modal_F010.wav,3.8,123.64042017717688,118.90819520611544,23.369269269128345,98.7070824711461,153.1595020646976,7.60571237545668,76.39058890505022,208.01111342892548,130,0.0392718532871746,0.00981796332179365,0.35,118.04830415407105,0.8449768137661491,0.007751937984496124,1,1,33.854166666666664,,4.7960142807788095,2.863676052858673,12.58189152445538,1.2197151821818588,6.963975969306186,4250.0,0.16049256372179313,533.2572885638604,1477.560865333751,2414.5034699246444,13,,0.3383145607806132,0.27707024879530734,0.6587305217059837,0.4954128440366973,0.3853211009174312,109,True,98.7070824711461,2.863676052858673,4.7960142807788095,0.27707024879530734,0.4954128440366973,,5742.799416061272,,1,,,0,-0.8583404990836243,-2.532071002189193,3.4934396321524313,12,3.0995448807136228,1,,0,,0,3.0995448807136228,1,,0
s01_A_modal_F011.wav,1.95,136.58123885403484,129.42540269564563,22.72494397598273,112.14365310281934,173.7069149948889,7.575686577646463,89.28536653847941,227.99754691643864,149,0.03360013086474912,0.00840003271618728,0.35,128.08983981599013,0.8587697709940092,0.0,0,0,65.06550218340611,,8.708167994191516,2.63027086462842,9.712363201170064,0.9426765356152746,10.281716413830726,4250.0,0.18403548417676094,527.3078936596113,1394.4908786604437,2299.9052512967646,13,,0.2787737027126234,0.17911349983950414,0.631576985627278,0.3709677419354839,0.3387096774193548,124,True,112.14365310281934,2.63027086462842,8.708167994191516,0.17911349983950414,0.3709677419354839,,,,0,,,0,-1.4874815812350306,-4.607843662066347,5.257939313966233,10,,0,,0,,0,,0,,0
s01_A_modal_F012.wav,2.47,121.58371617344169,119.58380356718,18.401835611467895,101.07487405828614,146.60446872701334,6.438056084414772,58.94732641691965,196.1037752619109,85,0.1017857868152239,0.012723223351902988,0.35,115.2959475289333,0.9215126029676856,0.0,0,0,45.45454545454545,,5.24495457805517,2.9886130520448546,14.448538814957942,1.3368346214177198,7.910938438878623,4500.0,0.20707312536218378,470.2039742188478,1598.449155748493,2446.4611685402388,13,,0.270446830640505,0.2192816403321918,0.5223742131480774,0.3559322033898305,0.2711864406779661,59,True,101.07487405828614,2.9886130520448546,5.24495457805517,0.2192816403321918,0.3559322033898305,,7848.002266725899,,1,,,0,-2.1005564126541465,-3.8610845627569184,4.634235296577774,5,,0,,0,,0,,0,,0
s01_A_modal_F013.wav,3.06,134.0702241637146,135.18120457680777,24.33921599986501,103.78441023117357,166.4477005610375,8.177750300309789,80.56005585159897,225.66590694490304,192,0.0744785978184114,0.009309824727301425,0.35,136.74123449542193,0.8647024955748087,0.0,0,0,59.81308411214953,,8.38054694468423,2.27287158836299,14.045360370853505,1.2404909420122152,8.92254682224839,3750.0,0.21872813495212293,444.60805774575067,1432.2094095436794,2345.916210278271,13,,0.23051081496301515,0.15897621079637067,0.45329345400182053,0.2962962962962963,0.2,135,True,103.78441023117357,2.27287158836299,8.38054694468423,0.15897621079637067,0.2962962962962963,,7893.699444194921,,1,,,0,-2.5901432825617996,-5.555172606023714,6.8377212625117165,8,,0,,0,,0,,0,,0
s01_A_modal_F014.wav,2.86,118.4509251406577,117.78894450166658,15.974808207880917,100.69129793939818,145.25139615512185,6.343356292883693,76.6920566794065,283.9766320544886,158,0.03911748008715961,0.009779370021789902,0.8,118.52060128884044,0.7876928910345548,0.0,4,2,54.67128027681661,,8.217181476790186,2.3715472150811556,13.532292454214176,1.2729577417141715,9.037318398592307,4750.0,0.1838338885481394,446.4252924622574,1757.6919153351896,2510.417510495401,13,,0.27546819119720534,0.1727202214220937,0.7488388702228135,0.2971014492753623,0.2318840579710145,138,True,100.69129793939818,2.3715472150811556,8.217181476790186,0.1727202214220937,0.2971014492753623,,,,0,,,0,-3.0211612685987665,-5.734588888106526,1.153765077709195,10,,0,,0,,0,,0,,0
s01_A_modal_F015.wav,3.55,127.13397459143115,125.87934677924812,16.82334527861061,109.100625637565,149.85033121742546,5.4943547742566885,87.02354484133738,211.1788991074277,240,0.0344734290641647,0.008618357266041175,0.8,126.03052840557199,0.9001291391826653,0.0,0,0,58.8235294117647,,9.83431582048833,2.0197317096337666,11.633256455714621,1.1314250319668864,9.655303335762657,4750.0,0.18423542021886188,538.2505274509926,1694.7476311181276,2567.5500367447667,13,,0.15663973232805886,0.11544793206892161,0.28334020132523985,0.10256410256410256,0.057692307692307696,156,True,109.100625637565,2.0197317096337666,9.83431582048833,0.11544793206892161,0.10256410256410256,,5930.245072151953,932.092388473661,2,,,0,-1.6393006271163684,-4.124220823842427,12.537872768497323,11,,0,,0,,0,,0,,0
s01_A_modal_F016.wav,3.56,124.53574408120953,117.85014169723156,23.881884928062174,99.73437834550141,164.87147236447416,8.70214800516952,81.03783623680494,205.064478371938,125,0.03701974459477844,0.00925493614869461,0.35,117.82138131275325,0.8756302573458792,0.008064516129032258,0,0,32.808398950131235,,5.218146521471596,2.7894867660368696,13.320158650182625,1.190723348404691,7.084671128478027,5250.0,0.21404616255838957,696.0379677413042,1836.2706460532243,2618.184189756498,13,,0.2730403937695535,0.19697232742676027,0.6102041777988256,0.3333333333333333,0.2839506172839506,81,True,99.73437834550141,2.7894867660368696,5.218146521471596,0.19697232742676027,0.3333333333333333,,7674.5312580296395,,1,,,0,-5.997569723823432,-10.111860786663193,5.490538259907872,9,5.533405684456927,1,,0,,0,5.533405684456927,1,,0
s01_A_modal_F017.wav,3.53,122.55812389454984,121.73627647187672,19.934762337668513,105.37237844684107,153.4866274155748,6.511394721516517,64.32299811886453,197.0200646197504,153,0.09327923410709817,0.01165990426338727,0.35,121.4444208750526,0.8467635607535413,0.046052631578947366,0,0,51.86440677966102,,7.115488272123723,2.9730058468426095,14.8519764662062,1.3546389740520135,8.3290923770614,4000.0,0.180675795886003,514.3328956865503,1375.9083773569296,2395.7871422407393,13,,0.2844831792784812,0.24218658490668798,0.5346809567667834,0.4,0.3076923076923077,65,True,105.37237844684107,2.9730058468426095,7.115488272123723,0.24218658490668798,0.4,,,,0,4058.7997101487213,,1,-5.013589154461183,-7.040307753354853,4.1339079357182005,6,,0,,0,,0,,0,,0
s01_A_modal_F018.wav,3.04,122.62214242558878,119.53035698022367,14.740071289198193,107.07592884369498,141.15491732806842,4.783742349953302,83.42551930325106,199.06818170597245,181,0.03596021966725823,0.008990054916814557,0.8,119.38970718753508,0.9518280475307314,0.0,7,4,54.02985074626866,,8.297910867920903,2.0879071421139668,11.070423261941352,1.0833836214217345,9.154842887563044,4000.0,0.2204772403215389,512.9179642173943,1462.1170519043424,2372.972694537715,13,,0.21369469322675613,0.14529556256158296,0.4753821148891477,0.2459016393442623,0.13934426229508196,122,True,107.07592884369498,2.0879071421139668,8.297910867920903,0.14529556256158296,0.2459016393442623,,6269.177775203109,457.2858312169363,3,,,0,-2.6677443586719014,-5.075503863751248,7.77283928747562,10,43.42876936230411,1,,0,,0,43.42876936230411,1,,0
s01_A_modal_F019.wav,3.23,136.61564049000773,136.65945092043486,28.883133311159845,101.54992268320989,166.5714280592731,8.567421788624005,81.09050513783909,233.81124158165989,172,0.03699569998855657,0.009248924997139142,0.35,136.77669084233872,0.8505054721223523,0.005847953216374269,0,0,49.71098265895954,,8.227613739972801,2.084900581583955,10.954468114933869,1.0096126219381338,9.045490625584671,4750.0,0.18632930634349298,583.49567317023,1627.0963533649947,2516.576222744734,13,,0.21022721342370684,0.1613037931229788,0.4092146784701601,0.2867132867132867,0.16783216783216784,143,True,101.54992268320989,2.084900581583955,8.227613739972801,0.1613037931229788,0.2867132867132867,,6386.984924943482,3.017637914882914,2,,,0,-1.7374285087086052,-4.295466617452745,3.806694360413906,10,18.857993950075482,2,35.01932053131851,1,,0,2.6966673688324505,1,,0
s01_A_modal_F020.wav,2.98,117.91552793493248,111.12199823327458,23.22867440336693,95.84575528364911,156.63951258985156,8.503940820220112,60.029533687204044,206.1992803394801,116,0.04997540070246261,0.012493850175615653,0.35,111.13778036565705,0.9564394859323662,0.0,0,0,49.361702127659576,,7.308015621399639,2.3534472459035483,11.87944893618715,1.1856847324421822,9.038980241317203,5000.0,0.203614972015107,561.5669617736712,1825.027646609183,2597.8780615913,13,,0.30976769646588626,0.2476817649277065,0.6987634849311742,0.45161290322580644,0.3387096774193548,124,True,95.84575528364911,2.3534472459035483,7.308015621399639,0.2476817649277065,0.45161290322580644,,7144.367657766009,,1,,,0,-5.579482078340323,-7.260077889059296,1.130243404146162,8,,0,,0,,0,,0,,0
s01_A_modal_F021.wav,3.08,130.0505488352242,135.96536519462856,30.596680774758994,95.47166897584077,172.53339066265843,10.244772132543766,60.160913572807914,220.44442369318176,119,0.049866264021561794,0.012466566005390449,0.35,133.60993295134273,0.8305899560496429,0.01694915254237288,2,1,48.77049180327869,period_doubling_present,6.552558970064766,3.20404584842362,14.007926811996635,1.3369863852639479,8.357144461317887,3750.0,0.17709152473188428,501.462689071605,1474.6671806819613,2206.426273418574,13,,0.34157457394822566,0.27038528432996145,0.667484500981822,0.47619047619047616,0.4095238095238095,105,True,95.47166897584077,3.20404584842362,6.552558970064766,0.27038528432996145,0.47619047619047616,irregular_f0,5897.556097411204,,1,,,0,-3.958302892497668,-5.1914021890320186,6.046535255656079,7,10.919596610119875,1,10.919596610119875,1,,0,,0,,0
s01_A_modal_F022.wav,4.1,121.149324446889,118.17155450400227,17.75942486133383,99.31399451768978,144.5711723992964,6.5005317178195146,60.60718149667835,199.2634956430215,121,0.0989981690590386,0.012374771132379826,0.35,118.38599698076709,0.8471247206236399,0.0,0,0,37.34567901234568,,6.387631534087948,2.7554632582930867,13.810572353057665,1.1847304191736863,7.02386417407389,5250.0,0.1269319483614599,729.8588938430461,2039.291587366687,2834.7622229642766,13,,0.23919919297937137,0.21200128918616862,0.4133178116989177,0.3524590163934426,0.18032786885245902,122,True,99.31399451768978,2.7554632582930867,6.387631534087948,0.21200128918616862,0.3524590163934426,,7924.862353190725,,1,4510.871990736916,,1,-3.1664904190114775,-5.596997860849183,9.671138273087939,14,40.58626330606585,2,,0,,0,40.58626330606585,2,,0
s01_A_modal_F023.wav,3.24,127.24627893631815,129.6189057395577,23.759740558038384,92.87032034930198,159.07330982158197,9.316827315663994,56.99150023672577,208.00088244657672,107,0.05263942846808543,0.013159857117021357,0.8,129.18729566215498,0.8415674916904199,0.0,0,0,44.03292181069959,,6.03082233446815,2.496105739758097,12.707547781432552,1.215658350541879,7.974796050007654,3750.0,0.19514632719636163,466.0457021918986,1316.920980305766,2145.752938977005,13,,0.2832795422715274,0.22257540816345797,0.589031933498315,0.40404040404040403,0.31313131313131315,99,True,92.87032034930198,2.496105739758097,6.03082233446815,0.22257540816345797,0.40404040404040403,,,,0,,,0,-1.5690646613496604,-4.693365694170335,7.09489374138347,11,20.398057974177597,1,,0,,0,20.398057974177597,1,,0
s01_A_modal_F024.wav,3.74,132.5866148758058,129.229383693686,19.09400937750278,113.3228672293459,159.10494437400223,5.874475923542875,67.8616018886325,210.06408225218112,131,0.08841524268534928,0.01105190533566866,0.8,129.12716462848462,0.8578767417013058,0.0,0,0,39.57703927492447,,7.3666123219579,2.5611685380232103,13.987732089870239,1.3414789522920223,7.6528666113886805,3750.0,0.20460910203699476,555.9560648286525,1332.7035960414019,2252.5917920121474,13,,0.2978501267658997,0.21783756990828784,0.6841394559378358,0.3695652173913043,0.2971014492753623,138,True,113.3228672293459,2.5611685380232103,7.3666123219579,0.21783756990828784,0.3695652173913043,,6978.763027323565,1523.7603596977262,2,3204.7782109839713,,1,0.7558531439411129,-1.1486420912942954,14.057345624125524,12,,0,,0,,0,,0,,0
s01_A_modal_F025.wav,3.17,130.39012730177424,128.39080759643213,17.22669296705283,109.02827505483857,151.74503674637285,5.7233640266132735,66.68151333056105,216.6407426338497,129,0.0899799614663232,0.0112474951832904,0.35,130.43247720636958,0.8653282170277449,0.0,2,1,47.08029197080292,,6.616659523744805,2.554821772769813,15.073496900507966,1.5211170636163298,8.646938498258633,5000.0,0.2056240687423708,566.8799951687986,1762.7119021599478,2623.7833976885913,13,,0.2919672416947088,0.2423236757406761,0.4957673347159113,0.4296875,0.3515625,128,True,109.02827505483857,2.554821772769813,6.616659523744805,0.2423236757406761,0.4296875,,5965.887954680946,274.164783324538,2,,,0,-3.8131863050325503,-6.178240334152985,3.8396036733232446,10,3.5946172323493286,1,3.5946172323493286,1,,0,,0,,0
s01_B_natural_C001.wav,2.18,124.40859777632627,116.37978834769808,28.080480215674918,93.1852008524547,162.45881689995358,9.622815427901646,75.87287694040195,346.80926407854656,75,0.07907964271228297,0.009884955339035372,0.35,108.82512792752541,0.7730805646506363,0.02702702702702703,2,0,35.2112676056338,period_doubling_present,4.698158983721556,3.3940457829534263,13.869825728620588,1.3341041429850955,6.940015163026074,4000.0,0.14016846250694634,530.1326099103733,1287.3026980643867,2113.521545357002,13,,0.34825175234206185,0.2648208695731096,0.6947717871544529,0.44680851063829785,0.40425531914893614,47,True,93.1852008524547,3.3940457829534263,4.698158983721556,0.2648208695731096,0.44680851063829785,irregular_f0,5291.754640324107,3987.3865240206787,2,,,0,-5.058571613389826,-12.175832869022749,2.415584257089222,6,17.167705830362756,1,,0,,0,17.167705830362756,1,,0
s01_B_natural_C002.wav,2.36,108.04162020740395,103.74273580279295,18.321102119318358,92.41392142967645,145.8462078756849,7.8991892599475175,52.79618875294153,170.9115956695715,64,0.11364456680910913,0.014205570851138641,0.35,103.71347035288056,0.7584639252229677,0.0,0,0,40.25157232704402,,7.454098926681454,2.2481089564537156,13.132768799352256,1.1880422790732859,7.725312764920265,5000.0,0.1490684309066955,587.4445580234121,1802.8596001662436,2603.36016422744,13,,0.22376763817094422,0.15650485636932568,0.48316080865058825,0.27848101265822783,0.21518987341772153,79,True,92.41392142967645,2.2481089564537156,7.454098926681454,0.15650485636932568,0.27848101265822783,,6111.273765542837,383.5078355523639,2,,,0,-3.657887836971559,-4.8400245341793875,6.204570465645418,7,3.2372915758670517,2,3.3688677035277337,1,,0,3.10571544820637,1,,0
s01_B_natural_C003.wav,2.44,133.50289709695738,121.68662321036304,39.0225246279984,99.73011374265575,191.47821218042404,11.292949682411695,61.03825256239011,242.00095991927756,81,0.09829901329280542,0.012287376661600678,0.35,121.68178647615815,0.63402302344471,0.0125,0,0,42.40837696335078,,8.99838587548302,3.5942330801733284,13.817253954163952,1.1638346946769638,7.730793792315403,5250.0,0.12440448439468714,689.383949203669,1897.4273608757373,2684.26844167318,13,,0.2249794525739526,0.16943379886286253,0.391011740600331,0.23376623376623376,0.14285714285714285,77,True,99.73011374265575,3.5942330801733284,8.99838587548302,0.16943379886286253,0.23376623376623376,irregular_f0,8764.202553330559,,1,,,0,,,,5,,0,,0,,0,,0,,0
s01_B_natural_C004.wav,2.22,132.43462938648403,126.87251606474567,17.699758252410007,112.44126893443705,160.63158479928452,6.175007471913879,64.84322100082363,214.33750255725903,78,0.046265437677161264,0.011566359419290316,0.35,126.87997306874678,0.8660903255025223,0.0,0,0,41.48936170212766,,11.001269359040146,1.9259458394802975,11.154023436503286,1.0641050837170927,8.547274560581243,5000.0,0.14278927878502903,626.4998026493049,1823.8690843018003,2653.41581458673,13,,0.19568695112919918,0.14301847611231458,0.4076333406895332,0.20967741935483872,0.12903225806451613,62,True,112.44126893443705,1.9259458394802975,11.001269359040146,0.14301847611231458,0.20967741935483872,,,,0,,,0,1.4731718876103983,-0.6164353483242522,4.44654753317937,4,,0,,0,,0,,0,,0
s01_B_natural_C005.wav,2.79,123.2575668925665,119.92025313443648,26.234620119719832,92.11987052476425,174.32050906210594,11.041896313194858,60.169295862398926,191.30478571658392,116,0.09971863413062687,0.012464829266328359,0.35,118.89871992854388,0.9372756750599953,0.0,0,0,53.7037037037037,period_doubling_present,7.542804075012747,2.6983901900274225,12.095398974959759,1.1763710030089283,8.653857080350843,5250.0,0.1759189444337458,569.4067971397023,1892.0531184386668,2612.529078523864,13,,0.34156171107780037,0.2583898509063774,0.6929922235725225,0.48091603053435117,0.4198473282442748,131,True,92.11987052476425,2.6983901900274225,7.542804075012747,0.2583898509063774,0.48091603053435117,,,,0,,,0,-4.08327807209401,-7.5846268667074375,6.859709976392583,9,,0,,0,,0,,0,,0
s01_B_natural_C006.wav,1.96,142.7027333455037,126.13993981554782,41.90126200678158,92.06847019716284,205.14111269064588,13.870050884604641,79.88281426249432,277.9174250218529,75,0.037555011396343936,0.009388752849085984,0.35,126.44509172930304,0.6003087423010689,0.0,0,0,36.58536585365854,,6.890157602723412,2.2991062404175864,13.873268423423129,1.223525199492196,7.901361849145105,4250.0,0.15406354847623466,498.6343832725271,1397.7263113025488,2269.8709217599862,13,,0.2840215234624321,0.21553616618108037,0.6282768160899209,0.3442622950819672,0.22950819672131148,61,True,92.06847019716284,2.2991062404175864,6.890157602723412,0.21553616618108037,0.3442622950819672,,,,0,,,0,-2.978454744857167,-4.919052908741035,6.741504886892997,7,,0,,0,,0,,0,,0
s01_B_natural_C007.wav,1.29,170.57024337039778,141.7004715535001,92.65038113933817,107.412890657616,297.3464550037657,17.627732805782216,56.35607250573723,317.1026624444368,39,0.10646590035863802,0.013308237544829753,0.35,149.46731028325493,0.662262625961386,0.10526315789473684,10,2,43.82022471910113,jumpy;heavy_repair;period_doubling_present,3.883094414246683,4.408432590329006,17.38718262497561,1.5011055231926218,7.8334799165499875,5250.0,0.11891156589959169,643.2105311099284,1550.5288616430214,2637.360810810543,13,,0.3374751834516928,0.3373806768688684,0.5302681688488381,0.55,0.45,20,True,107.412890657616,4.408432590329006,3.883094414246683,0.3373806768688684,0.55,multiply_pulsed;irregular_f0,,,0,,,0,0.6399548323050226,-0.02134931710352106,-1.6321045480329346,2,,0,,0,,0,,0,,0
s01_B_natural_C008.wav,2.64,122.66087377152188,118.52650160793429,21.35381943287683,99.17008336812351,155.64868198921437,7.803797840093653,81.1053122956209,199.70954473288458,107,0.07397789158533277,0.009247236448166597,0.35,117.85440830713006,0.7924558538622348,0.0,0,0,38.489208633093526,period_doubling_present,6.043532149919676,3.1048009918868336,15.088231353355356,1.4346933834206017,7.364481651415687,3500.0,0.2112444320800623,497.70416068244907,1236.2542578911525,1959.6849952549937,13,ceiling_at_search_edge,0.3760977853653245,0.2814061158903516,0.7956117922822958,0.5135135135135135,0.40540540540540543,74,True,99.17008336812351,3.1048009918868336,6.043532149919676,0.2814061158903516,0.5135135135135135,multiply_pulsed;irregular_f0,5994.8774021459585,,1,4465.410762514041,,1,-2.620392605960648,-3.679374279401268,1.4409429703704706,6,2.9757988721805795,1,,0,,0,2.9757988721805795,1,,0
s01_B_natural_C009.wav,1.88,124.57688819921576,109.83254104020116,26.859804155079285,97.47782467783621,160.6294386979692,8.647084317895036,75.00725251669054,343.91450031897114,58,0.07999226473019906,0.009999033091274883,0.35,102.74858726061977,0.7555062620964513,0.017543859649122806,0,0,32.04419889502763,,9.04464022106335,1.012447641157317,9.996179604768002,0.8597662859206325,7.830890654461449,3750.0,0.19223529808180115,523.0051882244597,1290.0547841346,2031.9748037460208,13,,0.25010900043939666,0.1401218536521579,0.7070644591246519,0.29545454545454547,0.18181818181818182,44,True,97.47782467783621,1.012447641157317,9.04464022106335,0.1401218536521579,0.29545454545454547,,6208.78383459778,,1,,,0,-8.258063984264775,-10.176000672616167,9.736121270628825,4,,0,,0,,0,,0,,0
s01_B_natural_C010.wav,2.07,132.34295488351194,125.28929974100407,29.75937781807333,96.00455590238793,171.7173220835292,10.066329643379714,83.80058733339189,336.424001774609,124,0.07159854352964885,0.008949817941206107,0.8,125.0222131235991,0.9706763980040354,0.016260162601626018,2,0,55.357142857142854,,6.972808310186329,2.3116753772869614,13.734257423316777,1.249670034955121,9.182686626541221,4250.0,0.14225502520185077,446.29027205035413,1317.8095860454691,2174.112788078435,13,,0.27507502099730347,0.2049672097085789,0.5283404968149858,0.3684210526315789,0.2894736842105263,76,True,96.00455590238793,2.3116753772869614,6.972808310186329,0.2049672097085789,0.3684210526315789,,6140.041626390077,,1,,,0,-4.425258323418204,-6.61324389452238,4.196141903598267,4,,0,,0,,0,,0,,0
s01_B_natural_C011.wav,2.53,124.01537485792338,121.17614334268177,26.476969043899583,85.96075727823282,158.58627185417453,10.602213491269252,66.09729934315595,326.39291569103614,89,0.09077526706272712,0.01134690838284089,0.35,121.20535167616616,0.8175923203206655,0.0,0,0,41.395348837209305,,8.278188870155152,2.5450754834080027,13.166707120955564,1.30837192937546,8.019654178751864,3750.0,0.2045878252257204,501.15404597375823,1348.8401150836291,2164.251092010932,13,,0.247981970531982,0.18199470502744525,0.501205868567999,0.33783783783783783,0.21621621621621623,74,True,85.96075727823282,2.5450754834080027,8.278188870155152,0.18199470502744525,0.33783783783783783,,6999.2427541583575,,1,,,0,-3.1117625254868932,-11.028323598392383,5.983420405726686,6,3.6424711629190476,1,,0,,0,3.6424711629190476,1,,0
s01_B_natural_C012.wav,2.71,119.27045053738941,115.76972110845499,18.010428453746258,98.78148273004577,147.31556893732048,6.919168553485964,56.99425763728921,192.70500974359817,59,0.0526368817555615,0.013159220438890375,0.8,119.54732006071127,0.8056048834156564,0.0,0,0,29.207920792079207,,6.023072221418142,2.5256981057090693,13.409454192950095,1.297832224602714,7.213888803997936,5000.0,0.1283223934700723,636.4381355366804,1687.4168460204896,2569.287355825235,13,,0.2127288189721407,0.18042017523049075,0.4156003173138073,0.28,0.18,50,True,98.78148273004577,2.5256981057090693,6.023072221418142,0.18042017523049075,0.28,,6306.218591078841,,1,,,0,-0.8236073913750452,-1.7643738239278761,4.302690900535268,6,,0,,0,,0,,0,,0
s01_B_natural_C013.wav,2.6,134.58756819431227,133.90173885632902,31.561941031216556,94.01614421448983,180.02930068256313,11.247015749847646,54.14777642371567,237.23630612515487,66,0.11080787423381834,0.013850984279227293,0.35,134.54870945310876,0.5404070690841618,0.0,0,0,36.666666666666664,,6.126700257607923,2.2048101317381197,12.99302843160225,1.2415682220575046,7.033428076971859,3750.0,0.17679283861728054,562.3583398226385,1390.6487371389094,2118.4432302299438,13,,0.16657287335232515,0.15300941955486236,0.3010463814347992,0.13559322033898305,0.05084745762711865,59,True,94.01614421448983,2.2048101317381197,6.126700257607923,0.15300941955486236,0.13559322033898305,,6828.293461587708,,1,5193.348644812365,,1,-1.2971092429441526,-2.6380580613802707,11.121517573366532,5,,0,,0,,0,,0,,0
s01_B_natural_C014.wav,3.72,127.68544018323016,127.37663958543405,19.06029979669628,102.3456754673357,155.23827598091876,7.212410070399413,82.84180758762217,216.62443827628724,209,0.07242719799002179,0.009053399748752723,0.35,127.31436145739029,0.7644526318204242,0.004807692307692308,4,2,51.86104218362283,,9.297310416410319,2.4238932827588613,11.3266911066481,1.0847569624005917,8.90087075470947,4000.0,0.16947380303393667,460.55258817962795,1591.8932376403109,2204.9771777019605,13,,0.2097472700570532,0.13463724442692823,0.4546834011928412,0.19727891156462585,0.1292517006802721,147,True,102.3456754673357,2.4238932827588613,9.297310416410319,0.13463724442692823,0.19727891156462585,,5884.562833093804,2029.3834819391918,3,,,0,-5.602464386547536,-11.131057985453236,2.1302918255267236,11,13.610686097091076,3,3.4718359144642053,1,,0,27.85453650795322,1,9.505685868855807,1
s01_B_natural_C015.wav,1.82,145.7980965901319,138.43768797607498,23.327868625663864,114.35316257852446,176.8022738986982,7.5436867667055925,70.5959601486838,262.1416096988112,38,0.04249534950274251,0.010623837375685627,0.35,138.45802304504048,0.4208772612940108,0.0,0,0,22.61904761904762,anchor_unreliable,5.385795735415239,3.068427255115043,16.617695919780893,1.6538449250213216,6.415337925581593,5000.0,0.15575171196674642,678.805972003151,1830.3216915493638,2626.7002617180583,13,,0.17686594096837738,0.16437550435506343,0.28270863319047995,0.1111111111111111,0.037037037037037035,27,True,114.35316257852446,3.068427255115043,5.385795735415239,0.16437550435506343,0.1111111111111111,irregular_f0,6978.495611536502,1642.3140831006763,3,,,0,-5.121313492614949,-7.978247897240642,5.702153789092371,5,,0,,0,,0,,0,,0
s01_B_natural_C016.wav,2.28,130.8443806587745,130.45439254478512,29.81303753665986,97.0813567860191,172.37999643775194,9.93991430861375,55.05552017617697,228.6928861532968,41,0.10898089747949118,0.013622612184936397,0.35,130.47645468971473,0.6290308296427705,0.025,0,0,25.625,,6.069331601004235,3.2048423187218527,13.718922753003108,1.3533129468448932,6.26101393915306,5250.0,0.12983232264488398,777.8761634016274,2045.5134326939342,2725.3705307418504,13,,0.2923482357324434,0.22560206381923856,0.674813729535076,0.3157894736842105,0.2631578947368421,38,True,97.0813567860191,3.2048423187218527,6.069331601004235,0.22560206381923856,0.3157894736842105,irregular_f0,6770.486136387234,839.133702772086,3,,,0,,,,5,4.960916262802595,1,4.960916262802595,1,,0,,0,,0
s01_B_natural_C017.wav,1.94,126.12469707826622,115.75066890724662,27.971031391888005,96.59522092335662,176.51538992174872,10.437243067902251,60.23979409916208,216.1146849913843,64,0.09960193406576498,0.012450241758220622,0.35,115.73140267307987,0.9451637064576902,0.0,0,0,43.24324324324324,,6.71791780893392,2.4684877608208424,13.131297364680936,1.2743302084177994,7.761078440727809,3500.0,0.16244452016689157,500.14182366937115,1214.408702541789,1837.0636225446106,13,ceiling_at_search_edge,0.24485704786451265,0.16564819220101862,0.537741062343466,0.26153846153846155,0.24615384615384617,65,True,96.59522092335662,2.4684877608208424,6.71791780893392,0.16564819220101862,0.26153846153846155,,6614.608371762719,1148.1815534242012,3,,,0,-2.143385159958065,-3.722306884260586,5.739078928864551,7,31.067984878949297,1,,0,,0,31.067984878949297,1,,0
s01_B_natural_C018.wav,2.68,121.49810480563444,119.46530817118473,17.374053654736564,102.70203825275543,146.75749934817895,6.179632959211606,58.80814694099349,194.58547340601714,81,0.10202668018123813,0.012753335022654766,0.35,120.67453361431464,0.7072831711671104,0.0,0,0,39.90147783251231,,6.62606282438222,2.319707329184451,15.082056050459872,1.3629354154640725,8.245267308650568,5000.0,0.15167133758384482,565.7145624609761,1509.6288008041938,2586.18270881676,13,,0.22322378769831824,0.20805098781001521,0.37830488256178224,0.2987012987012987,0.14285714285714285,77,True,102.70203825275543,2.319707329184451,6.62606282438222,0.20805098781001521,0.2987012987012987,,5833.287755032152,666.8167399967455,2,,,0,-1.9430011331361332,-3.1703707209362975,4.780429709236695,6,,0,,0,,0,,0,,0
s01_B_natural_C019.wav,2.63,129.68767994247054,121.14010046747782,28.64322714847641,103.50469381634363,182.9098859229067,9.857242299781834,63.65524173427565,213.35730854380537,101,0.04712887608727165,0.011782219021817912,0.35,120.2614332477846,0.808117019212858,0.02,0,0,45.90909090909091,,6.347196203399619,2.788334302710218,14.100487603978873,1.3116382271471672,7.815473767043712,3750.0,0.23016967390453982,543.8625570197801,1400.8967036837141,2139.267634194427,13,,0.2948920215829113,0.2540282773290369,0.6489451421990169,0.41025641025641024,0.3076923076923077,78,True,103.50469381634363,2.788334302710218,6.347196203399619,0.2540282773290369,0.41025641025641024,,4906.346152724236,2880.9270080178726,2,,,0,-3.6363188384566048,-6.57782107190468,5.5111772924302596,5,,0,,0,,0,,0,,0
s01_B_natural_C020.wav,2.16,124.82418541982743,118.7786688731272,26.83018419097249,92.50089438719581,168.30940148118515,10.362918543370185,56.999052091694594,217.13220580087213,66,0.05263245422351741,0.013158113555879352,0.35,113.99897144255203,0.8747584418222185,0.0,0,0,40.993788819875775,,6.252921911357506,2.76493893284741,14.173591739660058,1.2899716277615003,7.094699934350397,4750.0,0.15854574546233297,499.28665171551984,1690.403010350723,2570.14175053489,13,,0.29027966953578765,0.25861853872601615,0.48762465066807087,0.4383561643835616,0.273972602739726,73,True,92.50089438719581,2.76493893284741,6.252921911357506,0.25861853872601615,0.4383561643835616,,5541.836477689141,,1,,,0,-1.9598732636350071,-3.7410339958534635,7.948605426025135,5,,0,,0,,0,,0,,0
s01_B_natural_C021.wav,2.26,117.59145559157714,111.3493090527349,26.360530115752688,93.17388380107387,166.2623777750988,10.02557055860604,54.48115915367863,178.69538643333271,49,0.11012981539316005,0.013766226924145007,0.35,114.82304432790885,0.5802080519704265,0.020833333333333332,0,0,31.21019108280255,period_doubling_present,5.301081893215937,2.766887022382075,14.291283506105623,1.3696252911201467,6.802253902359634,5000.0,0.13290973336681206,679.0934410956693,1561.5246862899808,2541.9962874453677,13,,0.3719695787276098,0.3502187210156799,0.7363472259188456,0.5263157894736842,0.5087719298245614,57,True,93.17388380107387,2.766887022382075,5.301081893215937,0.3502187210156799,0.5263157894736842,multiply_pulsed,5673.62983717585,,1,,,0,,,,5,20.296090279414926,2,,0,,0,20.296090279414926,2,,0
s01_B_natural_C022.wav,2.99,128.7205047567776,123.01355419925895,21.12201934151992,109.84366283850983,162.70079161781075,6.801235572415607,64.11195570670513,201.80274960531955,117,0.09358628876411723,0.011698286095514654,0.8,122.49639022111225,0.8785681787673626,0.0,0,0,47.17741935483871,,8.191198973545504,1.9304079749461984,10.789915412152014,1.0105158930646587,9.168417366116227,5250.0,0.17039991656053688,518.2676723471288,1785.4191834535197,2642.449820592424,13,,0.22046612850224953,0.14731119245530694,0.5235442702833376,0.21212121212121213,0.1590909090909091,132,True,109.84366283850983,1.9304079749461984,8.191198973545504,0.14731119245530694,0.21212121212121213,,6768.400249250735,882.140548538166,2,,,0,-3.458770170165299,-4.673189816453634,2.7948512675904267,8,,0,,0,,0,,0,,0
s01_B_natural_C023.wav,2.58,137.7768860604119,127.74626937856362,36.98941986803997,96.16341272867696,186.11634301887636,11.431736921562806,78.64052750258406,264.4552578055317,95,0.038148269032165665,0.009537067258041416,0.35,123.52504295876464,0.49635688425967517,0.031914893617021274,2,0,35.58052434456929,anchor_unreliable,5.326013787840686,3.8064983537032866,14.745799748691615,1.283912013097315,6.754821136478044,4750.0,0.1636330330189977,657.8561225275753,1820.4672316513602,2610.9826505250976,13,,0.3352924852303764,0.2740717136715525,0.6085511579148963,0.4696969696969697,0.3484848484848485,66,True,96.16341272867696,3.8064983537032866,5.326013787840686,0.2740717136715525,0.4696969696969697,irregular_f0,6898.413676045115,1571.7002982839072,2,,,0,-2.7645054614353497,-5.361995804437188,8.2793158324881,6,4.557667457914638,1,,0,,0,4.557667457914638,1,,0
s01_B_natural_C024.wav,2.36,138.01624677717336,128.87042270930374,42.62049114002917,100.01052344246465,193.5478092013085,11.4304579731767,83.7260813722299,325.734902347794,115,0.035831128733501603,0.008957782183375401,0.35,131.83736880404115,0.8841539808905512,0.02631578947368421,5,2,44.23076923076923,,6.813914670496262,3.024589566939485,13.892436156507602,1.3358391086312982,7.591446493371139,4750.0,0.17492097441502866,540.0445390240136,1700.6697152584488,2532.2081652903844,13,,0.3339275747928374,0.22211119554846065,0.7846701153700418,0.4146341463414634,0.36585365853658536,82,True,100.01052344246465,3.024589566939485,6.813914670496262,0.22211119554846065,0.4146341463414634,irregular_f0,5760.453955395196,,1,,,0,-5.474304570377933,-9.109863148647282,8.221654520673408,10,,0,,0,,0,,0,,0
s01_B_natural_C025.wav,1.88,120.95416579361945,118.35403154255616,30.05525133731989,87.64824871207486,166.1036268522563,11.067436855487854,69.53005649744219,213.8033320135047,82,0.08629361605970683,0.010786702007463353,0.35,123.23921052434194,0.22860583753211994,0.0,0,0,49.10179640718563,anchor_unreliable,7.181861653841588,2.7172681557920533,14.811307153943746,1.4071365544989853,7.557135320185297,4750.0,0.13377103095026077,684.3178508917583,1811.5541609989173,2604.310927286784,13,,0.29483979245692743,0.2651489037780823,0.5036011789061965,0.4393939393939394,0.3333333333333333,66,True,87.64824871207486,2.7172681557920533,7.181861653841588,0.2651489037780823,0.4393939393939394,,,,0,,,0,2.61666181416485,1.5894223845071949,12.28605594330716,3,,0,,0,,0,,0,,0
s01_B_natural_C026.wav,2.78,128.83472411130754,123.30059798061251,28.876415862610912,96.87366157693668,176.42627586579135,10.378668782340036,58.48141640762063,220.42375349565955,94,0.10259669427599823,0.012824586784499778,0.35,124.47560206118612,0.4685137071201203,0.0,0,0,44.97607655502392,anchor_unreliable,6.489124333570326,2.632273879589328,11.496910026085379,1.1265188248102884,8.530479158450872,3750.0,0.147482229290278,526.8336607129868,1405.1625294900218,2223.746304099628,13,,0.26250271330904157,0.22515014618036133,0.5539738560172428,0.3877551020408163,0.2653061224489796,98,True,96.87366157693668,2.632273879589328,6.489124333570326,0.22515014618036133,0.3877551020408163,,6720.6896902038,,1,3517.931458139929,,1,-2.9862605108113076,-4.2822636080895915,5.50000727899558,8,35.95169690357692,1,,0,,0,,0,35.95169690357692,1
s01_B_natural_C027.wav,2.58,119.27259656231693,118.64702417325958,31.517637392719244,91.47609864891767,175.51409908741914,11.28144221190896,57.21717233669473,196.94583979442245,88,0.052431811595765085,0.013107952898941271,0.35,118.18133931437399,0.9551478066160101,0.011494252873563218,0,0,45.59585492227979,,7.428145452015554,2.4730380227906403,12.217852091572373,1.1082344390129655,8.11526972578634,3750.0,0.16973284586576987,524.5041635217449,1475.20482854777,2235.693164217997,13,,0.2719762304125383,0.19454229560984315,0.5605550275451974,0.35443037974683544,0.27848101265822783,79,True,91.47609864891767,2.4730380227906403,7.428145452015554,0.19454229560984315,0.35443037974683544,,6521.597888534634,,1,,,0,-3.260428820129225,-4.58242829047511,0.6254155506551804,10,5.23245938381578,1,,0,,0,5.23245938381578,1,,0
s01_B_natural_C028.wav,1.86,123.45647459774725,118.10980571211974,27.19444383345988,93.35026612589449,160.6288887002276,9.396064089616237,59.61082371476419,205.63235286158724,72,0.050326430890384945,0.012581607722596236,0.35,119.93029493544145,0.7743973083605672,0.0,2,1,50.0,,7.278973377122377,2.6196638201712474,14.388931387704506,1.292271616634998,7.63408231834127,5250.0,0.1451048566459361,465.58333116794483,1891.43379116213,2676.034024248207,13,,0.344745234425805,0.28897911718727254,0.7208505294896135,0.5,0.375,56,True,93.35026612589449,2.6196638201712474,7.278973377122377,0.28897911718727254,0.5,multiply_pulsed,6851.964086685613,,1,,,0,-7.963804504651801,-16.64793939397553,2.5392739053040323,7,,0,,0,,0,,0,,0
s01_B_natural_C029.wav,2.32,152.39164302981345,156.883591304552,39.09659127601464,92.0164280812882,196.35528663788423,13.12203698042272,85.1751787824395,282.05286339077446,78,0.07044305730576306,0.008805382163220382,0.35,164.11874050959995,0.0,0.0,0,0,30.46875,anchor_unreliable;period_doubling_present,7.345202612320338,2.5821891518328606,11.840966678431803,1.1207245846701108,7.141355955517652,5000.0,0.11823049583697137,653.8208193860692,1874.3672055818117,2650.2656585114582,13,,0.37939509017608425,0.3140568312860439,0.7427380644597659,0.559322033898305,0.4745762711864407,59,True,92.0164280812882,2.5821891518328606,7.345202612320338,0.3140568312860439,0.559322033898305,multiply_pulsed,6157.614476330855,70.17399068383548,2,,,0,-0.004613660742966985,-3.2047145308022937,15.11157582950994,7,33.53096886310469,1,,0,,0,33.53096886310469,1,,0
s01_B_natural_C030.wav,1.62,122.42580468969041,120.5784513444024,22.619359168731354,103.56695502775548,148.31877555033068,6.217649775391331,66.12417539901125,209.33650428301223,61,0.09073837161362495,0.01134229645170312,0.35,120.27584495888111,0.6153455446493379,0.016666666666666666,2,1,45.18518518518518,,6.8607247752415015,2.939108954836122,15.519703380717415,1.3885948736314022,7.873550326590648,5250.0,0.1527101514526858,608.7879417607191,1925.5961089605075,2787.7108153788204,13,,0.3029186668904718,0.19336233338636868,0.6841984813396711,0.3584905660377358,0.3018867924528302,53,True,103.56695502775548,2.939108954836122,6.8607247752415015,0.19336233338636868,0.3584905660377358,,6093.9330120732575,874.1766426404347,2,,,0,-5.618661426661433,-11.391387332049593,6.359344826330304,4,,0,,0,,0,,0,,0
s01_B_natural_C031.wav,3.1,122.65539074694917,111.28189478285707,36.13462124200587,90.88529952171214,173.82123027875096,11.225825228254674,71.60078732812427,279.98028510451195,92,0.08379796122218398,0.010474745152772998,0.35,111.27461320760463,0.7547018046219773,0.01098901098901099,0,0,31.944444444444443,period_doubling_present,4.9572022345922555,2.9603810816745004,18.289730709570698,1.6886600896707558,6.861000676563175,5250.0,0.15256107031151714,879.2669366808154,1951.7771436014073,2774.852647117773,13,,0.3863125782947236,0.31603665781438944,0.7389938266781235,0.5975609756097561,0.4268292682926829,82,True,90.88529952171214,2.9603810816745004,4.9572022345922555,0.31603665781438944,0.5975609756097561,multiply_pulsed,7972.2870488892,1330.1859972344716,5,,,0,-2.47995034122698,-4.211622539677864,4.600431967759967,7,,0,,0,,0,,0,,0
s01_B_natural_C032.wav,3.11,122.28006895851044,112.28287109132899,24.637329425665463,91.91003935197931,154.89900610139262,9.036402313243997,55.146378304931396,214.57394393195193,74,0.0544006713081234,0.01360016782703085,0.35,111.44343599453616,0.46519977458272066,0.0136986301369863,0,0,32.888888888888886,anchor_unreliable,7.6768533860613,2.6004757591420344,11.68156389820117,1.1424596566904175,7.509270234321472,3750.0,0.16286034588985485,498.38760975107556,1334.5537940726917,2110.3181067448104,13,,0.2733584948655144,0.22531031463524445,0.48955084022027745,0.3958333333333333,0.2916666666666667,48,True,91.91003935197931,2.6004757591420344,7.6768533860613,0.22531031463524445,0.3958333333333333,,6870.676022450255,,1,5009.876896595263,,1,0.8024993156243134,-0.2593504086510272,2.7590394132001563,5,,0,,0,,0,,0,,0
s01_B_natural_C033.wav,2.08,125.78752711995863,128.19139202338846,35.528907717246426,76.02139154726808,180.49316284400425,14.969602195611209,65.24792107946783,230.8151772242292,84,0.09195695281528404,0.011494619101910505,0.8,129.01607208524157,0.6319264957466386,0.0,0,0,48.554913294797686,,6.699347164407275,2.9062490350839387,11.573511937194517,1.1013497332575894,7.344120154573389,4750.0,0.12895994695475807,668.2469015538156,1856.917765520156,2630.212130779366,13,,0.30347654940997354,0.2032112611272868,0.6463774469456726,0.3617021276595745,0.3617021276595745,47,True,76.02139154726808,2.9062490350839387,6.699347164407275,0.2032112611272868,0.3617021276595745,,6633.390737007117,716.3680275215123,2,,,0,-4.2651119004696305,-7.824264911130484,3.8198533630149605,5,,0,,0,,0,,0,,0
s01_B_natural_C034.wav,1.82,147.30750299551792,130.40248790601007,35.11704042480906,114.02056352718604,202.653108047525,9.956619179824738,89.58036659985487,267.5734758906874,68,0.06697896233000815,0.008372370291251019,0.35,129.94705253913958,0.7831716826512545,0.0,0,0,32.38095238095238,,6.583176952604642,2.4239054477718587,12.827331533271163,1.1709250402038265,7.311042716420836,3750.0,0.12413634454221911,512.3771343615807,1357.4665616435384,2201.032975068715,13,,0.34816375906117136,0.21443065399932715,0.763285445318749,0.375,0.3125,16,True,114.02056352718604,2.4239054477718587,6.583176952604642,0.21443065399932715,0.375,,,,0,5098.3789368984335,,1,0.15987373310818853,-3.7085230191731355,0.7579047920900486,2,,0,,0,,0,,0,,0
s01_B_natural_C035.wav,2.93,139.1536532029831,115.80521983443305,46.5455683077299,95.15183618111105,213.45305891203967,13.987385223788952,76.29861592982579,409.04785786221316,84,0.0393191929295178,0.00982979823237945,0.35,115.99589166673557,0.7318861026222996,0.0,0,0,28.47457627118644,,6.309525911819485,2.5859871446339024,13.601225593493337,1.2175327684355877,6.765647561422123,4000.0,0.1539731765653068,456.3932670681676,1351.3677438640468,2199.296096020754,13,,0.33894816241949083,0.25923523517889624,0.7263474175455523,0.45714285714285713,0.37142857142857144,70,True,95.15183618111105,2.5859871446339024,6.309525911819485,0.25923523517889624,0.45714285714285713,,6563.182431014973,1411.1517754558845,2,,,0,-1.9969833567678041,-4.248861582445954,6.41044242386047,7,,0,,0,,0,,0,,0
s01_B_natural_C036.wav,2.09,131.8543419077661,124.6139729377914,37.750989378605794,97.08077525657737,182.91286428405144,10.966788108190315,55.96420634655933,337.0230758143356,77,0.10721138369844638,0.013401422962305797,0.35,124.7649188283149,0.7356697949961948,0.013157894736842105,0,0,52.027027027027025,,8.066563899469982,2.156365824813683,10.591490833013845,1.0953027580073145,9.78165940886205,5250.0,0.17001051718804974,500.3557009317024,1705.8168721132242,2707.3581796910507,13,,0.313311355124604,0.21280556259384611,0.7804727657820484,0.38823529411764707,0.3411764705882353,85,True,97.08077525657737,2.156365824813683,8.066563899469982,0.21280556259384611,0.38823529411764707,,5547.314123646894,,1,,,0,-4.714359007006723,-6.508016473024249,3.0251649169846453,6,10.829117076764927,1,,0,,0,10.829117076764927,1,,0
s01_B_natural_C037.wav,1.94,133.71780795213857,128.24211721468117,29.482729006353168,95.46582595646767,178.6329824287851,10.847306331952804,80.62636689640036,244.68475257472699,72,0.03720867149892547,0.009302167874731367,0.35,128.47118803938633,0.6905041346725913,0.0,0,0,35.1219512195122,,7.045848244135587,1.916770179784585,11.19645692776747,1.1426357401969394,7.569112408605466,3500.0,0.12756706008672886,511.01914210276664,1272.9520331324425,1846.0488114392087,13,ceiling_at_search_edge,0.23200046554152462,0.18305102097119483,0.4192428537410101,0.2786885245901639,0.16393442622950818,61,True,95.46582595646767,1.916770179784585,7.045848244135587,0.18305102097119483,0.2786885245901639,,6074.151710474672,188.58053054253057,2,,,0,-0.8454513513007669,-3.774070910846808,9.709361536890604,6,,0,,0,,0,,0,,0
s01_B_natural_C038.wav,2.68,127.80333732194143,116.78914417030306,30.582810604859436,96.46772245014932,184.32643822894883,11.209737637376506,58.11895608389568,302.3316826467136,101,0.05161827056338469,0.012904567640846172,0.35,116.684368990355,0.8219671515913084,0.0,0,0,49.509803921568626,,6.352825956398604,2.4286413107345717,14.606481274402523,1.336385340203716,9.697577198513052,5250.0,0.18083443215310172,604.4213985222596,1887.4136674937627,2727.1741236493717,13,,0.2842697405036445,0.22887826641049186,0.6208360057563626,0.39166666666666666,0.25833333333333336,120,True,96.46772245014932,2.4286413107345717,6.352825956398604,0.22887826641049186,0.39166666666666666,,,,0,5052.00846496673,,1,-3.9377637540500126,-5.94541944896265,-1.5147667442675707,9,50.501490471688726,1,,0,,0,,0,50.501490471688726,1
s01_B_natural_C039.wav,2.08,165.69932145054608,156.18873228167223,26.902208747424346,132.614039244959,202.27628578518375,7.309124133999491,105.39618407888497,287.2151084195307,84,0.05692805723885821,0.007116007154857276,0.35,152.79867779327773,0.35597769014011027,0.012048192771084338,0,0,29.473684210526315,anchor_unreliable,8.482227165964549,2.685168552249019,10.25712683672279,1.0451986587988125,8.199953612494944,5000.0,0.1514852998772742,674.2285339244717,1966.3890156120294,2690.1266539549933,13,,0.29597469846120017,0.1491159461362625,0.8434163061385909,0.3392857142857143,0.2857142857142857,56,True,132.614039244959,2.685168552249019,8.482227165964549,0.1491159461362625,0.3392857142857143,,6079.053053028731,993.3278741968218,2,,,0,-0.4371687237467145,-3.2527474058798362,7.540161973660883,6,,0,,0,,0,,0,,0
s01_B_natural_C040.wav,2.08,121.55752342344597,109.58730984784805,34.673382752616654,87.20161552198007,170.5761614839783,11.615871261146683,50.47786621452633,239.47098627440135,66,0.11886397841185574,0.014857997301481967,0.35,110.3759811660244,0.7370415689841818,0.0,0,0,50.0,,7.936277018848261,3.0088737915371624,15.116257989953318,1.3612605713863544,7.793545864085785,5250.0,0.1748103260225996,526.1536587916858,1858.0291015463574,2656.0823474666504,13,,0.2873217800266164,0.2238520452773201,0.5798536647214473,0.4074074074074074,0.2962962962962963,54,True,87.20161552198007,3.0088737915371624,7.936277018848261,0.2238520452773201,0.4074074074074074,irregular_f0,2539.493818656432,,1,,,0,-5.110030288968577,-8.562600542458512,3.904275384439842,3,,0,,0,,0,,0,,0
s01_B_natural_D001.wav,3.08,134.5040712927969,125.87454194974374,39.321756881006436,105.18241177153003,169.41872542710976,8.252398301775486,83.6978259376626,316.8558884004125,138,0.035843224915237025,0.008960806228809256,0.8,127.3342749495338,0.7237541409369934,0.021897810218978103,10,4,40.588235294117645,,8.68892399216178,2.972713514870169,17.02436745312308,1.4646165321641522,7.597279812933872,3750.0,0.1750256737657143,489.06407594041195,1329.3601957500064,2195.4552593971152,13,,0.3327921076294328,0.23833779922223458,0.7828111334867844,0.4246575342465753,0.3150684931506849,73,True,105.18241177153003,2.972713514870169,8.68892399216178,0.23833779922223458,0.4246575342465753,,,,0,,,0,-2.675998585585108,-5.02901702095824,4.098714838623082,6,,0,,0,,0,,0,,0
s01_B_natural_D002.wav,3.11,111.86665414780795,106.30236467298279,21.41463434071009,88.26663804710051,139.5801182005043,7.9338396597389345,72.08439052789129,181.45619223004783,155,0.08323577346025347,0.010404471682531684,0.35,106.39578753959289,0.8248317213307715,0.012987012987012988,2,1,53.264604810996566,,5.721614986219436,3.1346567171766675,14.2197953300783,1.2977999784685634,8.00614825690672,3750.0,0.16750647946423444,432.40857428023907,1531.808191526212,2195.733551429862,13,,0.3245942218416671,0.23472006840853774,0.7262203234896666,0.46875,0.3333333333333333,96,True,88.26663804710051,3.1346567171766675,5.721614986219436,0.23472006840853774,0.46875,irregular_f0,7476.614225840686,,1,5247.536616407983,413.01630488330807,3,-2.928717852313543,-4.556163067204135,2.3759803821890806,8,,0,,0,,0,,0,,0
s01_B_natural_D003.wav,2.95,112.12867213069767,109.09293781932668,19.7146451716333,91.41791887524393,142.6072412731289,7.6979803066913615,57.867113104418195,186.92068416130414,81,0.05184291800744675,0.012960729501861688,0.35,108.6377513138568,0.869911935416684,0.0125,0,0,36.160714285714285,,7.210890464685621,2.615452065244353,16.143296216493905,1.38676587131962,7.598591299716519,4750.0,0.14788274568068402,596.7114259819222,1739.8049068914456,2524.3138446604703,13,,0.2924477024617485,0.24022181913441143,0.5613535062096973,0.4318181818181818,0.375,88,True,91.41791887524393,2.615452065244353,7.210890464685621,0.24022181913441143,0.4318181818181818,,6593.929727088257,647.0941813475355,3,,,0,-4.612135688611273,-6.579771110153331,1.0758935058587995,8,,0,,0,,0,,0,,0
s01_B_natural_D004.wav,3.0,124.5204911084472,119.0978483501778,25.544840377615962,94.32647561828308,160.1931761708256,9.168936292661632,58.107281991703566,216.74493719360112,113,0.05162864097529693,0.012907160243824232,0.35,119.31192860591187,0.7836494548447819,0.0,0,0,49.34497816593886,,8.159457519776907,2.696985548792093,13.836176903040833,1.2915885029815293,8.486440878708951,5000.0,0.17534194102218545,608.6363310866981,1712.4435037660287,2572.70012721866,13,,0.274994116711464,0.23110861389954668,0.4862040852143625,0.35365853658536583,0.23170731707317074,82,True,94.32647561828308,2.696985548792093,8.159457519776907,0.23110861389954668,0.35365853658536583,,,,0,,,0,-0.16800836627079185,-1.279355666869236,7.7096429058077725,7,,0,,0,,0,,0,,0
s01_B_natural_D005.wav,3.4,112.45980605593422,106.80587661098943,34.85098383235811,87.89681666614851,127.50005031578712,6.439379935990963,52.79492724362545,266.4223633264397,92,0.1136472822912063,0.014205910286400787,0.35,108.69580999308153,0.6801478366135221,0.01098901098901099,0,0,39.6551724137931,,5.560722538749393,2.552025502073252,11.101858981221039,1.0610152374470747,7.478705059227875,4250.0,0.1841558993921517,518.8276061686825,1485.5713626780375,2186.1571404958213,13,,0.2699315738028507,0.2316123009871869,0.559933999741583,0.4158415841584158,0.297029702970297,101,True,87.89681666614851,2.552025502073252,5.560722538749393,0.2316123009871869,0.4158415841584158,,6653.852366825843,190.39068549963997,3,,,0,-2.092566624844617,-5.090112427405851,5.43117977628774,9,,0,,0,,0,,0,,0
s01_B_natural_D006.wav,3.0,118.87760222126725,109.85835297341364,26.263508875188943,93.19249577868338,158.31063761417403,9.173670080738729,57.01024798295173,290.5210427119319,98,0.10524423612039421,0.013155529515049277,0.35,109.78401409247277,0.9351470736323838,0.0,0,0,44.34389140271493,,6.33355844791509,2.4144510653807636,15.22096043196444,1.4240612234215757,8.793885531252284,5000.0,0.175276038817913,634.5063604912501,1464.4092891036394,2630.4491576013847,13,,0.2967339970080436,0.25419548623825,0.5393283151144024,0.4470588235294118,0.3411764705882353,85,True,93.19249577868338,2.4144510653807636,6.33355844791509,0.25419548623825,0.4470588235294118,,6211.537530659686,,1,,,0,-2.795546180871206,-4.259666300455936,9.26684876731793,11,,0,,0,,0,,0,,0
s01_B_natural_D007.wav,3.7,118.7180310150659,114.62389763598634,18.20087857925743,103.57960701390331,153.45307801215853,6.80469113050352,58.39978452481395,179.02891415112893,86,0.10274010510176818,0.012842513137721022,0.8,114.80400852877197,0.758002307945221,0.0,1,1,30.604982206405694,,5.3767658583807645,2.457996840800351,14.570303254328484,1.326567221433947,7.342524235873014,3750.0,0.16813271233080299,506.86928123702717,1303.0749983925605,2182.0181664425854,13,,0.33247981948500155,0.27186849400887814,0.6650201207395576,0.48148148148148145,0.35185185185185186,108,True,103.57960701390331,2.457996840800351,5.3767658583807645,0.27186849400887814,0.48148148148148145,,7318.5240089226645,310.5163190599276,2,3644.3091688656605,,1,-8.083898241243116,-9.265673025042215,-2.0594882371151755,11,,0,,0,,0,,0,,0
s01_B_natural_D008.wav,3.38,121.31293244775858,118.0040684248886,27.85202198484406,93.66379434935271,145.06283490051229,7.5733747188783,55.851806716675554,289.83351418524285,122,0.10742714251728212,0.013428392814660265,0.35,117.97264437759821,0.7957856978486942,0.0,0,0,50.0,,8.243150808655185,2.2225124548230926,12.520456900083584,1.1692032976236444,8.827448335749645,3750.0,0.19853319545019832,457.416141447252,1287.9240444230738,2086.5597280953057,13,,0.2832713477111697,0.19744245210362105,0.6788616081996723,0.3484848484848485,0.2727272727272727,132,True,93.66379434935271,2.2225124548230926,8.243150808655185,0.19744245210362105,0.3484848484848485,,5887.212637586674,,1,,,0,-4.2924837649978045,-5.875239353037571,3.371579448336046,11,,0,,0,,0,,0,,0
s01_B_natural_D009.wav,2.73,123.31589160479538,109.02571101046463,33.82494048465372,94.48894501053081,187.87849801521833,11.898990154680899,54.31933643161933,264.4702735809978,89,0.11045790309962983,0.013807237887453729,0.35,112.17823974822849,0.7472667000946676,0.0,0,0,46.8421052631579,,5.3391446218044845,2.95075773048895,15.938638950996786,1.3610025886776886,8.298401704355365,3750.0,0.1939031594522398,489.3259767068937,1374.5649607316789,1964.9254553199107,13,,0.2858000970448432,0.2602311214504731,0.5120783284865547,0.44554455445544555,0.2871287128712871,101,True,94.48894501053081,2.95075773048895,5.3391446218044845,0.2602311214504731,0.44554455445544555,,6833.426881721146,1170.4931026836412,3,,,0,-4.542816284423651,-5.723134413950479,1.5116418432286878,8,,0,,0,,0,,0,,0
s01_B_natural_D010.wav,2.89,125.22428765643733,119.55814484082359,27.574121978870004,91.75841107443631,168.04208850021982,10.474923685146281,78.3944756776851,211.83639184595762,142,0.038268002611999696,0.009567000652999924,0.35,119.28001612727539,0.766958306168571,0.0,8,4,47.491638795986624,,7.314237256363686,2.943689833391907,12.384724331658381,1.2094438772440375,8.225765694401701,3750.0,0.21291968029988906,509.76361789879525,1286.1372676251583,2139.2768538206574,13,,0.283478042972023,0.21025706560139862,0.5751905852057929,0.358974358974359,0.24358974358974358,78,True,91.75841107443631,2.943689833391907,7.314237256363686,0.21025706560139862,0.358974358974359,,6879.95333785399,1649.7268942728567,2,,,0,-6.233735664850746,-8.64979998567419,3.1166717211419153,6,12.248016077958779,1,12.248016077958779,1,,0,,0,,0
s01_B_natural_D011.wav,2.86,118.246795468466,110.56591618383328,24.444523926306093,95.06209292744863,147.06944408755825,7.554665589756648,55.27974783831725,203.5803644558889,80,0.10853884532087338,0.013567355665109172,0.8,102.99450594438036,0.9758079074427838,0.02531645569620253,8,1,39.40886699507389,heavy_repair,5.446867770378429,3.635466276478184,13.21050459842868,1.166657086664282,7.059142003529613,4000.0,0.1575995159161296,450.7518349452642,1345.7018825191137,2143.377019312383,13,,0.3320377379257774,0.23906647571363354,0.6970531945484797,0.43333333333333335,0.3333333333333333,90,True,95.06209292744863,3.635466276478184,5.446867770378429,0.23906647571363354,0.43333333333333335,irregular_f0,6451.244887091043,290.46020677911224,2,5186.222641914443,,1,1.487636762658724,-1.2872472015494338,11.330298591643754,10,28.519964292037294,1,,0,,0,28.519964292037294,1,,0
s01_B_natural_D012.wav,2.49,112.62092387518271,109.31715420745388,18.628555106546226,94.11003158803881,144.0901964910924,7.374621150125524,54.465526489529736,189.30373310166368,84,0.11016142478955783,0.013770178098694729,0.8,109.07597174015189,0.9578180707892034,0.0,0,0,48.554913294797686,,6.293629032674351,2.5460995367372203,14.11977315812705,1.3097489314725768,8.319605623187591,5000.0,0.18680808309839045,512.231599565402,1343.3691719779017,2593.9973509058773,13,,0.3369579651919701,0.27834872168051483,0.6860018260394228,0.5,0.34285714285714286,70,True,94.11003158803881,2.5460995367372203,6.293629032674351,0.27834872168051483,0.5,,6152.706731324377,24.79331653116961,2,,,0,-4.235133773865719,-5.111761754558245,11.097744449643882,4,,0,,0,,0,,0,,0
s01_B_natural_D013.wav,3.58,114.25539285327368,113.38439021518381,21.87860143712454,91.89128324567758,148.66529803736654,8.328816095751847,54.46568839429324,284.58682332943283,99,0.05508054866179442,0.013770137165448604,0.35,113.34074915746552,0.8884595181416266,0.0,0,0,38.671875,,8.449408709239277,2.3149579017144144,10.003431485306177,0.8724449358381854,7.657341778266358,3500.0,0.17567835686760444,462.6969139386315,1239.0421635004066,1934.0567624888017,13,ceiling_at_search_edge,0.22328575358087638,0.13092102097977587,0.579486503665782,0.2727272727272727,0.19318181818181818,88,True,91.89128324567758,2.3149579017144144,8.449408709239277,0.13092102097977587,0.2727272727272727,,6470.45701808793,,1,,,0,-6.4275739892235135,-9.939329500705954,2.208501989097641,6,,0,,0,,0,,0,,0
s01_B_natural_D014.wav,2.72,124.56332254469666,117.48021953523318,23.078693700629817,99.29158944195987,162.56344677105778,8.535113674000495,77.05460390817748,209.58187647013062,126,0.07786685928786204,0.009733357410982755,0.35,117.57546179205066,0.9416840087326998,0.0,4,2,46.3235294117647,,7.865176077603271,2.66594727734232,15.908509982583357,1.4740098035338567,8.202284422849516,5000.0,0.14692990385515037,650.5322873937298,1668.337294010601,2597.7805330898163,13,,0.3013150058644329,0.22021718255337108,0.6007090701304603,0.3902439024390244,0.2926829268292683,82,True,99.29158944195987,2.66594727734232,7.865176077603271,0.22021718255337108,0.3902439024390244,,,,0,,,0,-3.0969496725060113,-8.782188461135576,9.383727419708135,7,,0,,0,,0,,0,,0
s01_B_natural_D015.wav,3.41,113.29262363667769,111.30463731684482,17.967254317559775,93.0644879633969,137.62510471179957,6.773291936604499,57.310329895661454,175.91801659183028,90,0.10469316807150705,0.013086646008938382,0.35,111.36434911600912,0.872211661258008,0.0,0,0,35.573122529644266,,5.574887084570105,2.0475094951167785,13.394827824114541,1.231126479942441,7.876941988193922,4000.0,0.173354629672845,485.96097241295547,1360.698302288828,2135.0826506790618,13,,0.25037230518937886,0.19816837783759922,0.5490188916076857,0.29245283018867924,0.20754716981132076,106,True,93.0644879633969,2.0475094951167785,5.574887084570105,0.19816837783759922,0.29245283018867924,,6398.513700919445,53.44459699038457,2,4693.227280517851,,1,-5.475666068970783,-7.623455757568851,-1.1204909903406246,9,19.751162621492455,2,,0,,0,19.751162621492455,2,,0
s01_B_natural_D016.wav,2.88,107.63805594581821,109.24240655740316,13.342746313416663,90.69162659223264,122.39053111482542,5.18940823446423,69.60894192700314,176.6300960334091,119,0.08619582246045378,0.010774477807556722,0.35,109.41092043488668,0.8845707698091593,0.0,0,0,45.76923076923077,,6.957580839273212,2.2240181365842786,16.620604570151816,1.5940207919025382,8.381452782275854,5000.0,0.16419679364489734,536.3138148770329,1574.1663384942722,2562.5861715363717,13,,0.32565681767068155,0.27200967007507365,0.6666779872920721,0.48598130841121495,0.37383177570093457,107,True,90.69162659223264,2.2240181365842786,6.957580839273212,0.27200967007507365,0.48598130841121495,,,,0,,,0,-4.5056681971996495,-6.377204436738086,0.9003729933036472,10,14.359063501625968,1,,0,,0,14.359063501625968,1,,0
s01_B_natural_D017.wav,2.58,118.22527663985004,117.47459674018894,18.83039758068596,95.22328027326523,147.7824837556367,7.609068574315099,56.307175387095015,193.99003513088485,97,0.05327917764256324,0.01331979441064081,0.35,117.74521065560921,0.8132662080502255,0.0,2,1,51.05263157894737,,6.992151108260605,2.2476910546370985,10.234106329394386,0.9521966176645587,8.951052817983323,5000.0,0.16260487084828382,640.1093231590321,1763.2223775486045,2640.1196648398027,13,,0.2468194665219357,0.1987075514496786,0.5022220462515815,0.2765957446808511,0.18085106382978725,94,True,95.22328027326523,2.2476910546370985,6.992151108260605,0.1987075514496786,0.2765957446808511,,6552.343153435657,91.06864276952044,2,,,0,-1.4946704590299476,-2.593549568932053,5.138207317177656,9,5.123128087413997,1,5.123128087413997,1,,0,,0,,0
s01_B_natural_D018.wav,3.0,125.15923416776117,117.47487576839102,25.881572816165143,95.49434344024527,164.85472737656409,9.45249689848791,59.3354952650631,202.12747104796892,75,0.10111991099420073,0.012639988874275091,0.35,118.68451382944883,0.9088993264158284,0.0,0,0,32.608695652173914,,5.5815570152322795,2.7033897221431356,15.073245716556224,1.3329511041658673,7.037803634315924,3750.0,0.179333976925118,493.8212578986631,1412.3322832901245,2228.0361028884568,13,,0.2899412338346999,0.2825735521954603,0.532126172627762,0.5,0.29411764705882354,68,True,95.49434344024527,2.7033897221431356,5.5815570152322795,0.2825735521954603,0.5,multiply_pulsed,,,0,,,0,1.9889670561620107,0.9811298537476603,9.905449388355919,5,66.82367496248332,2,,0,,0,95.75718938217071,1,37.890160542795925,1
s01_B_natural_D019.wav,2.61,117.09447527627775,111.52352976515358,20.554178186821503,99.7522919374212,140.53541421331306,5.934142002066341,76.69698639126972,186.85956918001102,107,0.07822993160892916,0.009778741451116145,0.8,112.87223387295593,0.9222479771675707,0.018867924528301886,2,2,41.31274131274131,period_doubling_present,6.5963838350595445,2.4988320907646298,12.61091913754608,1.212075350847281,8.499488290744539,4000.0,0.14616985995746767,529.2548659320909,1341.521939470824,1947.9092239497782,13,,0.33712162565322046,0.2658250083188307,0.6631087583766901,0.48214285714285715,0.4107142857142857,56,True,99.7522919374212,2.4988320907646298,6.5963838350595445,0.2658250083188307,0.48214285714285715,,5959.044205272187,,1,,,0,-4.116955969077183,-9.83383387239871,2.4934242102790263,5,4.834485871489047,1,,0,,0,4.834485871489047,1,,0
s01_B_natural_D020.wav,3.31,136.19513408236293,130.21052488993507,36.84280950319071,103.33283005429746,185.71805519043548,10.149784682734456,80.8361444025263,332.87031809911537,140,0.037112111446847326,0.009278027861711832,0.35,129.59837338047677,0.5198940518651678,0.02877697841726619,3,1,39.6600566572238,,7.030502593773696,2.701659677865984,13.594141796640159,1.3117821623992778,7.380148065885408,4750.0,0.18524832684598805,525.9861457684067,1737.5143039952948,2578.2255396871874,13,,0.30222973821016996,0.24539167495684666,0.6548817647108012,0.40816326530612246,0.29591836734693877,98,True,103.33283005429746,2.701659677865984,7.030502593773696,0.24539167495684666,0.40816326530612246,,6324.797790097251,,1,,,0,-6.395805371838605,-10.538937461854676,3.9914901883294798,9,20.773511587873106,1,,0,,0,20.773511587873106,1,,0
s01_B_natural_D021.wav,3.51,121.50650759560854,115.1948324895227,24.2988793952049,100.18286711248788,159.2076317697639,8.019284268195705,76.60935686489205,272.2413272636294,113,0.07831941482789857,0.009789926853487322,0.35,114.27933979523642,0.8518703806352657,0.008928571428571428,0,0,32.193732193732195,,6.049207229666085,2.467626011668996,17.397972550815854,1.4336384378268687,7.285787324010617,4750.0,0.19225903395658325,642.1889149555005,1683.0302166892484,2581.5366692436455,13,,0.2964803104462678,0.20701136055266492,0.6186065117659666,0.35,0.25,80,True,100.18286711248788,2.467626011668996,6.049207229666085,0.20701136055266492,0.35,,6159.325441452713,512.0813177963856,2,,,0,-2.7390169168353253,-8.663783409099928,6.070028093219062,10,52.19555744117521,1,52.19555744117521,1,,0,,0,,0
s01_B_natural_D022.wav,3.3,118.9507103879299,114.63268866473568,32.72873073897923,90.3016664818246,151.5546732096683,8.964165852927332,70.64150125754323,297.15755012359205,127,0.0849359072668251,0.010616988408353137,0.8,114.22395452166025,0.4976330315502402,0.015873015873015872,0,0,41.914191419141915,anchor_unreliable,6.877602466848495,2.7181140200585734,17.2843373004903,1.500821151584307,7.687042094661882,4750.0,0.1622976370497147,593.6093453602414,1866.6576645493515,2599.008012153674,13,,0.32143130256262253,0.2642830052159023,0.5993237779490331,0.47115384615384615,0.36538461538461536,104,True,90.3016664818246,2.7181140200585734,6.877602466848495,0.2642830052159023,0.47115384615384615,,6077.334532554853,908.1435283281336,4,,,0,-2.7515303922957193,-4.237585737935199,3.6466558794720845,9,,0,,0,,0,,0,,0
s01_B_natural_D023.wav,2.84,120.16312163405591,116.49838797234273,20.789534448174976,96.78315394416171,154.4297806546583,8.089477600415673,77.81241876784229,194.96176208220436,150,0.07710851423217335,0.009638564279021669,0.35,116.50499717566024,0.8260976398783381,0.0,0,0,52.26480836236934,,7.36171020462896,2.292522140662038,17.06132156510106,1.5122751199609712,8.898863303984239,5000.0,0.1582488006339604,634.4597416194887,1487.3878560951794,2607.4405225441883,13,,0.24827288000202877,0.18765023796844713,0.5198373031171575,0.27586206896551724,0.19540229885057472,87,True,96.78315394416171,2.292522140662038,7.36171020462896,0.18765023796844713,0.27586206896551724,,6738.818259118219,,1,4326.070649609498,,1,-2.24410566180439,-3.2497682804262435,5.04671317225318,8,,0,,0,,0,,0,,0
s01_B_natural_D024.wav,3.08,118.57427079515844,112.32638428698584,22.93882421885568,97.32705994945499,156.2743041527764,8.19801238346013,74.12089127792386,190.71462968298084,113,0.04047441886189945,0.010118604715474863,0.35,112.89363632393555,0.8966300216849864,0.0,0,0,37.541528239202655,,7.834198174831217,2.3105926330458684,11.700105230210141,0.9685997265077733,7.647538371235488,5750.0,0.18638995063916933,900.440446618414,2017.5918211597714,2822.0234207943663,13,,0.26152656910052496,0.2268204887550104,0.5169408043950992,0.31958762886597936,0.20618556701030927,97,True,97.32705994945499,2.3105926330458684,7.834198174831217,0.2268204887550104,0.31958762886597936,,7561.776467674339,1508.6225747934232,2,,,0,-2.3569215320193875,-2.943003474942684,6.983092892315452,9,,0,,0,,0,,0,,0
s01_B_natural_D025.wav,3.22,115.25050305236523,115.35064961934955,21.824337064303037,89.2608680727894,148.1949779957669,8.77676179838344,73.54272907498483,193.1853222972494,110,0.08158522365796822,0.010198152957246027,0.35,115.08625545702043,0.6797435200612525,0.0,0,0,35.714285714285715,,6.738163709593381,3.2542600406060087,14.142436900010964,1.3295001650267315,7.043379913126028,3750.0,0.15735148331324544,564.203626549085,1273.8914552735982,2225.968846789273,13,,0.2763556655407166,0.22859992063229473,0.505194242431136,0.3111111111111111,0.2222222222222222,90,True,89.2608680727894,3.2542600406060087,6.738163709593381,0.22859992063229473,0.3111111111111111,irregular_f0,6252.187015954692,105.62905575395578,2,4292.7154975126805,,1,-2.6886808550020547,-4.4820848607478165,6.071270241412063,8,,0,,0,,0,,0,,0
s01_B_natural_D026.wav,2.9,113.9660557062556,112.63550710468841,7.588833433584506,107.74759395480676,123.64392575131576,2.382428550307077,61.36475132008798,176.73084016655122,83,0.09777600122101167,0.012222000152626459,0.35,112.74165378771903,0.9069953976048009,0.0,2,1,36.08695652173913,,8.703013530981327,2.1153271869253887,9.460213804024582,0.9898618301522142,7.842504393691824,4750.0,0.19637199293367827,574.5196774504336,1742.664639513096,2556.199558842718,13,,0.2309320794518846,0.13870574352687054,0.5307144979124523,0.30851063829787234,0.2553191489361702,94,True,107.74759395480676,2.1153271869253887,8.703013530981327,0.13870574352687054,0.30851063829787234,,6505.334313402374,1029.1646547807818,3,,,0,-5.8234860039166385,-9.379655726598825,6.6766312359736055,7,11.573666874029165,1,,0,,0,11.573666874029165,1,,0
s01_B_natural_D027.wav,2.7,121.57034963302902,120.75517179833778,19.10409598263348,101.16135823459734,150.12537174904563,6.834114071401702,79.22464973814974,198.6780219532449,128,0.07573400475522415,0.00946675059440302,0.35,121.89537023280002,0.8588790618114462,0.0,0,0,46.0431654676259,,7.767923865084189,2.421488244472072,13.265140117638715,1.176673627396236,8.221542244398481,4750.0,0.18997813192897675,550.9473714448316,1820.0547716180336,2585.1450726666108,13,,0.25005876281404577,0.21902134823201969,0.49053848833331104,0.3263157894736842,0.25263157894736843,95,True,101.16135823459734,2.421488244472072,7.767923865084189,0.21902134823201969,0.3263157894736842,,5372.280252225792,,1,,,0,-2.9151059106411368,-4.910580512861936,2.96664700421238,8,,0,,0,,0,,0,,0
s01_B_natural_D028.wav,2.46,126.67394686374656,123.5849976972383,19.15731700467727,104.1661406004427,151.13633209705657,6.44356935258638,60.18237577633555,218.70949224142845,74,0.09969696148750701,0.012462120185938376,0.35,124.83409523620871,0.544028105387401,0.0410958904109589,0,0,38.94736842105263,,6.029059755388313,2.8707998069966894,13.866230179097466,1.3536928290296044,7.411358213474581,4750.0,0.15711579855148164,606.44579112473,1719.2292233430467,2696.8778192065784,13,,0.2591718274905955,0.22539651812109449,0.5046319498395526,0.25,0.1875,48,True,104.1661406004427,2.8707998069966894,6.029059755388313,0.22539651812109449,0.25,,6206.460459213711,159.4960108040933,2,,,0,-4.9193200331572555,-13.54116714172661,0.012260183548889358,6,,0,,0,,0,,0,,0
s01_B_natural_D029.wav,2.88,122.17986601592102,114.8017453900265,20.533189058316424,98.66680575034418,156.5757509320984,7.994689071314532,59.479197148459704,194.32267794368562,81,0.10087560504597998,0.012609450630747497,0.35,115.70823442929071,0.8380803845001011,0.0,0,0,36.65158371040724,,6.020466550935585,2.5481371019563963,12.611145555710342,1.2118907354093449,7.0660036699480075,5000.0,0.19923778568994652,638.9335788748841,1780.3769403389456,2557.6519509649606,13,,0.3023804551152153,0.2658111648616013,0.5296516629813487,0.46296296296296297,0.3148148148148148,54,True,98.66680575034418,2.5481371019563963,6.020466550935585,0.2658111648616013,0.46296296296296297,,8858.879065259536,,1,,,0,-6.7415363677422375,-8.915308889808394,-2.657423812570807,4,,0,,0,,0,,0,,0
s01_B_natural_D030.wav,2.99,116.92651274727424,114.51332482068058,19.48329273046254,96.72150401117447,140.27756879636289,6.4365089804012525,56.997993124108476,187.45342337314617,81,0.05263343208361292,0.01315835802090323,0.35,114.09907722253911,0.8258345720533161,0.0,0,0,36.160714285714285,,6.334337811174527,2.229909562982948,14.021202472566872,1.2800668926343006,7.480126674653019,5000.0,0.16576080826080475,583.1796877544144,1689.0141543531822,2680.2379621269483,13,,0.3045235166777065,0.27620625534583104,0.5049641961122406,0.49295774647887325,0.323943661971831,71,True,96.72150401117447,2.229909562982948,6.334337811174527,0.27620625534583104,0.49295774647887325,,5882.196016344342,15.774425677266487,2,4820.756743839411,,1,-1.6137374116891134,-3.2415459916787484,16.17563918164857,10,5.44052083333324,1,,0,,0,5.44052083333324,1,,0
s01_B_natural_D031.wav,2.77,117.41016876680023,111.88304038325434,19.586932760738293,99.93291950063501,153.10292097474493,7.385638792060145,58.2957458618096,183.32848317296333,103,0.05146173113749187,0.012865432784372967,0.35,111.77331012919308,0.825527742641755,0.0,0,0,48.58490566037736,,7.1268632825321925,2.4687649806493126,16.89902653970711,1.5093821624056682,8.742203257429738,5000.0,0.19274667492518668,587.9491275131653,1521.7550565481256,2600.821129479209,13,,0.2963690021745279,0.2336420412332357,0.5899310908790529,0.4105263157894737,0.29473684210526313,95,True,99.93291950063501,2.4687649806493126,7.1268632825321925,0.2336420412332357,0.4105263157894737,,6285.30906352315,39.89381726133544,2,,,0,-2.2322160813283958,-3.3281601027893424,7.944239629136732,8,3.944313269615529,1,3.944313269615529,1,,0,,0,,0
s01_B_natural_D032.wav,2.61,122.19815172714542,113.65906307974896,28.38150814267545,94.39633150790858,157.89173882848155,8.905595880235431,57.41676163001746,221.17362778529457,111,0.10449910147602616,0.01306238768450327,0.35,113.66774738984219,0.9143714026860559,0.0,2,1,57.8125,,7.5211145677670626,3.6832915174372,13.919175345298179,1.260099474577694,8.486092549513298,5000.0,0.1565130419393255,491.0507909350265,1779.6911446689128,2584.236891586157,13,,0.34373120641553767,0.2541796729044158,0.7497196289077916,0.43617021276595747,0.30851063829787234,94,True,94.39633150790858,3.6832915174372,7.5211145677670626,0.2541796729044158,0.43617021276595747,irregular_f0,6842.173217564372,1058.1195111670218,2,,,0,-6.129638967127355,-10.02255428411781,2.519127419664782,10,15.375393518999081,2,,0,,0,15.375393518999081,2,,0
s01_B_natural_D033.wav,2.98,122.74491922396903,120.98250491115841,18.04835195924703,96.20722931916046,146.75409369095337,7.310202429933787,61.66398449745228,210.5058286613509,103,0.09730152939189157,0.012162691173986447,0.35,119.9102435083609,0.8500418641364954,0.0,0,0,43.27731092436975,,8.309186081268598,2.7992761229675387,14.003931385102836,1.2380243090419472,7.826496566743546,5000.0,0.2195098229448471,586.2407027264903,1721.3877427141997,2649.028817888602,13,,0.29171102350176903,0.24059491667480795,0.6006128240993414,0.42696629213483145,0.3146067415730337,89,True,96.20722931916046,2.7992761229675387,8.309186081268598,0.24059491667480795,0.42696629213483145,,5459.458802725318,146.63305787226116,2,,,0,-3.1818494758180718,-8.25013673880686,5.3195068285663805,8,61.71233086393113,1,61.71233086393113,1,,0,,0,,0
s01_B_natural_D034.wav,3.28,126.93039221142145,118.39749772968439,27.61281236541413,97.66730861130556,161.6825592255668,8.72659699856447,57.78124767399884,230.59660880870018,113,0.051919958823422555,0.012979989705855639,0.35,115.71927188894766,0.6086419294061576,0.008928571428571428,2,1,45.381526104417674,,6.677410110047848,2.773881053663549,11.869825805886407,1.1359250430477097,7.871272459533683,3750.0,0.17278125262939636,517.9540634221282,1398.5030114901788,2137.333546041219,13,,0.28846745925138156,0.23706422999714266,0.608604838143953,0.32323232323232326,0.2727272727272727,99,True,97.66730861130556,2.773881053663549,6.677410110047848,0.23706422999714266,0.32323232323232326,,6358.382653334543,291.584132660255,2,,,0,-2.2358724099281537,-3.5963883380689716,12.520932659073837,8,12.581957113658948,1,12.581957113658948,1,,0,,0,,0
s01_B_natural_D035.wav,3.33,111.50227719092602,111.26263062728802,21.2524798618295,87.58707198486775,145.76140912133917,8.817827581574162,67.83543426274336,267.00594918147726,121,0.044224674502418015,0.011056168625604504,0.35,111.35673981196231,0.9169100367468475,0.008333333333333333,0,0,40.604026845637584,period_doubling_present,7.505247085339028,3.095076361505842,14.941889668798245,1.3552435929701558,7.167176272571143,4750.0,0.19285378855952315,591.0919845948347,1772.550814890867,2587.723229110772,13,,0.34908672668604346,0.27016943413189637,0.6964971973404297,0.4766355140186916,0.40186915887850466,107,True,87.58707198486775,3.095076361505842,7.505247085339028,0.27016943413189637,0.4766355140186916,irregular_f0,5894.857426102755,,1,,,0,-2.447735669527887,-3.588534394601469,4.725114767331236,7,4.106736143072887,1,,0,,0,4.106736143072887,1,,0
s01_B_natural_F001.wav,2.49,121.79074240059124,113.40330261042935,22.63029943502758,95.70296512821785,155.49626483012852,8.402932762397718,78.05185419646462,213.84978584308524,119,0.038435986318130104,0.009608996579532526,0.35,113.66693260937235,0.8319123601138017,0.0,0,0,46.484375,,6.80749094343805,2.3950580627422773,12.897190785859136,1.2419170078369215,8.173434192854554,4750.0,0.16611155457864937,487.18463903820304,1655.989731148296,2613.447444547977,13,,0.2975949934652075,0.22817185661883677,0.6953546751547471,0.33980582524271846,0.2524271844660194,103,True,95.70296512821785,2.3950580627422773,6.80749094343805,0.22817185661883677,0.33980582524271846,,6258.575243196694,,1,4980.892372907561,,1,-4.3544530163450315,-6.657009586797697,14.43618503932455,8,,0,,0,,0,,0,,0
s01_B_natural_F002.wav,2.85,112.81611104875348,112.21613528845803,23.93743401500821,84.84146627933278,149.33657362824977,9.788712908565191,72.63310241756687,179.10655084048727,151,0.08260696294516058,0.010325870368145073,0.35,111.53479200120773,0.6966233926513057,0.006666666666666667,2,1,56.13382899628253,period_doubling_present,8.098525017078115,3.592325443190709,13.889395820784953,1.3815855412723925,8.179448588058682,5000.0,0.19472841213773553,586.3027940319529,1804.3104221097005,2683.327722936726,13,,0.3697597306887428,0.3299901964296859,0.7506763741721855,0.5445544554455446,0.44554455445544555,101,True,84.84146627933278,3.592325443190709,8.098525017078115,0.3299901964296859,0.5445544554455446,multiply_pulsed;irregular_f0,,,0,,,0,-2.960703088598483,-4.730670870853383,4.527235436594228,10,,0,,0,,0,,0,,0
s01_B_natural_F003.wav,3.4,115.5253809484047,111.5451628585201,25.401995093423384,94.83912551262732,155.7333348805862,8.586282270710841,72.02421021705516,263.3707972742342,161,0.08330532166778574,0.010413165208473218,0.35,111.39713786568832,0.8815659146199598,0.00625,2,1,50.470219435736674,,8.241040632040635,2.3876845603420422,14.720671663537413,1.293201516462287,8.465408090798975,3500.0,0.21047639419090217,435.4575657195985,1110.3384195601275,1767.1781548586282,13,ceiling_at_search_edge,0.28160655863842693,0.23311906432890417,0.5793468853231336,0.39,0.23,100,True,94.83912551262732,2.3876845603420422,8.241040632040635,0.23311906432890417,0.39,,,,0,,,0,-1.6207753047560285,-3.308750822744729,8.256353812519283,8,41.07515816613861,1,,0,,0,41.07515816613861,1,,0
s01_B_natural_F004.wav,2.73,124.2989142065823,119.30125309926197,33.182706631357064,86.46500368579926,187.4394009194407,13.39483219788556,53.17013429583511,272.8809228591781,81,0.056422652297776765,0.014105663074444191,0.35,119.23045237751235,0.7650369663855907,0.025,6,1,42.63157894736842,,6.043693850009787,2.5721901760198627,14.52940168878317,1.3392310002339034,7.764968134899825,4750.0,0.1688847103300938,575.5227252558286,1729.6077834512917,2624.035839928696,13,,0.3142410530820919,0.25267063323054945,0.626117814417197,0.4166666666666667,0.30952380952380953,84,True,86.46500368579926,2.5721901760198627,6.043693850009787,0.25267063323054945,0.4166666666666667,,8415.165004420283,,1,,,0,-7.274007070861292,-12.113989251769263,4.206057927444026,10,,0,,0,,0,,0,,0
s01_B_natural_F005.wav,3.53,118.82652611197173,115.16919737596824,19.85805903162892,96.29223325725219,148.48129585919554,7.497478364683293,57.72851638951906,196.72564295706914,111,0.10393476872877569,0.012991846091096961,0.35,115.03317567599996,0.9554408344757873,0.0,0,0,42.04545454545455,,7.157669592383531,2.578232088759216,12.165727184176617,1.1526656080969955,7.983412924157603,4750.0,0.18590046620311895,559.7002943178069,1569.5931760911385,2583.066034833956,13,,0.29452456694145474,0.231042202483353,0.717465411478366,0.39603960396039606,0.2871287128712871,101,True,96.29223325725219,2.578232088759216,7.157669592383531,0.231042202483353,0.39603960396039606,,5793.518273644855,,1,,,0,-4.102826412559288,-5.966494632058622,-0.5303928377131513,11,,0,,0,,0,,0,,0
s01_B_natural_F006.wav,2.36,120.38967714386351,119.33523769757471,15.816424109203908,99.27150375013221,143.51771758201374,6.3813276051707,81.17047510645108,198.89984641005265,84,0.07391850290553673,0.00923981286319209,0.35,118.92238215957993,0.8658743894649081,0.012048192771084338,0,0,33.87096774193548,period_doubling_present,5.5778396016722365,2.9513335822052382,14.943752452109768,1.2894032748878268,7.614340208359819,3500.0,0.15574882619581074,528.0282438190013,1254.8709771619015,1876.4395481305473,13,ceiling_at_search_edge,0.3675698353515817,0.3129082054328042,0.6452308943272671,0.5636363636363636,0.43636363636363634,55,True,99.27150375013221,2.9513335822052382,5.5778396016722365,0.3129082054328042,0.5636363636363636,multiply_pulsed,6330.346603575335,1374.892103048853,4,,,0,-2.064194959557187,-3.3682924638810476,5.378420945556361,6,,0,,0,,0,,0,,0
s01_B_natural_F007.wav,3.14,114.92767098617713,110.03760926449729,18.524577210461707,93.06786167501,138.56580814156132,6.890596118584492,75.5811071306592,197.77211417703145,142,0.03969245905347503,0.009923114763368757,0.8,110.02378452595295,0.8607363068285178,0.0,0,0,45.36741214057508,period_doubling_present,6.8306110544348995,2.847014125517548,13.630908838151425,1.308543743473006,7.473482384075452,4500.0,0.18960082424049876,513.227659487282,1534.0857301562023,2515.4794134709146,13,,0.35385049172635097,0.335073400081802,0.6698905739144104,0.5865384615384616,0.46153846153846156,104,True,93.06786167501,2.847014125517548,6.8306110544348995,0.335073400081802,0.5865384615384616,multiply_pulsed,7748.791708267262,,1,4889.048522427331,,1,-5.723641695805807,-9.61651590844419,3.681415295615319,10,,0,,0,,0,,0,,0
s01_B_natural_F008.wav,3.04,123.42423402592257,115.37544566269943,29.053827578795445,94.22860579890376,176.26537765233658,10.842145474849302,57.08190285225254,206.6203564289993,87,0.10511212311071776,0.01313901538883972,0.35,115.29827166406982,0.8435070017809074,0.0,0,0,38.839285714285715,,4.195619204060074,2.4626194931432837,17.164820312064784,1.4448015688637137,7.227649825107376,4500.0,0.2061931659517147,630.1461755018627,1638.2798152009218,2524.226308231253,13,,0.2972646324258789,0.24676793961780935,0.5264971750587999,0.4731182795698925,0.34408602150537637,93,True,94.22860579890376,2.4626194931432837,4.195619204060074,0.24676793961780935,0.4731182795698925,,5699.449682344677,447.3948052256262,4,,,0,-4.459467514289939,-5.800664593321477,8.179533945158441,7,3.384302904262393,1,,0,,0,3.384302904262393,1,,0
s01_B_natural_F009.wav,2.76,119.88544923686116,116.44670627211971,16.67919202869145,98.61317763427202,147.31500363643698,6.948624254145842,81.9319292591626,193.85963460840753,120,0.07323152346408356,0.009153940433010445,0.35,115.95637008190457,0.9495362317955863,0.0,0,0,40.816326530612244,,8.674889723600407,2.7798663736860276,12.341799902787104,1.1741448041580826,8.100256387056072,5000.0,0.18060936080073228,455.6841578893602,1788.3850033178392,2576.254958402038,13,,0.2581112526139429,0.18916030240157114,0.5521431977273579,0.3394495412844037,0.22018348623853212,109,True,98.61317763427202,2.7798663736860276,8.674889723600407,0.18916030240157114,0.3394495412844037,,,,0,,,0,-3.445412009329965,-5.482501595345531,10.874248971973193,10,,0,,0,,0,,0,,0
s01_B_natural_F010.wav,3.5,122.54802158303411,115.05369058865274,25.188767866268698,95.33128394311126,167.4348722423341,9.750940825204957,74.37978923995058,185.8911351633444,99,0.0806670745011644,0.01008338431264555,0.35,115.0570167764952,0.8236762069575487,0.0,0,0,29.11764705882353,period_doubling_present,7.334081073321207,2.2641942005340328,11.150366292652265,0.9186151199690933,7.440187605873974,4500.0,0.15266108924488092,559.2796432903853,1480.0541539716712,2414.44573699422,13,,0.3594195140768899,0.27410485482204444,0.7703780580570824,0.49019607843137253,0.4215686274509804,102,True,95.33128394311126,2.2641942005340328,7.334081073321207,0.27410485482204444,0.49019607843137253,,5802.190900810441,,1,,,0,-4.107967742832976,-5.7915583439913485,3.812651020464686,10,3.7984107239972253,1,,0,,0,3.7984107239972253,1,,0
s01_B_natural_F011.wav,1.83,124.08264975107176,119.82800018394438,20.14172614899853,100.88618798805618,151.94903812938009,7.0903064305080745,83.67299435568572,198.20286718035362,146,0.07170772417316137,0.008963465521645172,0.35,120.02783816741967,0.9794685631238602,0.0,0,0,74.11167512690355,,8.4616781378624,2.4800077237232867,14.238516736027432,1.345731901230829,11.010996305384829,5000.0,0.14033096434910045,517.9851226599442,1619.5349570879157,2435.2421549758574,13,,0.26834144581851793,0.21576685012754673,0.5094948927328717,0.3898305084745763,0.288135593220339,118,True,100.88618798805618,2.4800077237232867,8.4616781378624,0.21576685012754673,0.3898305084745763,,,,0,,,0,-3.0652044677031407,-4.7707735470907755,1.991393497990033,9,,0,,0,,0,,0,,0
s01_B_natural_F012.wav,2.74,114.41614029584366,112.11804729006333,21.16786920923689,94.36787587869716,146.257034529016,7.585659367809345,57.10161178270707,187.29200802339295,107,0.1050758430923498,0.013134480386543725,0.35,112.61978238428836,0.8479674481331727,0.0,0,0,53.233830845771145,,7.1016094199063735,2.4569490589270773,14.429991967454617,1.3405414251136025,8.533372263883763,3750.0,0.19654432421452916,484.52689925297534,1342.9074928363327,1989.5178992413296,13,,0.26660436008170035,0.2113118331095802,0.5719671051691245,0.2875,0.2,80,True,94.36787587869716,2.4569490589270773,7.1016094199063735,0.2113118331095802,0.2875,,7901.263470033064,561.8752626660753,2,,,0,-2.427309988011963,-4.355844073838973,-0.6793650492451491,6,,0,,0,,0,,0,,0
s01_B_natural_F013.wav,2.81,115.5089807606031,112.69841372048458,19.531468554198835,94.84496826639497,148.60838823734008,7.774468905734064,55.19033582528505,187.1348671027758,84,0.108714685465841,0.013589335683230125,0.35,112.45478851058488,0.7940675406920357,0.0,0,0,42.21105527638191,,6.639933254386584,2.8118691710034835,12.307786598077575,1.1365145128575165,8.45534868454032,3750.0,0.19865180175400346,484.7792685993839,1563.2985293837032,2241.622155236766,13,,0.25539521177204977,0.17824612031257064,0.5270650084081651,0.32,0.21,100,True,94.84496826639497,2.8118691710034835,6.639933254386584,0.17824612031257064,0.32,,7838.285590803607,,1,,,0,-2.136061302155177,-3.25577943062272,1.2929931216932875,7,,0,,0,,0,,0,,0
s01_B_natural_F014.wav,2.88,108.34823902374103,108.61025658147285,19.702051483045484,85.91485798692017,131.99732615275806,7.434349798559191,55.394722539906475,177.94410172903315,113,0.054156783578774924,0.013539195894693731,0.8,108.61230438708068,0.9035296956147634,0.017857142857142856,4,0,54.066985645933016,,7.091077386794741,2.445039809746656,12.097712240242911,1.0444783451376856,8.5263826664944,5000.0,0.17018535194124174,593.5126199896281,1836.7399011767109,2628.227401714903,13,,0.27883319588275074,0.21195461154424713,0.5891831807455881,0.4,0.304,125,True,85.91485798692017,2.445039809746656,7.091077386794741,0.21195461154424713,0.4,,,,0,,,0,-2.0596782075706392,-3.36122655455722,2.4415951925599377,9,,0,,0,,0,,0,,0
s01_B_natural_F015.wav,2.81,111.66375857039404,104.23275278325706,21.41160340180135,88.64238349429081,147.02020258867302,8.759350023132075,71.19677867550425,192.32948394054606,129,0.04213673786665535,0.010534184466663838,0.35,103.71573374821152,0.9039986520727519,0.0,0,0,49.049429657794676,,7.4059560643271505,2.6416409715638576,13.93470109555405,1.327333337085736,7.9475308875629835,3750.0,0.1546933995108439,497.80759332492937,1366.3267403924538,2053.846289933832,13,,0.30205804557776783,0.2644980355309896,0.5954979717585792,0.4074074074074074,0.2777777777777778,108,True,88.64238349429081,2.6416409715638576,7.4059560643271505,0.2644980355309896,0.4074074074074074,,6022.111355085826,38.971139558044634,2,,,0,-3.080941694563588,-4.525481653626004,6.500587356740841,12,,0,,0,,0,,0,,0
s01_B_natural_F016.wav,2.65,128.04739149750188,121.76336356057175,28.25918767452321,92.17724793020996,169.6556678928039,10.561524345553671,84.63662400469252,306.51987354985863,156,0.03544564820819968,0.00886141205204992,0.8,125.4767101742261,0.951131511124761,0.0064516129032258064,0,0,52.7027027027027,,7.585119841747965,2.6855618874314575,11.62097771216151,1.071036684694068,9.498306670040998,5000.0,0.17645738485740925,716.207763212992,1597.2348499966279,2560.6595806572027,13,,0.24196183696693044,0.15955267797330025,0.5989376163613155,0.27472527472527475,0.21978021978021978,91,True,92.17724793020996,2.6855618874314575,7.585119841747965,0.15955267797330025,0.27472527472527475,,7282.305574347609,,1,,,0,-3.739700406835958,-5.111159958522275,0.6620314145274548,9,46.39081772169562,2,,0,,0,46.39081772169562,2,,0
s01_B_natural_F017.wav,2.99,123.98781419956553,120.87008494012724,28.437104274097326,96.82460334465617,164.8577934641859,9.21331799044981,55.9595174580201,341.20526832196373,91,0.1072203670180162,0.013402545877252025,0.35,119.72344618221118,0.3989134765939317,0.022222222222222223,3,0,42.129629629629626,anchor_unreliable,5.959553351716068,3.5727784158958573,14.152147874103493,1.302229410144112,7.576273649848141,3750.0,0.18629834748952503,515.9358509337105,1297.5145887398185,2298.1837716114233,13,,0.3665920484395997,0.2463631299359617,0.743952892669296,0.42592592592592593,0.37037037037037035,54,True,96.82460334465617,3.5727784158958573,5.959553351716068,0.2463631299359617,0.42592592592592593,irregular_f0,,,0,4784.3053624513,,1,-3.446309339887616,-7.619307652350148,10.308657316566045,5,,0,,0,,0,,0,,0
s01_B_natural_F018.wav,3.2,125.54469028499489,119.73768554998293,25.800278912938758,100.33472868357488,165.96745923546706,8.712952251829257,77.70902639364814,210.7380460319201,142,0.07721110762096016,0.00965138845262002,0.35,119.05817807798547,0.9239195003016107,0.014184397163120567,0,0,43.82716049382716,,6.9991591645900595,1.840109814578457,12.957123436898888,1.2108171987962053,7.807449659332049,5000.0,0.16982216331062516,596.647368963485,1738.047241403454,2576.2166662756026,13,,0.26269783378358535,0.19391317917488377,0.5655999678728838,0.29896907216494845,0.23711340206185566,97,True,100.33472868357488,1.840109814578457,6.9991591645900595,0.19391317917488377,0.29896907216494845,,6201.630458017495,181.94269969748473,3,,,0,-1.4986419030530544,-3.025582625852617,5.10651506584351,9,4.351666166848567,1,,0,,0,4.351666166848567,1,,0
s01_B_natural_F019.wav,2.53,125.11152707941592,127.60776589208628,22.438150860030625,94.83100002597469,155.60141664229394,8.573094482836968,77.98757344944065,208.09545598128975,131,0.076935333856615,0.009616916732076874,0.35,129.79412431432903,0.9083250578796858,0.0,0,0,51.171875,,7.607231997618757,2.63584043311685,10.499705139632464,1.113031648838261,9.162431621651885,4500.0,0.1523215639853631,564.4232361488471,1628.0889050493067,2323.5826375565916,13,,0.2611880937418922,0.19122093095327547,0.5129692481491595,0.35135135135135137,0.2702702702702703,111,True,94.83100002597469,2.63584043311685,7.607231997618757,0.19122093095327547,0.35135135135135137,,6165.253872528141,198.23168248599185,2,,,0,-4.342606779411225,-8.422419367250944,4.128676152161777,9,20.59954603412617,2,37.91324554252151,1,,0,3.285846525730829,1,,0
s01_B_natural_F020.wav,2.9,116.7964347862806,104.74942936743861,30.469138171129078,90.01396678095756,171.79077231076792,11.18918122460643,55.215039710278674,187.0802003841984,81,0.10866604518411778,0.013583255648014722,0.35,104.40550907259284,0.5602483597394328,0.025,1,0,39.320388349514566,period_doubling_present,5.623027237272273,2.89343458480698,11.855480534201824,1.1258471336320077,7.632755935172653,5000.0,0.1589580167159417,668.3757729963633,1766.0917283938172,2587.132804182128,13,,0.3424384908814398,0.28025084916010734,0.658709360357442,0.5,0.40217391304347827,92,True,90.01396678095756,2.89343458480698,5.623027237272273,0.28025084916010734,0.5,multiply_pulsed,5836.205266466785,,1,,,0,-3.3194536796024874,-5.142189009597427,1.5527047151320144,8,,0,,0,,0,,0,,0
s01_B_natural_F021.wav,2.88,115.8012466661836,113.70340484288292,21.97891918097588,93.11237962439102,145.68952727627223,7.750227330450522,53.13054098870309,188.89610698679192,92,0.05646469891277555,0.014116174728193888,0.35,113.74743948585993,0.661949505296261,0.0,0,0,45.77114427860697,,6.758338917263794,2.2690654654597053,12.915211737650695,1.2659310145038847,8.030517953695668,5250.0,0.193010535203373,587.022851121497,1872.0986005760305,2633.919120085803,13,,0.339501835599494,0.26570782593687514,0.6648409956672854,0.48514851485148514,0.36633663366336633,101,True,93.11237962439102,2.2690654654597053,6.758338917263794,0.26570782593687514,0.48514851485148514,,5960.702354736377,,1,,,0,-0.7008868798889694,-1.8192661753600206,8.66715162343882,7,2.430133470435525,1,2.430133470435525,1,,0,,0,,0
s01_B_natural_F022.wav,3.04,121.15480501326961,111.56677806162944,24.309550309213588,99.8335383872936,166.1358731486335,8.817205891103642,78.94825759178293,192.10213963853286,156,0.07599914403461755,0.009499893004327194,0.35,111.54296215164709,0.9603743548121678,0.0064516129032258064,0,0,49.840255591054316,,7.826058444490689,2.987698533130817,12.310787582492415,1.1498225477675075,8.507762478837352,3500.0,0.223500500775811,440.62867189665064,1169.4705456252477,1896.968977557524,13,ceiling_at_search_edge,0.3219161049746152,0.23124717288780527,0.7026809306276902,0.44715447154471544,0.36585365853658536,123,True,99.8335383872936,2.987698533130817,7.826058444490689,0.23124717288780527,0.44715447154471544,,6846.113144562516,,1,5167.67867919043,,1,-6.199783742143407,-7.941229916620867,2.1226973198903925,12,64.76940066929559,1,,0,,0,64.76940066929559,1,,0
s01_B_natural_F023.wav,3.46,120.94508913273363,117.79193758475475,25.526092742762952,87.6173510582129,153.9198185504507,9.754686001938005,70.00875784783767,205.88193776977405,136,0.042851781580247814,0.010712945395061953,0.35,117.92442979017649,0.9102092978033426,0.0,0,0,42.63322884012539,,7.194980766884025,2.468347277744915,13.086257352316604,1.2904740574463194,7.478744713614344,5250.0,0.1670184311756989,595.6849916777195,1810.1549647445831,2661.463783281464,13,,0.2758733988360339,0.2046166506027927,0.6152761086886891,0.3619047619047619,0.2761904761904762,105,True,87.6173510582129,2.468347277744915,7.194980766884025,0.2046166506027927,0.3619047619047619,,,,0,,,0,-4.6130818657097,-7.004220353340209,6.63458459660136,11,13.01682470702259,1,,0,,0,13.01682470702259,1,,0
s01_B_natural_F024.wav,2.86,132.02294898849527,125.6775848528056,28.309988810796238,97.99530669197136,179.45214886692628,10.473775658671752,65.77506119763808,223.9113414869983,116,0.045609991771588455,0.011402497942897114,0.35,126.38734835730742,0.8447201727321694,0.0,0,0,46.963562753036435,,6.865045916729129,3.0390549048451105,13.134905490178598,1.2832858607765296,7.984536022933769,4500.0,0.20209121326564147,673.2875425205068,1676.0988871140416,2539.9259520613473,13,,0.2742781923498761,0.2194265715389721,0.5389905787005006,0.36363636363636365,0.23636363636363636,110,True,97.99530669197136,3.0390549048451105,6.865045916729129,0.2194265715389721,0.36363636363636365,irregular_f0,5616.476256480295,689.7671531413749,2,4502.78949260964,,1,0.7456765526637987,-0.24340296070169032,14.250030522993733,10,41.36562762352547,1,41.36562762352547,1,,0,,0,,0
s01_B_natural_F025.wav,3.06,113.83982905470243,108.5658378206476,22.53307645694197,90.73030886273344,153.67276715377005,9.122460575689313,72.92784020569442,184.39347127179303,130,0.041136553496421126,0.010284138374105281,0.35,108.07765072526622,0.932510595652746,0.015503875968992248,0,0,44.21768707482993,,7.504009136030932,3.3020743920058924,13.516994459549547,1.1898770771967435,7.750729561954658,5000.0,0.14316764011940816,597.4537329814957,1875.7734209638975,2657.2329414633186,13,,0.3415164375829977,0.2924613575501174,0.6973390132182755,0.5398230088495575,0.3893805309734513,113,True,90.73030886273344,3.3020743920058924,7.504009136030932,0.2924613575501174,0.5398230088495575,multiply_pulsed;irregular_f0,6185.493530764421,533.0245428342373,2,,,0,-4.586898091390059,-6.492737519464138,1.0929201635222745,10,4.454698395128354,1,4.454698395128354,1,,0,,0,,0
s01_C_creak_C001.wav,2.14,345.70110022352986,452.307831810355,254.55368297585153,75.83066186580487,642.1116312876044,36.98365094235678,60.49194021236739,693.5514229263098,17,0.049593383671741764,0.012398345917935441,0.35,93.30299056333787,0.0,0.125,0,0,10.059171597633137,anchor_unreliable;jumpy;low_voicing;period_doubling_present,1.3882797993367202,5.92282172327355,24.688999925282857,2.0884125618707303,5.736962094412353,5500.0,0.16003922588104452,706.204045788283,1842.0243522391725,2680.576017258044,13,,0.604262566255211,0.5757965485967447,0.8537823145211471,1.0,0.875,24,True,75.83066186580487,5.92282172327355,1.3882797993367202,0.5757965485967447,1.0,multiply_pulsed;irregular_f0,5587.238977876896,4136.094229038373,2,,,0,15.634238587767316,25.116947909489536,12.681114261709045,7,,0,,0,,0,,0,,0
s01_C_creak_C002.wav,2.36,67.46756034766439,70.56364660312983,5.686202071361655,57.75486018902414,72.26782947856651,3.8809344851588228,48.25333892037923,119.5403704385293,12,0.12434372696779271,0.015542965870974089,0.35,104.70408951620627,0.0,0.0,0,0,8.333333333333334,anchor_unreliable;low_voicing;period_doubling_present,2.243498139726246,4.515001968305183,16.12844103881823,1.127295406522816,4.567329355276866,4000.0,0.1813054565885802,540.0145716554977,1451.4692802195036,2311.633584056336,13,,0.57113409849281,0.5529094505482032,0.7737911040645101,0.9743589743589743,0.8974358974358975,39,True,57.75486018902414,4.515001968305183,2.243498139726246,0.5529094505482032,0.9743589743589743,multiply_pulsed;irregular_f0,7480.812865318461,248.22641968053605,2,,,0,-4.279644366004932,-4.8584338987756155,1.3993328592621115,7,,0,,0,,0,,0,,0
s01_C_creak_C003.wav,2.48,76.47720645306873,79.15009015383532,14.626846392126636,58.34417121590701,91.55477865628622,7.800559869875917,41.454442975039505,111.41154414324154,34,0.14473719990913186,0.018092149988641483,0.8,81.07258487003193,0.7552696696496778,0.06060606060606061,7,6,26.153846153846153,jumpy;heavy_repair;period_doubling_present,4.5821485088117155,4.295444968010077,16.083931687668805,1.3821190579941212,4.6237112355956205,5000.0,0.14064508019556068,517.6243392858078,1547.1003212293567,2599.821709719532,13,,0.452519031846293,0.44504453408140954,0.6587514592661404,0.8271604938271605,0.6790123456790124,81,True,58.34417121590701,4.295444968010077,4.5821485088117155,0.44504453408140954,0.8271604938271605,multiply_pulsed;irregular_f0,7903.663484141655,,1,,,0,-0.9711168825241501,-1.3166445060658702,17.721658786179454,8,,0,,0,,0,,0,,0
s01_C_creak_C004.wav,2.42,198.85489267687055,83.36890275735266,177.08289230698543,76.1787721371006,494.1077484269289,32.36837688263877,59.77293354454509,675.6614872458806,70,0.10037988173239931,0.012547485216549914,0.35,83.05001162934313,0.8493728850863946,0.043478260869565216,9,3,37.83783783783784,heavy_repair;period_doubling_present,6.294554652648123,5.247786469381455,17.495544303194,1.490278431661143,6.595519083468041,5500.0,0.1394738656320603,566.4412185805304,1823.4207155534236,2690.1236914788988,13,,0.45672198026540783,0.41968227161377525,0.7404939065425038,0.8314606741573034,0.6629213483146067,89,True,76.1787721371006,5.247786469381455,6.294554652648123,0.41968227161377525,0.8314606741573034,multiply_pulsed;irregular_f0,,,0,,,0,12.341097409338719,26.962630947021854,14.5422319295654,5,,0,,0,,0,,0,,0
s01_C_creak_C005.wav,3.0,250.54476582742134,84.15836615978179,261.28530725365664,65.6230137934401,645.9551658998226,39.589923325303886,40.801476637138194,750.0,58,0.07352675067816906,0.018381687669542266,0.8,84.09843314008765,0.5780670891398696,0.03508771929824561,0,0,36.25,period_doubling_present,3.303990597182231,5.44327734987502,21.853665051182777,1.7926763562261376,7.125291749873159,4750.0,0.20491797405160872,597.7624895963916,1708.547951277922,2577.4692082244046,13,,0.48376879668061773,0.47083174398578775,0.7664761439119537,0.8110236220472441,0.6771653543307087,127,True,65.6230137934401,5.44327734987502,3.303990597182231,0.47083174398578775,0.8110236220472441,multiply_pulsed;irregular_f0,,,0,,,0,11.925734499023573,27.895321012709292,13.012030028020817,10,,0,,0,,0,,0,,0
s01_C_creak_C006.wav,2.18,92.54555167143626,93.63569155019107,15.876831674986748,73.71366757872102,111.45329240924562,7.157222276720727,54.62512359552805,143.59231333060544,17,0.10983956840861403,0.013729946051076754,0.35,81.35448472962953,0.0,0.0625,0,0,11.258278145695364,anchor_unreliable;jumpy;low_voicing;period_doubling_present,2.656165693589223,6.4720187566311305,21.50688717843266,1.6432134468800887,5.009721627806847,5000.0,0.1720508703618929,651.1687041285069,1798.193204978602,2684.9376676657903,13,,0.5370367382154239,0.5514269122211772,0.7098448754143794,0.8947368421052632,0.868421052631579,38,True,73.71366757872102,6.4720187566311305,2.656165693589223,0.5514269122211772,0.8947368421052632,multiply_pulsed;irregular_f0,,,0,,,0,-0.4813179665509099,-1.443473876501539,6.846806631606131,6,,0,,0,,0,,0,,0
s01_C_creak_C007.wav,3.17,194.10039368582792,91.17496728324605,142.78778949196968,81.10725719891815,395.55947330031427,27.43190053056668,60.49009115370056,586.3935892047036,36,0.049594899640293746,0.012398724910073437,0.8,88.16075937473961,0.5860754851305405,0.02857142857142857,0,0,14.285714285714286,low_voicing;period_doubling_present,2.5841460938790313,5.811320401281325,23.61595005043639,1.9997726959468527,5.488469794480697,5000.0,0.14957691870835357,661.5146467832021,1704.1289883814825,2647.6003289028977,13,,0.534842855104463,0.576430310746923,0.7346331913126353,0.875,0.78125,64,True,81.10725719891815,5.811320401281325,2.5841460938790313,0.576430310746923,0.875,multiply_pulsed;irregular_f0,7169.334626531958,424.8309408733335,2,,,0,3.5391680341943026,2.6816127605986537,7.669452114917796,7,,0,,0,,0,,0,,0
s01_C_creak_C008.wav,2.42,200.6054354197826,106.23895155060778,174.19133061200742,64.8670380668702,487.1785359619851,34.906717235337354,52.95275634135347,695.2744641230428,31,0.11330854925325763,0.014163568656657204,0.35,81.96982838337243,0.24832540358497335,0.13333333333333333,5,0,19.01840490797546,anchor_unreliable;jumpy;heavy_repair;period_doubling_present,1.8999093632184465,5.999632044840717,21.783044783274967,1.9236920145661898,6.027215836934755,3500.0,0.20537043708032252,514.3185696638212,1240.103437120521,1894.6678494353005,13,ceiling_at_search_edge,0.5412863546153304,0.5328110263656686,0.8003022601738876,0.9302325581395349,0.8837209302325582,43,True,64.8670380668702,5.999632044840717,1.8999093632184465,0.5328110263656686,0.9302325581395349,multiply_pulsed;irregular_f0,6002.321145633146,,1,3676.5566480516422,,1,-9.576007899991565,-27.026326322570245,18.630155261807854,6,5.379190694303704,1,,0,,0,5.379190694303704,1,,0
s01_C_creak_C009.wav,1.78,217.8345781463641,88.8434456600828,163.14278924981988,75.93224305613393,461.3552434099384,31.237122262614783,59.581123142977575,535.2275411578767,34,0.10070303618818538,0.012587879523523172,0.35,86.73191878670606,0.7238078849869147,0.030303030303030304,1,1,25.37313432835821,period_doubling_present,2.702227325340265,6.308301665301347,26.47761307190691,2.14252672531709,5.8840578086483655,5500.0,0.1109589703566357,666.782881519199,1597.8494564382388,2713.1648627433133,13,,0.509298042068351,0.4884655646528409,0.8050463366261668,0.8048780487804879,0.7317073170731707,41,True,75.93224305613393,6.308301665301347,2.702227325340265,0.4884655646528409,0.8048780487804879,multiply_pulsed;irregular_f0,8032.445200906639,,1,,,0,-5.454327616362505,-13.552730906598894,9.346123073369675,4,,0,,0,,0,,0,,0
s01_C_creak_C010.wav,3.4,78.47066014273817,78.2194266931088,7.400823955149344,73.18570801098132,87.73135310682348,3.1383669469733046,56.4691153768023,685.9429545283007,17,0.10625277127087455,0.01328159640885932,0.8,272.3432384015654,0.0,0.0,0,0,6.854838709677419,anchor_unreliable;low_voicing;period_doubling_present,2.0266877716933323,6.691933397980223,20.64881100540227,1.848899541782203,6.090076090844516,4500.0,0.14898108374642732,507.8451554396046,1321.730700843445,2336.153305136402,13,,0.49908812873896596,0.4677167311348768,0.8052989080433152,0.8958333333333334,0.7083333333333334,48,True,73.18570801098132,6.691933397980223,2.0266877716933323,0.4677167311348768,0.8958333333333334,multiply_pulsed;irregular_f0,7968.623514474949,,1,,,0,-2.395333404344953,-4.314867013879852,-0.1558520216177648,7,,0,,0,,0,,0,,0
s01_C_creak_C011.wav,2.22,70.64789453464081,72.0874352706069,9.912933577281578,58.59674841613299,84.17530370723188,6.2709169304454235,43.85638699288768,115.64032087326464,10,0.06840508773526006,0.017101271933815016,0.8,72.42902174576767,0.9729223074317924,0.0,0,0,7.936507936507937,low_voicing;period_doubling_present,2.3832121731016223,5.883483780321556,21.891590496670673,1.6980953597164314,4.350663704786825,4250.0,0.22220612715344412,497.7922086166591,1561.2615744541572,2393.7563162338583,13,,0.49745583350563577,0.48558076986440235,0.7048031964001804,0.9,0.725,40,True,58.59674841613299,5.883483780321556,2.3832121731016223,0.48558076986440235,0.9,multiply_pulsed;irregular_f0,6795.3655505520355,,1,,,0,-1.8804580193978353,-2.6064648380609796,4.435864798513762,6,,0,,0,,0,,0,,0
s01_C_creak_C012.wav,2.52,86.68579457050909,87.64073556972811,14.03106186219909,75.11215154466979,99.36105718316072,4.843610396732334,42.23130986009474,141.4507197448659,31,0.07103734196117757,0.017759335490294393,0.35,87.42861148408768,0.9415838831354555,0.03333333333333333,0,0,22.463768115942027,period_doubling_present,2.5257160295193795,3.1236658971378306,16.788057297256216,1.5820694723410451,5.479861946066513,4000.0,0.1894601839406712,535.6433392336296,1362.8235048749439,2261.7378201218885,13,,0.469262254141457,0.4437396943021586,0.7250275597295851,0.9090909090909091,0.75,44,True,75.11215154466979,3.1236658971378306,2.5257160295193795,0.4437396943021586,0.9090909090909091,multiply_pulsed;irregular_f0,8371.29441585062,,1,,,0,2.300089496721732,1.8080708410872859,11.53586791399644,6,,0,,0,,0,,0,,0
s01_C_creak_C013.wav,2.46,78.04901074378913,79.25916383864329,7.349040713951298,64.22037546742479,86.95547159066876,5.246948528813726,56.396818524286566,129.62363221557007,36,0.10638898003468364,0.013298622504335455,0.35,84.55695258001471,0.8100006554520535,0.0,0,0,20.338983050847457,period_doubling_present,4.105588077314766,4.700783593421097,18.32579892309715,1.4362016382061646,4.995728424071973,4000.0,0.17779521030658332,526.50903305201,1552.867571201694,2305.7028838988426,13,,0.4209431686609223,0.40760964421320545,0.6721781256620531,0.6923076923076923,0.6410256410256411,39,True,64.22037546742479,4.700783593421097,4.105588077314766,0.40760964421320545,0.6923076923076923,multiply_pulsed;irregular_f0,6386.381576349227,,1,4297.686043278865,,1,-5.8323474858458795,-7.679515354658292,-3.5604121365851995,4,,0,,0,,0,,0,,0
s01_C_creak_C014.wav,2.7,95.06962147379565,94.75983032848151,1.908061812336206,92.61518925803622,97.95117673521847,0.9697680456246643,55.14038241025413,143.59724989770257,13,0.054406586767561264,0.013601646691890316,0.8,96.55671541308652,0.44081058794218436,0.0,0,0,6.666666666666667,anchor_unreliable;low_voicing;period_doubling_present,3.158652630018389,4.629330543792085,16.165541231938327,1.431799123071149,5.207386701701206,5000.0,0.16417287394789384,507.0785896039094,1837.0699882609033,2622.8520872972836,13,,0.5075318129621186,0.49864629770166535,0.8332117885624901,0.76,0.64,50,True,92.61518925803622,4.629330543792085,3.158652630018389,0.49864629770166535,0.76,multiply_pulsed;irregular_f0,7252.883627846407,355.1888286261945,2,,,0,-2.5786262992262117,-4.059654764673812,0.023396613453138926,7,1.50531045751634,1,1.50531045751634,1,,0,,0,,0
s01_C_creak_C015.wav,1.78,369.8653596993275,391.1463641118396,103.4388749608006,348.1754837061449,443.55109000373244,4.191428020045016,54.175497138579246,501.6263843280094,12,0.11075117565884418,0.013843896957355523,0.35,82.40706963672261,0.6989537322047872,0.09090909090909091,0,0,9.917355371900827,octave_disagreement;jumpy;low_voicing;period_doubling_present,2.098345097339746,6.909205245201931,26.498859128190077,1.8811243415426715,5.151628168727391,4250.0,0.14208232580035415,572.9798141253387,1458.1275183999214,2419.3998197280807,13,,0.4908441265253694,0.4827188240977608,0.6928620312239938,0.9166666666666666,0.8333333333333334,24,True,348.1754837061449,6.909205245201931,2.098345097339746,0.4827188240977608,0.9166666666666666,multiply_pulsed;irregular_f0,7146.245992753876,513.1764948577982,3,,,0,2.042195742828328,-0.14376148037275271,3.735810839550668,3,,0,,0,,0,,0,,0
s01_C_creak_C016.wav,2.32,356.69906574347493,454.2572959605386,200.09790163092197,69.79244924240245,544.0115396343585,35.549932653462605,52.19740933544561,740.4311859000047,25,0.11494823356923942,0.014368529196154927,0.8,163.3301567390127,0.0,0.041666666666666664,0,0,16.233766233766232,anchor_unreliable;period_doubling_present,2.945496330779859,6.678654826681388,18.77956473846889,1.8138204361327088,6.567305264566063,4250.0,0.17070043900361306,475.30329302079366,1379.74872266227,2352.070983386983,13,,0.48446027514083717,0.43543370578460966,0.723581926298743,0.9180327868852459,0.6885245901639344,61,True,69.79244924240245,6.678654826681388,2.945496330779859,0.43543370578460966,0.9180327868852459,multiply_pulsed;irregular_f0,7143.668052989076,892.6968351978608,3,,,0,6.605059067284164,15.571841189493105,5.472338066870574,4,23.733948601994513,1,23.733948601994513,1,,0,,0,,0
s01_C_creak_C017.wav,2.29,91.91373738678486,91.25636260578204,8.832301658260501,82.51131210246089,105.7501995295075,4.295958688487978,46.05186339156309,139.9322422805272,23,0.1302878875711081,0.016285985946388512,0.35,91.13801331366577,0.5892935236617596,0.0,0,0,17.293233082706767,period_doubling_present,2.3399499111118485,2.7013498718643296,11.724468251802064,0.9648684104867661,5.606447127699267,3750.0,0.17122939766555936,596.9469311593703,1443.5279316780864,2199.145201121608,13,,0.3983083984339494,0.40099655996943745,0.6504763345730753,0.7021276595744681,0.5531914893617021,47,True,82.51131210246089,2.7013498718643296,2.3399499111118485,0.40099655996943745,0.7021276595744681,multiply_pulsed,6646.824122078892,530.6951686288609,3,,,0,-2.813519854538132,-3.4656798197434213,4.219270974233158,7,,0,,0,,0,,0,,0
s01_C_creak_C018.wav,2.6,87.51662310755347,87.84250516119128,6.830816448154519,77.86291470164015,97.05220001169961,3.8138947872878797,45.9963080238087,141.72668601556524,35,0.1304452521905512,0.0163056565238189,0.35,87.97646448799486,0.9658802582487376,0.0,0,0,23.026315789473685,period_doubling_present,1.7240367555127056,4.279339102574979,14.21848885049318,1.4260001323578764,4.946122301194707,3750.0,0.2030425183178297,585.3410918663451,1293.2903813795178,2245.754978755564,13,,0.4723065469280676,0.46148798008236835,0.6906317032182312,0.8888888888888888,0.7222222222222222,54,True,77.86291470164015,4.279339102574979,1.7240367555127056,0.46148798008236835,0.8888888888888888,multiply_pulsed;irregular_f0,6828.155446081815,553.0325193990566,2,,,0,-4.939600110550398,-5.7499118616821185,1.5132215821807442,5,,0,,0,,0,,0,,0
s01_C_creak_C019.wav,2.34,87.66493155238388,88.9920810060698,8.224779089542878,76.18984351596399,97.42025340331266,4.255476524371925,44.74402663724297,138.23100471148678,40,0.1340961118373254,0.016762013979665674,0.35,89.07753302226413,0.9093311971148683,0.02564102564102564,0,0,30.303030303030305,,3.4167542013430143,4.190499168650055,12.399936988998864,1.2015015006555816,5.802834163384465,3750.0,0.18544510616633172,485.478261975784,1419.8000258992815,2263.69171831688,13,,0.33665868605790256,0.2643996698582075,0.6579109509797437,0.46153846153846156,0.34615384615384615,52,True,76.18984351596399,4.190499168650055,3.4167542013430143,0.2643996698582075,0.46153846153846156,irregular_f0,8457.552203657047,379.41389627824805,2,,,0,0.217384590267964,-0.8819154490513945,5.441126359259997,4,,0,,0,,0,,0,,0
s01_C_creak_C020.wav,2.63,72.86866523969287,72.49568015588753,11.693365225077885,58.54839512588324,89.84307129039878,7.413331460845979,45.58755526693521,121.87690159193767,33,0.13161486648861423,0.01645185831107678,0.8,74.39235746632238,0.8575720727887701,0.0625,0,0,21.710526315789473,jumpy;period_doubling_present,4.554647472372443,4.598960940805331,19.470908156792117,1.7685779428602608,4.412908547170863,5250.0,0.1739746472052303,468.01030521712676,1974.9876881077707,2663.5300111356164,13,,0.5382053018347631,0.5390872921416541,0.8233610846949855,0.8,0.7285714285714285,70,True,58.54839512588324,4.598960940805331,4.554647472372443,0.5390872921416541,0.8,multiply_pulsed;irregular_f0,6863.421236754564,,1,,,0,0.6580351549325592,0.10516016114944193,9.336631670229607,8,,0,,0,,0,,0,,0
s01_C_creak_C021.wav,2.38,76.61093031161035,74.64930055399711,12.654138406029231,63.70521013705032,96.55931199103985,7.200048339651945,47.319259205764155,143.84839909895612,14,0.12679826566830774,0.015849783208538467,0.35,96.40248749976259,0.8800796849928385,0.07692307692307693,0,0,9.79020979020979,octave_disagreement;jumpy;low_voicing;period_doubling_present,2.337219622253707,3.8932235825725656,12.43159687086027,1.1007037868561764,4.934493067162355,5250.0,0.16898404419897203,713.755618034769,1735.3472990238095,2661.14156120181,13,,0.5263691599078815,0.5293351599214956,0.7214319430339159,0.8648648648648649,0.7837837837837838,37,True,63.70521013705032,3.8932235825725656,2.337219622253707,0.5293351599214956,0.8648648648648649,multiply_pulsed;irregular_f0,6474.213517710731,,1,,,0,-3.0854749729599202,-3.6419795817925458,9.061103784419215,6,,0,,0,,0,,0,,0
s01_C_creak_C022.wav,2.68,68.99690025010553,63.57405603356289,14.316491984872364,56.77927975887438,93.94585312061437,8.717579185402105,40.0,108.55715687217881,26,0.15,0.01875,0.35,74.07141523090326,0.8059829988097287,0.08,0,0,19.25925925925926,octave_uncertain;jumpy;period_doubling_present,2.289255812157329,3.187715964464513,13.384717228209848,1.1404799504414667,4.826176293727409,5250.0,0.12971994867044057,638.79747470963,1693.4917266313819,2704.7362836783163,13,,0.5423759180493547,0.49674237204725025,0.8860353432869823,0.8026315789473685,0.7763157894736842,76,True,56.77927975887438,3.187715964464513,2.289255812157329,0.49674237204725025,0.8026315789473685,multiply_pulsed;irregular_f0,5452.388667065526,2731.3745644151295,2,,,0,-4.844580077888018,-5.045444095385541,3.856307003940465,7,,0,,0,,0,,0,,0
s01_C_creak_C023.wav,2.65,82.53275251287371,75.2889198670309,14.024824843001367,70.2970383064551,105.2522904593465,6.987789788159221,52.681842977745546,139.92136374943794,20,0.1138912319854601,0.014236403998182512,0.35,87.96248182878007,0.09101005523299543,0.0,0,0,11.1731843575419,anchor_unreliable;low_voicing;period_doubling_present,2.808409600650202,5.18244747998717,11.773382926640984,1.037201719624867,5.040178648548903,5000.0,0.16702766771893449,574.5190543725298,1758.609183606118,2684.916882550458,13,,0.5852813854393542,0.5674536964787121,0.9059737382829517,0.9333333333333333,0.9,30,True,70.2970383064551,5.18244747998717,2.808409600650202,0.5674536964787121,0.9333333333333333,multiply_pulsed;irregular_f0,7193.230397426449,111.39560626933368,2,,,0,0.9776343497711046,0.06903596672740875,6.836240904906463,8,,0,,0,,0,,0,,0
s01_C_creak_C024.wav,2.55,318.7764843080304,434.71982353835097,192.90168751942252,78.62605409928926,518.3352249047786,32.64967296815801,65.74660148990617,750.0,33,0.045629734952316564,0.011407433738079141,0.8,87.5431433821577,0.4,0.03125,0,0,15.0,anchor_unreliable;period_doubling_present,1.5120493570183715,6.764819061189435,21.09341598435572,1.915620319878262,6.699266054870312,4500.0,0.1698932477707388,484.5547344503416,1609.6072067229406,2597.1885356088196,13,,0.531532430439602,0.50895602169719,0.8025445285939924,0.9361702127659575,0.8297872340425532,47,True,78.62605409928926,6.764819061189435,1.5120493570183715,0.50895602169719,0.9361702127659575,multiply_pulsed;irregular_f0,7173.120468078974,,1,,,0,12.322107445173131,24.518024246441488,18.345151246681336,10,,0,,0,,0,,0,,0
s01_C_creak_C025.wav,1.88,160.06401886263026,71.91623242041477,172.14810144514422,54.96319753454677,378.6145040799171,33.41030204977818,44.12496576382554,692.2204125437486,43,0.06798872130705323,0.016997180326763308,0.8,70.28476517462076,0.9637357594814122,0.047619047619047616,2,1,40.18691588785047,period_doubling_present,3.5540830294737846,4.862384643387022,20.686423096637625,1.8504876753149337,6.258136995447092,5500.0,0.15164996854779017,614.0700744499006,1624.9647424808609,2670.4496705687197,13,,0.5314983339764222,0.4946720763740317,0.7988645264145007,0.9855072463768116,0.9130434782608695,69,True,54.96319753454677,4.862384643387022,3.5540830294737846,0.4946720763740317,0.9855072463768116,multiply_pulsed;irregular_f0,,,0,,,0,2.486806013241788,4.654873752353329,13.456033099453883,4,,0,,0,,0,,0,,0
s01_C_creak_C026.wav,2.76,91.94500376879773,94.53929300959541,7.697052065870452,81.85482370734022,99.88336200397607,3.4461233390251182,47.663764603866966,147.06039654200634,44,0.12588178986418583,0.01573522373302323,0.35,94.67423180716442,0.8685745853920062,0.023255813953488372,0,0,26.19047619047619,period_doubling_present,3.1005980612998933,4.857678144710031,15.286998414784877,1.413750587325291,5.351585716311335,4000.0,0.1790856642377496,540.1397098932465,1363.6919086893658,2295.803084952602,13,,0.40584880109497884,0.3714547746870243,0.6338867500339016,0.7872340425531915,0.574468085106383,47,True,81.85482370734022,4.857678144710031,3.1005980612998933,0.3714547746870243,0.7872340425531915,multiply_pulsed;irregular_f0,7415.66643404007,,1,3703.420875436256,,1,-12.531493365589771,-13.429537865010042,-8.056041014276353,7,54.402626388695865,1,,0,,0,,0,54.402626388695865,1
s01_C_creak_C027.wav,1.91,345.0399606569731,431.0195796689566,271.2209282407655,64.38815096704674,704.9367814163562,41.431521082517456,55.249773984388725,750.0,69,0.10859772931732443,0.013574716164665554,0.35,81.77765311681688,0.0,0.058823529411764705,0,0,51.8796992481203,anchor_unreliable;jumpy;period_doubling_present,4.1929548925016284,6.540522640314237,21.341556811194355,1.8368566768481212,7.519672787377951,4500.0,0.13115212731142958,463.6176657892438,1593.4531690971494,2410.1431162994004,13,,0.4967020714684681,0.47365944818918837,0.6852486348389295,0.9473684210526315,0.8421052631578947,76,True,64.38815096704674,6.540522640314237,4.1929548925016284,0.47365944818918837,0.9473684210526315,multiply_pulsed;irregular_f0,2723.7634077911407,,1,,,0,6.630026382431525,10.460845194102601,6.480945425189657,10,37.25690834959616,1,,0,,0,37.25690834959616,1,,0
s01_C_creak_C028.wav,3.26,97.84538576492284,96.42164637972662,11.112889599608264,85.07141569986062,111.21500109391424,4.639260354286366,48.12467438605923,158.5523332257136,42,0.12467616823477316,0.015584521029346645,0.8,98.61650564132975,0.7271289197412694,0.0,0,0,20.792079207920793,period_doubling_present,5.6564210739330045,3.017319316218319,18.12992001513582,1.498639370979407,6.098033743481101,5500.0,0.15014174599641328,536.2858596672003,2040.2206891568635,2716.4347443490387,13,,0.3773971490048261,0.3333919546180194,0.6317569584311918,0.6538461538461539,0.4423076923076923,52,True,85.07141569986062,3.017319316218319,5.6564210739330045,0.3333919546180194,0.6538461538461539,multiply_pulsed;irregular_f0,7045.207825861392,,1,,,0,-13.889379603747003,-28.19739419188275,-8.28901292003875,5,,0,,0,,0,,0,,0
s01_C_creak_C029.wav,2.66,274.11052670864785,100.62329769196819,224.28356566246754,92.20530439281129,604.7985675225827,32.562396826817036,71.4597431214216,750.0,62,0.08396335807987772,0.010495419759984715,0.8,107.51823035719872,0.1247740701922655,0.01639344262295082,0,0,25.203252032520325,anchor_unreliable;period_doubling_present,4.009953555007775,5.374089680428814,20.586923042306438,1.8290231168245277,6.263499812187353,4500.0,0.15868418805055334,497.30251502004614,1302.2030415667923,2359.8887897182904,13,,0.48130746545956327,0.44633946236171423,0.7183879099773772,0.8852459016393442,0.7704918032786885,61,True,92.20530439281129,5.374089680428814,4.009953555007775,0.44633946236171423,0.8852459016393442,multiply_pulsed;irregular_f0,7327.954349995129,734.7581404768654,2,,,0,0.3802843882486762,0.811651130763039,3.1363831248498206,8,15.870479179056929,1,,0,,0,15.870479179056929,1,,0
s01_C_creak_C030.wav,2.18,69.69311227285391,74.26449863184993,12.430230413693176,53.186164373094016,85.1477827970328,8.147015586221531,43.30240344662822,118.72479401027421,18,0.13856043827671638,0.017320054784589548,0.35,76.86900120068717,0.6856684476497619,0.0,0,0,15.254237288135593,period_doubling_present,1.8312140669733519,5.664976813974301,12.373143519003968,1.241365176963428,4.484364897559069,4500.0,0.1678776875619168,508.94584693611466,1467.4089271993512,2559.732322269334,13,,0.6134223356275327,0.6023375530440054,0.8670471269766974,0.9795918367346939,0.9183673469387755,49,True,53.186164373094016,5.664976813974301,1.8312140669733519,0.6023375530440054,0.9795918367346939,multiply_pulsed;irregular_f0,7437.239577721892,276.34760559163976,2,,,0,-5.11886124928774,-6.395670188221446,0.5997466494520385,4,,0,,0,,0,,0,,0
s01_C_creak_C031.wav,3.2,442.75237862315987,435.99543811522483,252.0128988062764,56.0711820184375,714.4783812472598,44.05870764668827,53.21635050137452,750.0,44,0.05637365155136884,0.01409341288784221,0.35,158.06354078005293,0.0,0.06976744186046512,0,0,19.642857142857142,anchor_unreliable;jumpy;period_doubling_present,2.4834015728522267,6.900065408357105,24.93738898336342,2.0134208761107377,6.474523782961033,5000.0,0.19907830389103323,567.1719753228641,1641.3986566402477,2639.6105156205126,13,,0.5625901894217743,0.5441007837461536,0.812013612924705,0.9746835443037974,0.8987341772151899,79,True,56.0711820184375,6.900065408357105,2.4834015728522267,0.5441007837461536,0.9746835443037974,multiply_pulsed;irregular_f0,7575.778397727416,1163.5163714279527,5,,,0,8.880517883622995,18.44643517156492,10.245389722605852,8,,0,,0,,0,,0,,0
s01_C_creak_C032.wav,2.84,82.62492104799645,87.85628803376008,10.444227112787056,67.86210592475888,91.5388325333784,5.181332294208896,40.0,201.11503827700608,21,0.15,0.01875,0.35,85.01440616269845,0.6695103512022604,0.0,0,0,14.583333333333334,low_voicing;period_doubling_present,2.8996614765503224,5.061608019429102,18.607695303573717,1.52746666029314,4.906342319141486,4000.0,0.1557302689012392,541.7852996779905,1403.441766776501,2294.3127365599225,13,,0.43814447136254203,0.41992281555254135,0.6403284321895614,0.7857142857142857,0.5357142857142857,28,True,67.86210592475888,5.061608019429102,2.8996614765503224,0.41992281555254135,0.7857142857142857,multiply_pulsed;irregular_f0,,,0,4014.5215184481553,,1,2.1839482589631984,1.797350852683124,9.118620576692763,3,,0,,0,,0,,0,,0
s01_C_creak_C033.wav,3.56,84.86216773134147,86.83730383952442,7.280435954426707,73.08258044003342,93.41830640238875,4.250132593868806,42.20400618722679,134.04005116091548,24,0.1421665984357647,0.01777082480447059,0.35,87.49728181178267,0.9394388197338995,0.0,0,0,12.435233160621761,low_voicing;period_doubling_present,2.6026781455501298,4.464766176271663,18.444711186813226,1.6337449252480223,4.557229823254457,5250.0,0.12605691992588255,866.7319157298214,1883.6041542851476,2793.9122770478216,13,,0.4035232107461328,0.4063505957003526,0.6497548028273861,0.7058823529411765,0.6176470588235294,34,True,73.08258044003342,4.464766176271663,2.6026781455501298,0.4063505957003526,0.7058823529411765,multiply_pulsed;irregular_f0,7805.212630739277,354.0804603875561,2,,,0,-3.847065463403478,-5.110615309142908,3.5479419036306012,3,,0,,0,,0,,0,,0
s01_C_creak_C034.wav,2.06,87.04869188293128,93.78941199464111,15.535265101638565,64.04567255398082,105.46306477886677,8.634777944251304,51.00420305695794,144.1510412273639,37,0.11763736398938766,0.014704670498673458,0.35,93.75427355266118,0.8670903027491007,0.027777777777777776,2,1,27.81954887218045,period_doubling_present,4.4814571260168945,3.9931491672827577,16.63405465595313,1.3429605793085901,5.1341233731347575,4250.0,0.15505663724277083,486.59951468115355,1324.2280686840058,2328.1548183662703,13,,0.37773646297723446,0.33838707375189203,0.6031596349885983,0.8095238095238095,0.47619047619047616,21,True,64.04567255398082,3.9931491672827577,4.4814571260168945,0.33838707375189203,0.8095238095238095,multiply_pulsed;irregular_f0,,,0,4173.293756428118,,1,,,,3,,0,,0,,0,,0,,0
s01_C_creak_C035.wav,2.47,80.26445559694498,83.52021094134115,12.008040268256657,59.79829370580361,94.99688650621952,8.01331093697724,53.77402221802111,135.66672180068332,41,0.11157803996274691,0.013947254995343364,0.35,87.43607617997856,0.8961930734361006,0.025,0,0,24.11764705882353,period_doubling_present,3.5821655813032804,5.11321993018507,18.850137176630508,1.5601089854522487,5.030867078681929,5250.0,0.15537095749148874,617.5460616518147,1890.0402876187193,2660.8421843196766,13,,0.40918229095208203,0.3943555090716846,0.6082777544445707,0.7586206896551724,0.5862068965517241,58,True,59.79829370580361,5.11321993018507,3.5821655813032804,0.3943555090716846,0.7586206896551724,multiply_pulsed;irregular_f0,6806.742145127319,,1,,,0,-2.6695572673610783,-4.099157121478745,2.3991991956595946,5,,0,,0,,0,,0,,0
s01_C_creak_C036.wav,2.55,76.04942206750714,81.19871770771408,15.092102376980211,54.35035183287088,93.13512064612239,9.324431121712536,41.29678260151366,125.4403010970679,51,0.14528976888819617,0.01816122111102452,0.8,76.57215047497922,0.9051865818639075,0.06,6,2,38.34586466165413,jumpy;heavy_repair;period_doubling_present,4.651861278976275,4.022887475847573,17.825024130161587,1.5240185103845394,5.16895997266878,5250.0,0.1853346596341694,539.6051392024333,1641.6266928718223,2664.3381177064084,13,,0.4180426590758387,0.405199784255322,0.6268352592426832,0.8452380952380952,0.6428571428571429,84,True,54.35035183287088,4.022887475847573,4.651861278976275,0.405199784255322,0.8452380952380952,multiply_pulsed;irregular_f0,6750.833383338906,,1,,,0,-1.8974882716015875,-2.299714052435715,6.553912563562038,5,27.2951066059155,1,,0,,0,27.2951066059155,1,,0
s01_C_creak_C037.wav,2.18,281.89595822284906,248.13901149262168,183.92988855327837,87.5825764829942,481.18579678000106,29.49453915067486,62.069723869949144,699.2596058098995,56,0.04833274280848606,0.012083185702121515,0.35,99.72059648778445,0.43523174090817407,0.05454545454545454,0,0,31.638418079096045,anchor_unreliable;jumpy;period_doubling_present,4.885560589747701,5.251071864770539,19.034142564573443,1.6115239136194093,6.750486975184414,5500.0,0.15885088420460414,642.3143633164069,2050.914942701651,2710.9839553339525,13,,0.48682926061046927,0.4665216159804846,0.7272189491459518,0.9166666666666666,0.7916666666666666,72,True,87.5825764829942,5.251071864770539,4.885560589747701,0.4665216159804846,0.9166666666666666,multiply_pulsed;irregular_f0,6526.228954138746,117.77744489404914,2,,,0,4.773566851374026,12.744419314907905,13.215154165854502,6,,0,,0,,0,,0,,0
s01_C_creak_C038.wav,2.64,93.59084276873158,92.00410006757052,5.526884837325139,87.0753423097082,101.62920894550714,2.6757474949038356,40.0,137.9968032243117,25,0.15,0.01875,0.35,92.07916848902592,0.7804438485982064,0.0,0,0,18.796992481203006,period_doubling_present,2.657618667135746,3.925121527788707,14.905225933964362,1.5662466068333656,5.890651463502431,4500.0,0.16035190427165003,510.37566538372255,1443.4783662141785,2549.1888756218104,13,,0.4305808530204657,0.3486089326652917,0.7269874645181891,0.7846153846153846,0.46153846153846156,65,True,87.0753423097082,3.925121527788707,2.657618667135746,0.3486089326652917,0.7846153846153846,multiply_pulsed;irregular_f0,,,0,3912.9195486410968,,1,-5.501884542941878,-7.040768017301986,0.9731177700768296,10,54.85526553094977,1,,0,,0,,0,54.85526553094977,1
s01_C_creak_C039.wav,2.46,511.7182866595699,491.44403008992646,120.49405339227133,341.1380532601792,683.0678096923932,12.020077339130776,201.7325904719134,750.0,173,0.029742343495238868,0.0037177929369048585,0.35,175.75369211228832,0.0,0.01744186046511628,8,0,26.452599388379205,anchor_unreliable;period_doubling_present,3.6741322180756564,6.9414635910237585,25.8800437707296,2.0762718913793665,6.45467590214493,5250.0,0.16916190558503572,628.9474438176364,1779.5020768553873,2686.8012175138483,13,,0.5319811467697235,0.518575132199288,0.6635822020597403,1.0,0.9636363636363636,55,True,341.1380532601792,6.9414635910237585,3.6741322180756564,0.518575132199288,1.0,multiply_pulsed;irregular_f0,6989.899839339529,142.04766763167675,2,,,0,10.812517267858018,21.752635380667577,11.511392810746583,8,,0,,0,,0,,0,,0
s01_C_creak_C040.wav,2.56,72.83673149638899,58.80520040744704,20.781240606251114,52.82269325813999,102.4114177876933,11.461761632024619,40.0,135.63163355961484,29,0.075,0.01875,0.8,79.40729995192766,0.5696639603405829,0.07142857142857142,0,0,21.804511278195488,octave_disagreement;jumpy;period_doubling_present,2.0821843037844454,3.8880065268611936,20.365993830820393,1.7239638987642711,4.910918688901081,6000.0,0.1836593473967676,613.8679574010102,2044.6618789416318,2750.2256142125316,13,,0.5154041078485105,0.5043345251770375,0.7087082503198384,0.9574468085106383,0.8297872340425532,47,True,52.82269325813999,3.8880065268611936,2.0821843037844454,0.5043345251770375,0.9574468085106383,multiply_pulsed;irregular_f0,8178.216205730766,,1,,,0,-5.00303322511801,-5.7974018328345025,-4.775596298624336,5,,0,,0,,0,,0,,0
s01_C_creak_D001.wav,3.15,318.0281589991087,361.8181577340173,244.59145458098797,60.163537059371684,652.9958664189005,41.28135081047042,54.88241720342121,750.0,86,0.05466231541662105,0.013665578854155263,0.8,87.2652173167206,0.462489489667249,0.058823529411764705,3,0,37.88546255506608,anchor_unreliable;jumpy;period_doubling_present,3.42700249485972,6.289782724325499,23.60735374758793,1.8782176552821457,6.889353850437249,4500.0,0.20750683096124267,534.1073152267682,1316.7509214943555,2517.960862951389,13,,0.5360242201155953,0.5207037863108696,0.7990203631458676,0.9120879120879121,0.8021978021978022,91,True,60.163537059371684,6.289782724325499,3.42700249485972,0.5207037863108696,0.9120879120879121,multiply_pulsed;irregular_f0,,,0,,,0,7.471176434458072,19.028530297894786,9.465374739295376,7,,0,,0,,0,,0,,0
s01_C_creak_D002.wav,4.06,89.32918738758742,91.12291482745935,7.659983022751889,77.5512072639128,94.71997184367031,3.4622329415039834,53.55216336450395,137.1995853838549,47,0.11204029161550154,0.014005036451937692,0.35,92.88731504189224,0.0,0.0,0,0,16.666666666666668,anchor_unreliable;period_doubling_present,3.0145715947468323,4.969256889682048,17.68333334700417,1.5476437654031932,4.821490556634896,4750.0,0.20477466021174676,571.6648593174841,1621.398183367866,2591.145070610571,13,,0.5034615137914643,0.49922317750900297,0.7258992722961985,0.9245283018867925,0.8490566037735849,53,True,77.5512072639128,4.969256889682048,3.0145715947468323,0.49922317750900297,0.9245283018867925,multiply_pulsed;irregular_f0,6332.568592523876,,1,4314.8434260303575,144.06946494109002,3,-2.161499925430408,-3.278164088711276,3.4090185910735835,9,,0,,0,,0,,0,,0
s01_C_creak_D003.wav,2.92,79.64473107005307,80.70562955132964,12.19443954100358,63.409522279350355,96.26950406038694,7.228552205225297,52.52914626648616,134.34426275300018,54,0.11422230183527708,0.014277787729409635,0.35,92.56268141677636,0.6271017753277983,0.0,0,0,27.411167512690355,octave_uncertain;period_doubling_present,3.3695762061309567,6.139523564797466,13.866387110344963,1.4725101914633458,4.984853794136029,4750.0,0.18093605167834323,555.3208791591568,1614.4447875071432,2591.9916072545666,13,,0.4688136378879122,0.43821522623376574,0.7065795503493011,0.8333333333333334,0.6527777777777778,72,True,63.409522279350355,6.139523564797466,3.3695762061309567,0.43821522623376574,0.8333333333333334,multiply_pulsed;irregular_f0,7117.956363877482,488.24064701697796,3,,,0,0.6257379131540279,-0.20631817239721073,9.078965861538062,9,,0,,0,,0,,0,,0
s01_C_creak_D004.wav,3.2,191.46243811739254,74.18464603091229,198.09726792914321,51.56632822977672,486.50655416839703,38.855496161898714,40.30719568411439,677.4999909610825,42,0.14885679586894907,0.018607099483618633,0.35,69.99110591048967,0.5993807410897654,0.12195121951219512,5,3,25.609756097560975,jumpy;heavy_repair;period_doubling_present,2.682941016083775,5.227657308581701,21.34405777498464,1.891956617548668,6.61453677846197,5250.0,0.18307941032261169,538.9815805035089,1600.0429805899898,2628.866513254868,13,,0.5167416724117027,0.46037818171738515,0.8990807864665602,0.8266666666666667,0.7333333333333333,75,True,51.56632822977672,5.227657308581701,2.682941016083775,0.46037818171738515,0.8266666666666667,multiply_pulsed;irregular_f0,7155.757587202337,,1,,,0,-0.5191693929992098,-0.9945798659235976,-0.4889507835200959,9,,0,,0,,0,,0,,0
s01_C_creak_D005.wav,3.48,328.71331080932015,337.94000069333384,212.1830486032648,52.9087717093801,630.067822621583,42.88713963370801,43.646403839076214,669.7395016870925,62,0.06873418509027605,0.017183546272569013,0.8,82.26753606017107,0.43310165242041465,0.09836065573770492,6,0,31.155778894472363,anchor_unreliable;jumpy;heavy_repair;period_doubling_present,3.3592680555573766,6.431698356053299,21.334584189443202,1.9891149273461528,6.410064978395619,5000.0,0.16824382590670883,601.2181794000176,1634.0918761365347,2600.155403624537,13,,0.6120249627514812,0.5686563061404966,0.8792878162228206,1.0,0.8952380952380953,105,True,52.9087717093801,6.431698356053299,3.3592680555573766,0.5686563061404966,1.0,multiply_pulsed;irregular_f0,6841.801797221033,470.28277240702744,3,,,0,-6.2038458941907795,-14.88047408227556,11.495479568775483,9,,0,,0,,0,,0,,0
s01_C_creak_D006.wav,3.1,424.69587435364383,447.4999714238914,58.143762385700676,353.93975949167344,503.7162940329604,6.10929077838947,47.4052306942483,536.5900505948463,23,0.12656831138948518,0.015821038923685648,0.8,102.22497716039166,0.0,0.0,0,0,12.23404255319149,anchor_unreliable;low_voicing;period_doubling_present,2.2019649670150585,4.944491591722239,19.103381898495062,1.7560095169478442,6.061712940489025,5000.0,0.15833786399150285,667.2342876289508,1485.2567308343741,2649.464334291107,13,,0.5283100605827303,0.5080017682845742,0.7965198353156651,0.95,0.8333333333333334,60,True,353.93975949167344,4.944491591722239,2.2019649670150585,0.5080017682845742,0.95,multiply_pulsed;irregular_f0,6832.805673770415,,1,,,0,-8.353083381629258,-14.648506854956068,5.193098222015193,10,,0,,0,,0,,0,,0
s01_C_creak_D007.wav,3.67,418.32181742681337,465.3875733635307,238.71933203278823,64.61508145922524,697.8494183187503,41.19567509751093,48.36617151753449,750.0,93,0.12405364765794585,0.015506705957243232,0.35,95.30136127753161,0.0,0.07608695652173914,0,0,40.61135371179039,anchor_unreliable;jumpy;period_doubling_present,2.9136432981862526,6.831271120437756,22.485105617573133,1.8317005439914134,6.668579651769569,4250.0,0.20753211216924253,516.926861791895,1369.607840843168,2434.566635198493,13,,0.5439823965497084,0.5471991158662237,0.7747228310525047,0.8773584905660378,0.8207547169811321,106,True,64.61508145922524,6.831271120437756,2.9136432981862526,0.5471991158662237,0.8773584905660378,multiply_pulsed;irregular_f0,6764.010503253328,182.43830093007344,2,2929.863988599625,,1,-2.2919717671966833,-0.08654006763480204,4.523729248939177,7,,0,,0,,0,,0,,0
s01_C_creak_D008.wav,3.36,151.76801850503793,82.57015743365034,165.76257913636616,57.02304917723572,503.7383953718498,37.71669128840533,53.53838146970499,656.5692282454726,100,0.056034566560394954,0.014008641640098738,0.8,83.53125346765657,0.47413012987090164,0.04040404040404041,0,0,42.3728813559322,anchor_unreliable;period_doubling_present,4.402867594368974,6.6765814215460715,24.036063243604072,1.9080752949210167,5.891248625544363,5750.0,0.20966141525319934,549.5749634084264,1796.2206323026244,2737.850751849147,13,,0.5287379945456757,0.5141253161270303,0.7586405405267582,0.9272727272727272,0.8545454545454545,110,True,57.02304917723572,6.6765814215460715,4.402867594368974,0.5141253161270303,0.9272727272727272,multiply_pulsed;irregular_f0,5451.324804849527,,1,,,0,11.726879042375135,24.87873042951768,10.58387048928765,10,,0,,0,,0,,0,,0
s01_C_creak_D009.wav,3.6,85.74559825911027,88.40853612776286,10.498896738156159,72.5032466865355,98.99977517835369,5.392555783840267,42.63119336158543,138.3933401264383,31,0.07037100684831572,0.01759275171207893,0.35,89.34024432408873,0.8958814179881421,0.0,0,0,15.422885572139304,period_doubling_present,2.2610317560082795,4.049814566929937,22.58016752476531,1.7751927634288112,4.844245682418291,4500.0,0.18855040929377154,629.5524614352598,1507.4748702366255,2451.7265464048332,13,,0.43359662583074865,0.3869020998261135,0.7460611254203106,0.7868852459016393,0.6557377049180327,61,True,72.5032466865355,4.049814566929937,2.2610317560082795,0.3869020998261135,0.7868852459016393,multiply_pulsed;irregular_f0,7357.138756958877,806.4059213673648,3,,,0,0.395991781961623,-0.23781965819825146,4.886019880276265,7,,0,,0,,0,,0,,0
s01_C_creak_D010.wav,5.29,392.75607986788805,448.99616948815446,215.90291915853632,88.1977841923348,691.6178769230569,35.65393012714006,70.00492788541779,750.0,99,0.08570825199364024,0.01071353149920503,0.35,171.88499420486633,0.0,0.08163265306122448,1,0,20.37037037037037,anchor_unreliable;jumpy;period_doubling_present,2.362425722346654,7.024360295058907,21.116701658186297,1.8584994115258382,5.914750426076656,3750.0,0.1690349858967922,575.2329902643334,1272.3791786378843,2279.194827274005,13,,0.5258069465498152,0.4933206649495092,0.7753213712194955,0.9420289855072463,0.782608695652174,69,True,88.1977841923348,7.024360295058907,2.362425722346654,0.4933206649495092,0.9420289855072463,multiply_pulsed;irregular_f0,7254.785909654614,1821.7720367439285,2,,,0,7.191400032918571,15.761219693250103,15.402253038160932,8,3.123994026381638,1,3.123994026381638,1,,0,,0,,0
s01_C_creak_D011.wav,3.76,440.1728679703899,442.87016670625036,22.994822215516468,416.41348229716357,475.86188936218633,2.3103136480493616,40.0,627.9845643346713,12,0.075,0.01875,0.8,83.10830683525775,0.0,0.0,0,0,6.091370558375634,anchor_unreliable;low_voicing;period_doubling_present,3.277532357785267,6.560464057259472,19.673136509726618,1.7228315857900491,5.541012457139939,3750.0,0.2253895651233219,461.0012204499914,1361.8160808738307,2217.0665749813165,13,,0.5561527789476544,0.5492048595310617,0.7511194100031777,1.0,0.922077922077922,77,True,416.41348229716357,6.560464057259472,3.277532357785267,0.5492048595310617,1.0,multiply_pulsed;irregular_f0,7361.844170325703,,1,5200.108553524131,,1,12.56576422694972,22.05007566490499,13.570647949082208,9,,0,,0,,0,,0,,0
s01_C_creak_D012.wav,3.06,81.79851061947308,81.91486055186041,7.441388429547835,72.48616170044929,91.2395509547131,3.9834449893856965,58.49790717111159,201.50033924473988,23,0.10256777191104402,0.012820971488880503,0.35,87.5830781109751,0.6587273743745332,0.0,0,0,9.956709956709958,low_voicing;period_doubling_present,2.4880793217520103,6.48682544584229,17.529145130129976,1.5788810581326649,4.735690125015841,4750.0,0.16444018840805855,650.7892609032306,1423.1806550341332,2651.24507390164,13,,0.5684188352490647,0.5991392561993785,0.8243262997352552,0.8928571428571429,0.8571428571428571,56,True,72.48616170044929,6.48682544584229,2.4880793217520103,0.5991392561993785,0.8928571428571429,multiply_pulsed;irregular_f0,6553.842163902238,616.7119492803358,2,,,0,-1.2424765378216307,-1.681918709559831,8.429616102067957,6,,0,,0,,0,,0,,0
s01_C_creak_D013.wav,3.26,68.87021454803279,71.69371070780039,10.881297835923778,55.62203830763664,81.24313741306457,6.559072078751457,44.73213477297153,117.67886630325481,48,0.13413176076777308,0.016766470095971635,0.35,72.33177900322204,0.9636748373097399,0.0,0,0,25.668449197860962,period_doubling_present,3.4812698544481413,6.23905041208643,19.624569738916975,1.6834011228232102,4.5556910748592205,4500.0,0.21021078178578556,535.6917036770892,1600.5204500934442,2596.375940819457,13,,0.5499767209217282,0.5090892388350505,0.8553573103636645,0.8793103448275862,0.8448275862068966,58,True,55.62203830763664,6.23905041208643,3.4812698544481413,0.5090892388350505,0.8793103448275862,multiply_pulsed;irregular_f0,6164.034353206415,,1,,,0,,,,4,,0,,0,,0,,0,,0
s01_C_creak_D014.wav,3.64,79.10672180829303,79.35013555218943,13.76946478565469,56.345056800064754,97.27953997909498,9.4541683130328,40.0,192.2520791255527,60,0.15,0.01875,0.35,85.36975516312519,0.5413088459116324,0.03389830508474576,5,0,32.0855614973262,heavy_repair;period_doubling_present,5.030166613099581,4.788359212056712,16.015068450586536,1.3310218975618424,5.083159368988538,4750.0,0.15467420270728863,528.0937898694133,1629.1420500766194,2529.821804302611,13,,0.5103928328298002,0.4986879564359489,0.7716978558808045,0.8673469387755102,0.7551020408163265,98,True,56.345056800064754,4.788359212056712,5.030166613099581,0.4986879564359489,0.8673469387755102,multiply_pulsed;irregular_f0,,,0,,,0,0.12999241939970455,-0.4247191011551597,6.772163220011035,6,,0,,0,,0,,0,,0
s01_C_creak_D015.wav,3.74,298.07527367607827,87.19594941158743,243.62781481599038,58.59640614374435,613.56093762648,40.659870575682675,51.08731666361122,750.0,42,0.058722990282573564,0.014680747570643391,0.8,82.2843008560558,0.36918376268834535,0.04878048780487805,0,0,16.733067729083665,anchor_unreliable;period_doubling_present,3.5231845541489872,5.261256640467818,22.014064823957664,1.8841293256496079,6.71455105984984,4500.0,0.20048162107653675,555.6819514773956,1677.692272554368,2490.0016795414595,13,,0.5354693893059354,0.49238980741505206,0.8054264069396098,0.9009009009009009,0.7657657657657657,111,True,58.59640614374435,5.261256640467818,3.5231845541489872,0.49238980741505206,0.9009009009009009,multiply_pulsed;irregular_f0,7545.60255318317,1.606094461998318,2,4293.328797355247,,1,7.673578757965029,15.331289113336624,6.725831671626762,10,2.231093608070722,1,,0,,0,2.231093608070722,1,,0
s01_C_creak_D016.wav,3.12,316.54990741572925,416.4310193214529,233.45091529656096,76.37112652567885,635.6964860116109,36.68686684610707,52.05507760888965,735.4122205736764,53,0.11526253106527608,0.01440781638315951,0.8,90.58399761859178,0.26552823264701714,0.038461538461538464,0,0,25.358851674641148,anchor_unreliable;period_doubling_present,3.7115579966872736,5.609683654631549,21.919342139321564,1.8572879103005584,6.552185679790613,4000.0,0.20076668473421566,480.3714144780266,1346.3111041106476,2301.2675888050976,13,,0.4342239212037409,0.40105731948063345,0.7377511255230645,0.7590361445783133,0.6506024096385542,83,True,76.37112652567885,5.609683654631549,3.7115579966872736,0.40105731948063345,0.7590361445783133,multiply_pulsed;irregular_f0,,,0,,,0,11.509977212893348,26.318602136534583,13.28106443329007,9,0.39495192282945624,1,,0,,0,0.39495192282945624,1,,0
s01_C_creak_D017.wav,3.05,422.4162853196225,463.1707547033891,210.87688439520795,83.28693837650084,677.7291342298377,36.29455951410155,68.81604645142056,750.0,104,0.0871889669546127,0.010898620869326588,0.35,83.94024696943927,0.4,0.038834951456310676,0,0,38.23529411764706,anchor_unreliable;period_doubling_present,3.314152954320889,6.879567957035684,25.886479530058605,2.0412696227636213,6.8954708387495,5000.0,0.18019822572144129,594.4679084736174,1492.087747217232,2606.0251788063406,13,,0.4779468191187352,0.46464200220184876,0.7034115057673657,0.8888888888888888,0.7666666666666667,90,True,83.28693837650084,6.879567957035684,3.314152954320889,0.46464200220184876,0.8888888888888888,multiply_pulsed;irregular_f0,6673.343441657124,649.1286822900776,2,,,0,12.289883024642842,28.036538606594245,10.84730265301745,9,,0,,0,,0,,0,,0
s01_C_creak_D018.wav,3.2,81.25033762766526,85.63579287166377,16.588627252986246,57.73692127478648,102.13401890894212,9.874768743033698,40.0,128.08384434816742,32,0.15,0.01875,0.35,83.90345437341031,0.5717800715259813,0.03225806451612903,1,1,19.631901840490798,period_doubling_present,3.0617640867390383,6.12271217093848,15.300914385382885,1.3962953634899489,4.8665806586598475,4000.0,0.20042811370425137,553.2285712307678,1394.9683993013616,2364.5247835214195,13,,0.4981199409452593,0.4539429239094879,0.8116120829199464,0.8888888888888888,0.7407407407407407,81,True,57.73692127478648,6.12271217093848,3.0617640867390383,0.4539429239094879,0.8888888888888888,multiply_pulsed;irregular_f0,,,0,,,0,1.925157439423451,1.654403263144344,4.680230533861119,7,61.308464528508026,1,,0,,0,,0,61.308464528508026,1
s01_C_creak_D019.wav,2.79,556.5966421020975,586.4139356607153,88.35017938769616,460.8618385433419,664.777288633992,6.342441407924362,346.82232294245523,750.0,71,0.008649962247377485,0.0021624905618443714,0.35,90.81111042096916,0.4,0.014285714285714285,0,0,5.516705516705517,anchor_unreliable;low_voicing;period_doubling_present,2.8193586247643,6.376338991580233,24.90728493294459,1.9230394441625092,4.250351258212448,4250.0,0.16028167791886605,558.3452279125672,1287.8317595459196,2299.667712155806,13,,0.47589142490146874,0.4577884564253926,0.5718492131221546,1.0,1.0,4,True,460.8618385433419,6.376338991580233,2.8193586247643,0.4577884564253926,1.0,multiply_pulsed;irregular_f0,5777.197507485261,,1,,,0,31.67306016845054,55.586727697063985,28.309619864399895,4,,0,,0,,0,,0,,0
s01_C_creak_D020.wav,3.52,254.16631227153277,89.9924848962256,224.0346183420745,74.19348454184008,618.9140769361396,36.72449677924176,60.1750593586309,699.6799281688836,88,0.04985454159871486,0.012463635399678714,0.35,90.18758534466889,0.779518141702723,0.05747126436781609,4,2,31.54121863799283,jumpy;period_doubling_present,2.9327180126478183,5.463006757342332,22.653499625935954,1.8633320555071529,6.329436659013831,4500.0,0.20906260699129017,566.2285837230515,1465.8683402602705,2469.851196140414,13,,0.5012752028274531,0.4881593725291931,0.7343394590232024,0.8111111111111111,0.6777777777777778,90,True,74.19348454184008,5.463006757342332,2.9327180126478183,0.4881593725291931,0.8111111111111111,multiply_pulsed;irregular_f0,7030.082949261669,,1,,,0,-1.588997003309851,-2.3962108198315306,13.552851469213923,9,,0,,0,,0,,0,,0
s01_C_creak_D021.wav,3.81,80.08071261746879,76.7075892463273,10.733590139669236,71.08923728339636,94.14233444945414,4.862549660720457,55.242892202692275,152.0515693043608,40,0.05430562883986357,0.013576407209965892,0.35,94.10533281427776,0.5609581350845876,0.02564102564102564,0,0,14.440433212996389,octave_uncertain;low_voicing;period_doubling_present,2.382141599616346,4.470180326157923,13.656743606966678,1.0703686687161678,5.607126275011871,3750.0,0.1750147085047311,604.040373325353,1345.5419151315773,2231.598404512916,13,,0.5126532655656036,0.4656515932711642,0.825926889565782,0.8690476190476191,0.7619047619047619,84,True,71.08923728339636,4.470180326157923,2.382141599616346,0.4656515932711642,0.8690476190476191,multiply_pulsed;irregular_f0,6429.271341790094,538.4641843827519,2,,,0,-0.4428638656380232,-0.8182738830691155,4.63457222362974,11,45.30372215583167,1,45.30372215583167,1,,0,,0,,0
s01_C_creak_D022.wav,3.53,212.55702286213693,88.69706260349952,209.1047964421771,70.4320530455356,516.194757384897,34.48333736505026,57.27721414621419,750.0,82,0.0523768490615092,0.0130942122653773,0.35,88.69319743852947,0.6839604354962228,0.07407407407407407,0,0,30.827067669172934,jumpy;period_doubling_present,4.2665388240816755,7.087011660155898,22.37814568495499,1.788147981388046,6.740640695092185,4750.0,0.19730913378243775,536.314791351462,1797.9774193351996,2504.446408321337,13,,0.49917694703660814,0.4757186927360475,0.7252641408104881,0.92,0.84,100,True,70.4320530455356,7.087011660155898,4.2665388240816755,0.4757186927360475,0.92,multiply_pulsed;irregular_f0,6341.652555226509,198.929788091389,4,,,0,17.703100439136588,38.43264603768545,13.218889997950471,8,,0,,0,,0,,0,,0
s01_C_creak_D023.wav,3.04,298.20413521757644,111.31062130374605,243.3689131271507,82.16231327255849,645.9997475893449,35.69981873912302,45.577070412007934,750.0,45,0.06582257202756953,0.01645564300689238,0.8,100.53621828428489,0.029588251468055993,0.09090909090909091,10,0,24.861878453038674,anchor_unreliable;jumpy;heavy_repair;period_doubling_present,3.0448830417648973,5.326226811916779,21.65686834782222,1.8181812125618178,7.394009994519464,4500.0,0.18068556524000687,613.6376007100889,1373.34148514329,2497.3567327253254,13,,0.5563773101376429,0.5070265413912154,0.8387497318915005,0.9666666666666667,0.9,60,True,82.16231327255849,5.326226811916779,3.0448830417648973,0.5070265413912154,0.9666666666666667,multiply_pulsed;irregular_f0,6926.442640765867,,1,4280.806379209283,,1,20.271985302014897,43.99399375658772,18.936381210180997,7,,0,,0,,0,,0,,0
s01_C_creak_D024.wav,3.39,79.26459783671763,80.14278044288244,9.936789590129482,65.19448775081183,91.97558859475123,5.958012182191912,43.19677069399169,126.86702927469949,45,0.13889927195031157,0.017362408993788946,0.8,79.02187690446547,0.5947806904451092,0.0,0,0,23.93617021276596,period_doubling_present,2.7112499386454947,3.495370824499413,13.03219484789734,1.109688860463765,5.1185542033680616,5000.0,0.1943057228194224,614.516756406561,1702.4439690407899,2689.000049698308,13,,0.47372944248462584,0.48016934959395774,0.6644315542846135,0.8548387096774194,0.7419354838709677,124,True,65.19448775081183,3.495370824499413,2.7112499386454947,0.48016934959395774,0.8548387096774194,multiply_pulsed;irregular_f0,6890.873804778108,309.01467742527507,2,,,0,-1.9091320721702152,-2.670685893958707,8.642104596620097,10,44.16113700146496,1,44.16113700146496,1,,0,,0,,0
s01_C_creak_D025.wav,3.26,278.6788381451093,89.7142755789485,237.2047207236545,78.05275013897091,641.4567770218493,36.46596822600738,60.25213723521837,750.0,46,0.09958152980659582,0.012447691225824477,0.8,79.32203496136292,0.4,0.06666666666666667,0,0,18.11023622047244,anchor_unreliable;jumpy;period_doubling_present,2.367828311645416,7.146305303922408,22.274858258539183,1.8798036498013773,5.419910417179067,4000.0,0.19372105265057893,496.95757371816467,1277.4802386225153,2267.5211322923296,13,,0.5476990518810293,0.5228151804462626,0.7398692506840097,0.9848484848484849,0.9090909090909091,66,True,78.05275013897091,7.146305303922408,2.367828311645416,0.5228151804462626,0.9848484848484849,multiply_pulsed;irregular_f0,6453.718830018983,10.670284834190767,2,4095.587195842518,,1,2.148527129184946,8.30199900633203,12.66300182170905,8,,0,,0,,0,,0,,0
s01_C_creak_D026.wav,2.8,91.51434506302571,91.7362401096202,3.1105990894313433,86.94852163220693,95.12254736594431,1.5555102340725107,47.96756810719265,139.631590197381,19,0.1250845151580722,0.015635564394759025,0.8,92.27406311852504,0.9032775830225638,0.0,0,0,11.046511627906977,low_voicing;period_doubling_present,2.649398724821568,4.82450652179021,14.052307700899402,1.4594298771530714,4.90102476853865,4500.0,0.2055720887632734,660.0352592258502,1509.3748161897147,2540.7259322615855,13,,0.40868855770364626,0.38933591225545416,0.6590546639937062,0.7804878048780488,0.5853658536585366,41,True,86.94852163220693,4.82450652179021,2.649398724821568,0.38933591225545416,0.7804878048780488,multiply_pulsed;irregular_f0,6383.908038129852,602.7844603475112,3,,,0,-3.5853601202892236,-7.468645075219861,1.539762922528407,7,4.506704951681373,1,,0,,0,4.506704951681373,1,,0
s01_C_creak_D027.wav,3.11,350.8233731991319,447.3059232842869,202.44078781347338,69.68167669070102,518.5475083688914,34.74749914024144,40.0,750.0,37,0.15,0.01875,0.35,75.76785603248928,0.4,0.1111111111111111,6,0,23.417721518987342,anchor_unreliable;jumpy;heavy_repair;period_doubling_present,1.8149000244668068,8.132346234541744,21.737429837426152,1.9202127437006065,6.391586584803193,5500.0,0.17745851913104752,635.0963328369601,1851.1966803579974,2668.4742797837403,13,,0.59597187570093,0.572128822612198,0.839040166938154,1.0,0.9411764705882353,68,True,69.68167669070102,8.132346234541744,1.8149000244668068,0.572128822612198,1.0,multiply_pulsed;irregular_f0,7628.790268824618,,1,,,0,35.08265100666994,63.39525644704821,11.628701536060845,7,,0,,0,,0,,0,,0
s01_C_creak_D028.wav,2.78,259.05882123177014,99.11281134156268,214.6030540338989,51.32130425532048,602.51835775778,42.640505503405905,40.0,710.4713625511191,55,0.075,0.01875,0.35,98.91365638541404,0.6853150913269402,0.12962962962962962,6,3,37.93103448275862,jumpy;heavy_repair;period_doubling_present,2.6104054333782365,5.680232198348626,20.65775778560873,1.7031353067063781,6.513984267676836,4000.0,0.16014148982074528,519.821108085778,1301.8324228314636,2290.7538721237916,13,,0.46398442273512547,0.45859193874447635,0.5812598231447321,0.9795918367346939,0.7959183673469388,49,True,51.32130425532048,5.680232198348626,2.6104054333782365,0.45859193874447635,0.9795918367346939,multiply_pulsed;irregular_f0,6640.576928422643,56.1303466123684,2,,,0,-6.582967605082658,-7.7857151959441495,4.3195185371864895,5,,0,,0,,0,,0,,0
s01_C_creak_D029.wav,2.78,87.85786764155343,91.68018742490692,12.601801083698906,59.51892250356095,98.6212686111847,8.742604824672945,52.73223829840806,142.99875970024232,28,0.11378238803455332,0.014222798504319165,0.35,92.15066960932393,0.6874826764835504,0.037037037037037035,0,0,14.893617021276595,low_voicing;period_doubling_present,5.42351310987656,2.6521198170256,13.350739672146874,1.3382498775774057,4.809109926888689,4500.0,0.17718861212824458,529.9168484796103,1405.679390721345,2311.1772951420835,13,,0.48325369713056077,0.5461940750745505,0.7404071492717447,0.7567567567567568,0.6486486486486487,37,True,59.51892250356095,2.6521198170256,5.42351310987656,0.5461940750745505,0.7567567567567568,multiply_pulsed,7093.350585577305,,1,,,0,-1.117492360064805,-2.581171898711492,3.3661205420727356,4,,0,,0,,0,,0,,0
s01_C_creak_D030.wav,3.4,181.77741541987103,87.338372954842,151.86266643779933,66.22626875367757,432.5582230463638,32.489026224176556,54.59289682443826,579.9653906656774,45,0.10990440788102908,0.013738050985128635,0.8,86.98955213238165,0.7679825450444445,0.11363636363636363,1,1,18.75,jumpy;period_doubling_present,2.6095722787957176,5.227769859048525,20.82244430568598,1.8803753709885949,5.590616325145278,4000.0,0.1970867203222939,533.7254187985134,1456.151733633948,2436.4959389608234,13,,0.5047608392767527,0.5001422503197199,0.7720233004095621,0.855072463768116,0.7101449275362319,69,True,66.22626875367757,5.227769859048525,2.6095722787957176,0.5001422503197199,0.855072463768116,multiply_pulsed;irregular_f0,7349.336370764722,366.9368097880498,2,3621.5109086912084,,1,2.7157442635210742,2.222942725858001,18.391906096732296,7,,0,,0,,0,,0,,0
s01_C_creak_D031.wav,3.97,301.9055697157013,97.31971710747767,243.43490448479835,76.70162107942437,682.9859741063083,37.85432372506925,61.595676754865195,750.0,86,0.04870471692257269,0.012176179230643172,0.8,92.00993859704889,0.4,0.058823529411764705,0,0,26.625386996904023,anchor_unreliable;jumpy;period_doubling_present,3.2871625167992584,6.111032849953347,20.68358807384368,1.7626719439062775,6.325368019818605,4750.0,0.1794864510808013,621.3296698953118,1474.0938690904386,2619.3032378133,13,,0.456198509586819,0.43748621640437246,0.6963963029903467,0.8055555555555556,0.7037037037037037,108,True,76.70162107942437,6.111032849953347,3.2871625167992584,0.43748621640437246,0.8055555555555556,multiply_pulsed;irregular_f0,7193.070727834647,592.5927632893823,2,,,0,11.850972494638551,20.34995704645415,14.090911333133647,8,,0,,0,,0,,0,,0
s01_C_creak_D032.wav,3.02,91.29456318103212,91.67290269517034,19.57316494902538,66.85080630081536,129.10291388437324,11.39405636191217,51.874274167888686,142.16333266053425,95,0.05783213448521012,0.01445803362130253,0.8,89.80092802883811,0.8528453147834296,0.031914893617021274,7,4,46.34146341463415,period_doubling_present,5.114247615287512,4.25906412262617,15.340994645467507,1.372087932402646,6.196607866685248,5250.0,0.19577861185911968,434.84423861898455,1824.166021788949,2688.8542211252025,13,,0.49163191309604154,0.44697679625617687,0.8053051630759973,0.8144329896907216,0.6907216494845361,97,True,66.85080630081536,4.25906412262617,5.114247615287512,0.44697679625617687,0.8144329896907216,multiply_pulsed;irregular_f0,7775.111161185217,737.7549413156794,2,,,0,-4.340982492875641,-6.285888324751616,6.5490194315469665,9,6.12219444486839,2,,0,,0,6.12219444486839,2,,0
s01_C_creak_D033.wav,2.88,86.27661151835528,87.85532656428553,9.909853393309556,73.0522660261347,99.25858105881261,5.307153670140412,59.053189756701705,137.40359856809846,46,0.10160331769917788,0.012700414712397235,0.8,88.01423336452855,0.8867412253456126,0.0,0,0,21.004566210045663,period_doubling_present,4.426230320375191,4.171120942687536,14.486536134858625,1.4725208039460163,5.05895212926122,5000.0,0.1923778359399936,581.0199783104941,1746.6066507930004,2657.2625103210685,13,,0.4776502378518147,0.4579746440120552,0.6976119245696633,0.8625,0.7625,80,True,73.0522660261347,4.171120942687536,4.426230320375191,0.4579746440120552,0.8625,multiply_pulsed;irregular_f0,6638.385887032267,439.25354616559605,2,,,0,-4.248097146253919,-5.587296436113976,7.5910519609413685,9,4.120511206032518,1,4.120511206032518,1,,0,,0,,0
s01_C_creak_D034.wav,3.21,87.27860786742991,86.98927263290605,20.94274100146783,59.849934677522114,107.68465650881795,10.16869348653001,51.01152503038947,152.08870845502372,53,0.05881023941575532,0.01470255985393883,0.35,86.62885720806955,0.6239184222728069,0.0,1,1,24.651162790697676,period_doubling_present,3.9324800707584386,4.7237595235523075,16.776438633263872,1.5575775764469422,5.432975156056158,4000.0,0.21241998300992262,479.28751627638553,1361.6291642809476,2345.035204627669,13,,0.462305219995325,0.46206799278040667,0.8298617930401914,0.6451612903225806,0.5645161290322581,62,True,59.849934677522114,4.7237595235523075,3.9324800707584386,0.46206799278040667,0.6451612903225806,multiply_pulsed;irregular_f0,6692.612173423324,312.09645912765126,2,,,0,0.1684039145335703,-0.2921688843186274,12.611151647241892,10,63.94454120268378,1,63.94454120268378,1,,0,,0,,0
s01_C_creak_D035.wav,3.56,201.60257317347342,105.55318864952442,158.36053823117703,70.56449095881473,446.67206110929885,31.94642077790722,54.869636138095956,577.0142667212361,86,0.109350096379338,0.01366876204741725,0.8,88.62289964401442,0.01027539865490057,0.08235294117647059,8,0,33.99209486166008,anchor_unreliable;jumpy;heavy_repair;period_doubling_present,3.2929419764030867,5.277963641511271,21.069407405254076,1.728053378665499,5.415118567286776,5000.0,0.17603154292075374,478.2248090275805,1747.0657626322563,2653.8796818292894,13,,0.5386197796918031,0.5138539520882651,0.8451830505444565,0.9327731092436975,0.8067226890756303,119,True,70.56449095881473,5.277963641511271,3.2929419764030867,0.5138539520882651,0.9327731092436975,multiply_pulsed;irregular_f0,7477.275512705023,,1,,,0,1.5919048333071197,3.707241790022028,5.02872089672041,7,,0,,0,,0,,0,,0
s01_C_creak_F001.wav,3.3,90.65855081864721,91.25756826244744,3.6058776857432755,86.23673155939004,94.746495462147,1.629240974376792,40.28847819294444,139.75896520978054,17,0.14892595275665577,0.01861574409458197,0.8,92.1701287838882,0.770634220032459,0.0,0,0,10.0,low_voicing;period_doubling_present,2.9411176212261094,4.905272606730222,14.986300260699261,1.3616419232243626,5.230353770922478,5500.0,0.2084212501162855,661.4902984904944,1981.863459027691,2739.5632960311686,13,,0.4729989102537809,0.4079067574188611,0.8028277988605363,0.7846153846153846,0.6153846153846154,65,True,86.23673155939004,4.905272606730222,2.9411176212261094,0.4079067574188611,0.7846153846153846,multiply_pulsed;irregular_f0,6574.704372712305,,1,4543.225593777548,,1,-6.267872557669137,-6.665755912224255,6.332303181045046,6,,0,,0,,0,,0,,0
s01_C_creak_F002.wav,2.86,96.83978554568816,95.53338565374776,7.298626050318623,89.03314471325056,106.03183870157164,3.0249973934932326,50.217632383793585,152.60578870785466,40,0.05973997294560169,0.014934993236400422,0.8,96.92740029792974,0.812231684214904,0.0,0,0,21.27659574468085,period_doubling_present,2.8578385667970916,3.9188568980620326,12.56768259781078,1.2363492303850108,6.206705152070214,5000.0,0.21656486533997554,535.6042818071846,1620.2107556932822,2653.405196566573,13,,0.44676630074131063,0.4189523755736223,0.704140292238972,0.8461538461538461,0.6461538461538462,65,True,89.03314471325056,3.9188568980620326,2.8578385667970916,0.4189523755736223,0.8461538461538461,multiply_pulsed;irregular_f0,,,0,,,0,-7.100136466731144,-8.564895303928552,-5.378944745984236,10,,0,,0,,0,,0,,0
s01_C_creak_F003.wav,4.26,84.83430495855976,84.8269762663531,6.352718980057333,77.54259726756219,94.98787158669322,3.513051094074371,40.56464126512364,131.10211009324988,34,0.0739560342810012,0.0184890085702503,0.8,84.39371974363678,0.7906802014536284,0.0,0,0,14.977973568281937,low_voicing;period_doubling_present,3.896303508505218,3.568263189626636,14.810216744977712,1.3482690321139685,4.897963340261804,4750.0,0.19327414969171675,592.1452680272163,1545.8576024041938,2617.044926868894,13,,0.4205007914434632,0.39626319488624795,0.6928575538495898,0.7076923076923077,0.5846153846153846,65,True,77.54259726756219,3.568263189626636,3.896303508505218,0.39626319488624795,0.7076923076923077,multiply_pulsed;irregular_f0,,,0,,,0,,,,9,,0,,0,,0,,0,,0
s01_C_creak_F004.wav,3.04,237.9424298046196,89.22585125580557,167.5206800082839,67.25454339323922,432.64955561437665,32.22594339873701,52.55930075156057,535.9713057428603,62,0.057078384930966286,0.014269596232741572,0.8,92.69870664573003,0.4365679602109194,0.04918032786885246,0,0,29.523809523809526,anchor_unreliable;period_doubling_present,4.237035900411938,5.980914482328771,21.00158576750212,1.6969463888302863,5.91316168440325,5500.0,0.17404522752616539,566.9194140530128,1956.6247675816085,2712.098021094673,13,,0.5312585226279328,0.5099553885498793,0.7785727608639212,0.9418604651162791,0.7790697674418605,86,True,67.25454339323922,5.980914482328771,4.237035900411938,0.5099553885498793,0.9418604651162791,multiply_pulsed;irregular_f0,8093.24130776407,,1,,,0,6.523429352707647,11.43175885817897,14.08359223766143,9,,0,,0,,0,,0,,0
s01_C_creak_F005.wav,3.33,92.9934340981571,93.51708969815722,8.282506978901795,81.32372742583559,103.62906476133097,4.196165332897384,45.635551985489556,145.74795647912106,55,0.13147644191764749,0.016434555239705936,0.35,97.11627341159107,0.6688435317974493,0.0,0,0,28.205128205128204,period_doubling_present,3.5053263792239506,3.742877476285232,13.241173182996043,1.1798878645221227,5.781867188023212,4500.0,0.196234808009193,494.5050938687696,1338.2586155838508,2450.0825523965204,13,,0.4647729728107059,0.4309492244006738,0.7084643943779214,0.9102564102564102,0.7564102564102564,78,True,81.32372742583559,3.742877476285232,3.5053263792239506,0.4309492244006738,0.9102564102564102,multiply_pulsed;irregular_f0,6412.447137594644,,1,,,0,-2.6805414896007047,-4.4667394959244096,-0.9314747254031772,11,,0,,0,,0,,0,,0
s01_C_creak_F006.wav,2.96,472.29393514770254,470.22194389461384,45.79766942397764,408.26388192104065,521.5584805128594,4.239925014181864,267.41049792867454,750.0,41,0.022437413813126958,0.0028046767266408697,0.8,81.89175430063061,0.4,0.0,0,0,3.9122137404580153,anchor_unreliable;low_voicing;period_doubling_present,3.095861384452596,7.280145652353909,24.363103367142262,1.8818455926086863,2.942978944901865,4000.0,0.15539294394819803,542.5639853086486,1529.3416729259293,2372.4089304237195,13,,0.5222501389646695,0.5095098210069129,0.706211888424246,0.9230769230769231,0.9230769230769231,13,True,408.26388192104065,7.280145652353909,3.095861384452596,0.5095098210069129,0.9230769230769231,multiply_pulsed;irregular_f0,7276.947882576871,900.2170732962289,4,,,0,24.832899660397118,45.43975092219313,12.51040652023567,8,,0,,0,,0,,0,,0
s01_C_creak_F007.wav,3.68,275.14521777417065,94.25962179967084,238.3617229335094,49.490495783824265,618.1886392364069,43.71388489616542,43.129793088004945,750.0,51,0.06955748648917924,0.01738937162229481,0.8,89.28145305868394,0.44586394796072004,0.1,1,0,24.51923076923077,anchor_unreliable;jumpy;period_doubling_present,3.1418529348433712,6.420975273526376,20.71448725766216,1.757737340288256,7.669301163669332,5250.0,0.20066367027866297,508.8775976676426,1821.3514886409434,2646.8291139976836,13,,0.5368097261889144,0.5106234560020723,0.7777721684349673,0.9545454545454546,0.8409090909090909,88,True,49.490495783824265,6.420975273526376,3.1418529348433712,0.5106234560020723,0.9545454545454546,multiply_pulsed;irregular_f0,8105.497398068023,,1,5093.106407908846,,1,7.367076278331643,17.807041011035956,4.514638196526653,10,,0,,0,,0,,0,,0
s01_C_creak_F008.wav,3.0,131.20402310276174,77.96527424076726,120.54828768396733,70.69854794104579,385.2042286719358,29.350452617801885,54.38966663770192,579.4263356401774,33,0.05515753608095209,0.013789384020238023,0.8,80.1673083577901,0.0,0.03125,0,0,15.42056074766355,anchor_unreliable;period_doubling_present,2.060138509430652,4.432237718237639,21.452355664378864,1.861163029577682,5.845460495291969,4000.0,0.1992491901880895,543.7525560235168,1511.5709650942965,2367.3961184610416,13,,0.47650184745792484,0.4575542426279786,0.6728576753518307,0.9310344827586207,0.8448275862068966,58,True,70.69854794104579,4.432237718237639,2.060138509430652,0.4575542426279786,0.9310344827586207,multiply_pulsed;irregular_f0,7546.87503172554,770.54072605121,4,,,0,-5.893766012918014,-12.363037480645726,2.9261784838464244,8,47.4077995273372,2,,0,,0,47.4077995273372,2,,0
s01_C_creak_F009.wav,3.12,81.82606098747588,84.45174345630049,11.299229439171736,59.139569419665875,95.78698230582839,8.348470365196368,44.970503292309324,127.11849055493138,41,0.13342078831094817,0.01667759853886852,0.8,87.06311697247452,0.6199832783132331,0.025,0,0,22.77777777777778,period_doubling_present,3.765064889208354,4.537302645474645,12.603347237779957,1.1682102980629454,5.211162772102397,4250.0,0.1889151692929283,505.0511818876629,1369.7743619654766,2245.031777418825,13,,0.46786901773864187,0.41417076171094236,0.8097946942318494,0.8131868131868132,0.6373626373626373,91,True,59.139569419665875,4.537302645474645,3.765064889208354,0.41417076171094236,0.8131868131868132,multiply_pulsed;irregular_f0,,,0,,,0,-0.9848575259418446,-1.6622298080627536,9.028195295237143,11,,0,,0,,0,,0,,0
s01_C_creak_F010.wav,3.16,481.2213007275497,468.37421847064513,63.20424960958446,412.5012722355912,591.869452015988,6.250565140640525,336.91101836141274,750.0,68,0.017808856561537717,0.0022261070701922146,0.8,97.04095486299855,0.4,0.0,0,0,4.81586402266289,anchor_unreliable;low_voicing;period_doubling_present,4.550427021842311,6.041803325424437,20.23176462779821,1.7449979697890463,3.92874074470501,4000.0,0.15714170458093576,535.3577001600133,1463.5162714110752,2344.2834822399172,13,,0.49584289794638997,0.49602731470632544,0.7497174007306749,0.9333333333333333,0.8,30,True,412.5012722355912,6.041803325424437,4.550427021842311,0.49602731470632544,0.9333333333333333,multiply_pulsed;irregular_f0,6211.8160610656705,,1,,,0,15.093787275322011,31.272792502265297,15.773620416543213,10,53.52847887184253,2,,0,,0,53.52847887184253,2,,0
s01_C_creak_F011.wav,2.13,77.24742868662295,84.3134725521975,21.061288954597686,47.323292584738795,101.71068620631783,13.246186844509362,40.0,195.15883593897536,37,0.15,0.01875,0.8,93.78872484091404,0.7504199117595511,0.08333333333333333,2,1,34.905660377358494,octave_uncertain;jumpy;period_doubling_present,4.548829197287407,3.668012156060866,12.444770397313365,1.1922951024019461,6.249979823625103,5500.0,0.12606842950894523,566.5987718217,1517.070081808397,2600.274096128836,13,,0.48857782937857025,0.5417543224438794,0.8108053821800086,0.7358490566037735,0.6886792452830188,106,True,47.323292584738795,3.668012156060866,4.548829197287407,0.5417543224438794,0.7358490566037735,multiply_pulsed;irregular_f0,,,0,,,0,-4.8376086895713675,-5.004443642397523,-2.8238702462463414,8,,0,,0,,0,,0,,0
s01_C_creak_F012.wav,2.52,87.10169207416781,86.2642983075803,11.94652180782132,74.4320486520724,99.96075831027846,5.105254811189315,42.2130668892754,142.31285406055554,29,0.14213608349608808,0.01776701043701101,0.35,86.22979480599807,0.9399492997931721,0.0,0,0,21.64179104477612,period_doubling_present,3.251933983440856,6.024174780256883,15.900275722489878,1.5001283787307476,4.915736454736398,3750.0,0.18169374233183958,550.4738879792187,1315.871249468733,2248.367474350809,13,,0.5155163042419086,0.49582135112142867,0.7300232538188315,0.9827586206896551,0.8103448275862069,58,True,74.4320486520724,6.024174780256883,3.251933983440856,0.49582135112142867,0.9827586206896551,multiply_pulsed;irregular_f0,4969.115674947698,2647.5536675495123,2,,,0,-1.0004445782326243,-2.2792853382428504,6.346414618142038,6,,0,,0,,0,,0,,0
s01_C_creak_F013.wav,3.6,240.35495491993595,94.48956876701118,187.77743082965208,75.6013286059858,507.36844307159635,32.958603564356274,62.335641366594636,648.9996580665149,118,0.04812656025077309,0.012031640062693272,0.8,87.79610481783169,0.5259957386501214,0.03418803418803419,3,1,39.86486486486486,period_doubling_present,3.9504253158458797,6.641941694857009,20.562241330898257,1.777079674579922,6.0688883547480055,5250.0,0.1442798757537697,499.0617052392525,1850.0686082889943,2626.357424882908,13,,0.5355112477428712,0.5246883335345555,0.7577325622949497,0.9108910891089109,0.8514851485148515,101,True,75.6013286059858,6.641941694857009,3.9504253158458797,0.5246883335345555,0.9108910891089109,multiply_pulsed;irregular_f0,7152.599537313188,,1,,,0,5.777796115174584,8.075043092349881,10.661713572859087,9,,0,,0,,0,,0,,0
s01_C_creak_F014.wav,3.25,82.77568750341042,90.72708211534946,16.123193542422566,52.18564466510912,97.46976403009994,10.815620998252706,40.48288381087136,140.2683393339069,61,0.1482107852797964,0.01852634815997455,0.35,90.99479109489545,0.9133417635622137,0.016666666666666666,1,1,36.30952380952381,period_doubling_present,4.015593441978002,3.6452743317815726,15.0687660918778,1.4809387989178027,5.991973384231045,5500.0,0.1728086931391866,642.5645040257017,2014.77310402076,2683.6767468828766,13,,0.39479515865348686,0.3622642993588771,0.6658101617528099,0.65625,0.5390625,128,True,52.18564466510912,3.6452743317815726,4.015593441978002,0.3622642993588771,0.65625,multiply_pulsed;irregular_f0,,,0,,,0,-5.242611949173924,-5.803740709171289,4.023539322675714,9,,0,,0,,0,,0,,0
s01_C_creak_F015.wav,3.08,92.23938856362388,92.58676036260931,3.6243024277687006,87.20641524541406,95.29098237206993,1.5348651059047311,45.788436837066804,139.61952292378183,28,0.13103744994288297,0.01637968124286037,0.8,92.79279479647599,0.8424741192785841,0.0,0,0,15.469613259668508,period_doubling_present,2.4525838829115,3.2577030483092635,16.644012234948143,1.4152999112339917,5.136855350496468,5250.0,0.1870527472724689,576.9268536581028,1690.014135309732,2618.7993969100276,13,,0.47104964876546807,0.4506367627691732,0.7395281578165684,0.7560975609756098,0.6707317073170732,82,True,87.20641524541406,3.2577030483092635,2.4525838829115,0.4506367627691732,0.7560975609756098,multiply_pulsed;irregular_f0,6889.27300685634,358.58849606650546,2,,,0,-1.2450947324228938,-1.5126322319448517,1.4657895972830772,10,,0,,0,,0,,0,,0
s01_C_creak_F016.wav,3.38,71.69450759438668,67.33407684729609,13.399019892318995,57.76248354861615,92.01195882032515,8.06026328810398,53.059476737701296,536.9070255099008,26,0.05654032388654064,0.01413508097163516,0.8,93.81812937716958,0.0,0.0,0,0,11.016949152542374,anchor_unreliable;low_voicing;period_doubling_present,2.9148597026904493,3.640471510961882,22.19546694604517,1.7420431062648807,6.087011643099854,5000.0,0.18713549664886553,609.7218413291879,1543.4588987405807,2651.455282644341,13,,0.5493483131512694,0.5394157652407806,0.8317961161435679,0.9090909090909091,0.8051948051948052,77,True,57.76248354861615,3.640471510961882,2.9148597026904493,0.5394157652407806,0.9090909090909091,multiply_pulsed;irregular_f0,7353.362818524584,,1,,,0,-6.566886177641597,-16.03161744105922,3.633224746834723,9,139.5767459025974,1,,0,,0,139.5767459025974,1,,0
s01_C_creak_F017.wav,3.44,224.92017412709214,92.31221346712269,220.89653458636568,59.467280981740146,634.6082957466499,40.98838035036741,40.81950180603642,676.3099917507611,42,0.07349428256756327,0.018373570641890817,0.8,93.41813925410106,0.7354114452095463,0.024390243902439025,0,0,22.82608695652174,period_doubling_present,3.674573210808442,4.498642101122453,18.592358907183186,1.709213751098562,7.078009593085563,5000.0,0.16952758482228333,578.4737041856374,1723.513278379439,2684.3343167292046,13,,0.5603428404781792,0.5200836423216743,0.9129893671564874,0.8648648648648649,0.7567567567567568,37,True,59.467280981740146,4.498642101122453,3.674573210808442,0.5200836423216743,0.8648648648648649,multiply_pulsed;irregular_f0,,,0,3958.5156955541297,,1,30.730426847320018,66.65392114568468,27.33304693333176,5,,0,,0,,0,,0,,0
s01_C_creak_F018.wav,3.34,83.84100216652254,90.16775503595001,16.526440606374585,56.581399480176756,101.39673491839355,10.099337171866948,47.00396996449622,138.53938625388074,25,0.12764879231545792,0.01595609903943224,0.8,94.34381819937717,0.6349985472802944,0.0,0,0,12.376237623762377,low_voicing;period_doubling_present,2.4567775206271243,3.303287467439403,18.14882053986447,1.4766208783317385,4.758729635735313,4750.0,0.18894795273857315,504.0045620996216,1578.8995408041642,2591.347636325436,13,,0.5115523957282069,0.5051762567623659,0.7437919314191742,0.8260869565217391,0.7246376811594203,69,True,56.581399480176756,3.303287467439403,2.4567775206271243,0.5051762567623659,0.8260869565217391,multiply_pulsed;irregular_f0,7337.595719567319,592.6237095403484,3,,,0,-2.094294739677487,-3.2095977348671942,5.6690862695130555,11,51.89325008379608,1,,0,,0,51.89325008379608,1,,0
s01_C_creak_F019.wav,3.52,381.52784815831893,465.64230508299494,256.13322711299935,77.02816403215111,678.6175087739169,37.66968850595017,64.27147168291052,750.0,48,0.046677008032440716,0.011669252008110179,0.8,95.85848769418729,0.0,0.02127659574468085,0,0,16.107382550335572,anchor_unreliable;period_doubling_present,2.9436430700981973,6.380079467132138,22.07639639912972,1.744858755825553,6.57056234189707,4750.0,0.1790816815874455,596.0278128000589,1702.134163007756,2671.7949475535042,13,,0.505000811152249,0.47088923773467817,0.7272938992907134,0.8846153846153846,0.782051282051282,78,True,77.02816403215111,6.380079467132138,2.9436430700981973,0.47088923773467817,0.8846153846153846,multiply_pulsed;irregular_f0,6883.36249906123,528.2414686122592,2,,,0,4.926761532493181,10.284947960327205,9.932405527238535,11,,0,,0,,0,,0,,0
s01_C_creak_F020.wav,3.73,71.20342840302781,70.03729666470743,14.89288099293182,52.75466991322961,90.94990140391702,9.429279181763736,42.640600670618824,120.87803889820154,42,0.07035548169627748,0.01758887042406937,0.8,78.26585290704202,0.3977798018643637,0.04878048780487805,0,0,20.095693779904305,anchor_unreliable;period_doubling_present,2.9118768258647223,5.7047795325736335,17.755605976450905,1.6596099786930916,4.556435238875664,4750.0,0.20989751856266536,617.6636688908163,1786.0120209356942,2582.172605719619,13,,0.5208423100492741,0.4719473631598896,0.7706750125514837,1.0,0.8857142857142857,70,True,52.75466991322961,5.7047795325736335,2.9118768258647223,0.4719473631598896,1.0,multiply_pulsed;irregular_f0,8118.667860252263,,1,,,0,0.5703233158881513,0.16312585572102556,3.710187585575916,8,,0,,0,,0,,0,,0
s01_C_creak_F021.wav,3.33,74.9015123363298,75.98582457457648,6.3039270751992165,67.91916823098596,83.11935948009582,3.4963889488853286,40.0,117.05082153633526,25,0.15,0.01875,0.8,76.41149413063198,0.8189085112943065,0.0,2,1,14.705882352941176,low_voicing;period_doubling_present,1.7175264312878284,4.1034756167041655,13.877290605817599,1.073288265920269,4.86230151095691,4250.0,0.1984192960100084,534.291111846223,1453.9967074952774,2506.403882791114,13,,0.5119962759370257,0.5184638470547644,0.7522440464462998,0.8591549295774648,0.7323943661971831,71,True,67.91916823098596,4.1034756167041655,1.7175264312878284,0.5184638470547644,0.8591549295774648,multiply_pulsed;irregular_f0,7468.9622295086965,,1,,,0,10.830123949917585,10.582995990405681,7.3356105132818215,8,,0,,0,,0,,0,,0
s01_C_creak_F022.wav,3.63,286.98590385313594,84.48462497451096,259.73611010170794,70.02344105160806,663.9534708464777,38.94206733443724,52.76944576853099,750.0,61,0.056851080323247344,0.014212770080811836,0.8,80.82957247992064,0.6666912160230178,0.05,0,0,24.206349206349206,period_doubling_present,3.0680947058727694,6.884417406044298,21.92956856505494,1.850121103450633,6.106264926855756,4000.0,0.18892452847864272,519.4412062573338,1546.5870280196878,2346.8062583637457,13,,0.46862501179872795,0.4435034182143896,0.6656794005087635,0.8021978021978022,0.6593406593406593,91,True,70.02344105160806,6.884417406044298,3.0680947058727694,0.4435034182143896,0.8021978021978022,multiply_pulsed;irregular_f0,6701.121373005219,,1,4794.740823857153,,1,2.2852637826442104,4.072782330441835,9.973497619823036,10,3.4305817426214524,1,,0,,0,3.4305817426214524,1,,0
s01_C_creak_F023.wav,3.52,306.8231437870823,83.31634888851187,261.46859872194204,62.27605173251461,643.0371840239068,40.41783334014268,53.728883183573714,750.0,48,0.11167177958082614,0.013958972447603267,0.8,158.58894404111328,0.0,0.0425531914893617,0,0,19.591836734693878,anchor_unreliable;period_doubling_present,3.0947149071722198,6.4798251588720355,19.07104435688731,1.659560171417553,6.758623114948992,5250.0,0.20072131471132662,570.7202028157266,1664.2160786326297,2574.6187752500928,13,,0.5436476728779842,0.532269255265245,0.7728133056906387,0.9702970297029703,0.8811881188118812,101,True,62.27605173251461,6.4798251588720355,3.0947149071722198,0.532269255265245,0.9702970297029703,multiply_pulsed;irregular_f0,,,0,,,0,5.561456978792009,17.664082095062227,8.868482909695857,11,,0,,0,,0,,0,,0
s01_C_creak_F024.wav,2.9,223.94938683183386,89.20488603905952,166.37109787272001,72.89189970689667,456.02612468309275,31.743432838976524,58.50498155097783,564.5842219826579,64,0.05127768474528917,0.012819421186322292,0.35,86.03547671597087,0.36148844636612687,0.015873015873015872,0,0,28.699551569506728,anchor_unreliable;period_doubling_present,2.833322203340671,5.186784698096933,22.50936646781911,1.8799917329017166,6.151936248767181,3750.0,0.17209286158133352,609.813776331708,1330.2074269061454,2243.9480570841265,13,,0.5155331963127677,0.4887913481259871,0.803579940192067,0.9047619047619048,0.7857142857142857,84,True,72.89189970689667,5.186784698096933,2.833322203340671,0.4887913481259871,0.9047619047619048,multiply_pulsed;irregular_f0,7708.8176888832095,1375.9102995046064,2,3798.902305615606,,1,-3.708640848452248,-9.706647019048368,8.871645343411565,12,62.91208439866924,1,62.91208439866924,1,,0,,0,,0
s01_C_creak_F025.wav,2.96,348.3020455619586,441.6238451785459,218.43499137410407,90.74169022960947,618.1510986010504,33.21746508567513,42.99294905477656,750.0,28,0.06977888388576817,0.017444720971442042,0.8,89.01032442715305,0.5909567665309559,0.1111111111111111,10,6,16.867469879518072,octave_disagreement;jumpy;heavy_repair;period_doubling_present,3.2214548767321287,6.757981288911158,25.711142322389875,1.9549100189463613,6.4392039385629944,4250.0,0.19843294770271022,472.55386068737414,1464.410141839962,2364.6786847669327,13,,0.5297140374398419,0.5089471867229092,0.788837627001276,0.9363636363636364,0.8454545454545455,110,True,90.74169022960947,6.757981288911158,3.2214548767321287,0.5089471867229092,0.9363636363636364,multiply_pulsed;irregular_f0,6003.451543790208,918.5647745893451,2,,,0,-18.087716273742885,-18.319394768720162,-15.200510708782653,13,51.420299248537745,1,51.420299248537745,1,,0,,0,,0
s02_A_modal_C001.wav,2.08,141.70476919210844,137.64093093192017,25.546094036463924,112.57228130541014,186.5871547368284,8.74797640498701,69.79760766369581,243.64813182724095,81,0.08596283169058831,0.010745353961323539,0.35,133.78567322482058,0.8763583794374911,0.0,0,0,43.54838709677419,,7.052985758589705,2.578171926957603,12.617675978265677,1.1896738672013067,8.239957369367936,4000.0,0.19370809606844452,526.8568101054725,1404.1741368161433,2298.16037049672,13,,0.2971603462882946,0.20291097102063374,0.6939398055776552,0.40350877192982454,0.2982456140350877,57,True,112.57228130541014,2.578171926957603,7.052985758589705,0.20291097102063374,0.40350877192982454,,6953.688951246111,132.28806595239976,2,,,0,-3.455769229840963,-5.587884927526938,11.90676820132147,8,,0,,0,,0,,0,,0
s02_A_modal_C002.wav,2.24,137.4687428190578,126.89936630500986,25.98773831318393,115.4640153094845,183.62426009353283,8.031760510290491,65.89858813802559,336.4190474482342,94,0.09104899163291495,0.011381123954114369,0.35,127.17013541964806,0.8630355203142204,0.0,0,0,49.735449735449734,,9.509330966395348,1.6677098934149321,12.845163402643772,1.0938275015919356,9.303607505206976,4500.0,0.21305751495071135,549.475339300826,1449.2726307551352,2495.2958924264367,13,,0.2259283010130254,0.14840194505487986,0.5507940208924851,0.22916666666666666,0.17708333333333334,96,True,115.4640153094845,1.6677098934149321,9.509330966395348,0.14840194505487986,0.22916666666666666,,6930.841855517538,1133.4878820275712,2,,,0,-5.762210170161613,-7.58330506047125,8.996714754920152,7,10.9096479414732,1,,0,,0,10.9096479414732,1,,0
s02_A_modal_C003.wav,1.9,157.6490761652387,154.9234100758928,38.5180489358473,106.52881434757782,210.91628222845185,11.825121152919337,74.93866519823268,284.1263212002817,108,0.08006547733574391,0.01000818466696799,0.35,155.09589080023997,0.755029179849639,0.009345794392523364,0,0,59.34065934065934,period_doubling_present,9.11167259048137,2.612612079245335,15.616483490479622,1.3939084512002664,9.056563298464429,3750.0,0.17932972986026988,474.8626086969532,1313.75761049028,2337.178638115627,13,,0.3587990510153618,0.32083927228418324,0.726138600045657,0.5529411764705883,0.4588235294117647,85,True,106.52881434757782,2.612612079245335,9.11167259048137,0.32083927228418324,0.5529411764705883,multiply_pulsed,7426.091679108948,,1,,,0,-5.37337944702559,-8.375935884548264,9.417472612242332,8,,0,,0,,0,,0,,0
s02_A_modal_C004.wav,2.1,172.1800362285133,167.85384389201042,45.34126967335374,106.10432900419265,225.80085943926156,13.074809503003559,82.56413908728472,288.70436705272573,130,0.07267077530666131,0.009083846913332664,0.35,166.87081162319544,0.8536900269038498,0.007751937984496124,4,2,58.035714285714285,,11.946909380619374,2.222250140578369,12.611535536416643,1.1215220792289098,10.431595614342243,6500.0,0.17448341759799602,720.7326364731042,2486.6790091024436,3329.955167089971,13,ceiling_at_search_edge,0.2790982589572015,0.1956637244294128,0.6303958946821941,0.4024390243902439,0.34146341463414637,82,True,106.10432900419265,2.222250140578369,11.946909380619374,0.1956637244294128,0.4024390243902439,,,,0,,,0,-6.35962361875185,-9.306188371859584,15.307042642445271,5,,0,,0,,0,,0,,0
s02_A_modal_C005.wav,2.26,138.76801678781544,129.9681451699365,41.0954263176007,100.27895594635004,194.0788348087256,11.431486960010622,80.7698241243958,317.758937474713,155,0.07428516856442868,0.009285646070553585,0.35,130.04816807486165,0.9660114820202994,0.012987012987012988,5,3,65.67796610169492,,10.82854851910763,2.166664708701635,13.03276873277268,1.1863105190156522,10.431088893788099,5750.0,0.21994611401867395,494.2413684430193,1970.4722606755518,2646.5659843414196,13,,0.27503836784876873,0.18906493037178315,0.6026989406333577,0.30597014925373134,0.2537313432835821,134,True,100.27895594635004,2.166664708701635,10.82854851910763,0.18906493037178315,0.30597014925373134,,,,0,,,0,-4.474259097951198,-5.378178961581248,3.029949626989293,9,,0,,0,,0,,0,,0
s02_A_modal_C006.wav,1.96,178.4652694050178,169.16075162808525,46.676392635784055,129.73497567209102,285.85788311328616,13.676767238646672,112.14982546788212,408.563805747979,155,0.02674993017139515,0.006687482542848787,0.35,171.80694628247946,0.634527636893611,0.006493506493506494,8,4,53.44827586206897,,10.99989552522325,2.2195241028149493,13.777369658318683,1.2627282943553704,10.34546465848743,4500.0,0.19165226632287582,527.4523202654295,1391.1254086928695,2534.041710313473,13,,0.23039340676731845,0.16802810063661655,0.5455179554106578,0.2692307692307692,0.20512820512820512,78,True,129.73497567209102,2.2195241028149493,10.99989552522325,0.16802810063661655,0.2692307692307692,,,,0,,,0,-7.5966266925716885,-14.65438680910259,8.397767991051166,7,37.02859124418789,1,,0,,0,37.02859124418789,1,,0
s02_A_modal_C007.wav,1.87,125.97838554926757,126.29728203662765,22.72071873746911,101.77799613700279,142.537396156742,5.83097739314269,87.48643384066143,194.9566584890821,102,0.06858206165915698,0.008572757707394622,0.35,125.1510048045628,0.8174423650062256,0.0,11,6,48.34123222748815,heavy_repair,7.725663064467378,2.851557639391519,13.500107112709433,1.2769832076768315,8.345068628643007,4000.0,0.18042669825541024,523.9229254984733,1393.480030178206,2336.7225249301005,13,,0.2874160529635914,0.22893194603174066,0.6019131385541234,0.423728813559322,0.3559322033898305,59,True,101.77799613700279,2.851557639391519,7.725663064467378,0.22893194603174066,0.423728813559322,,6085.887641250891,203.2246838823173,2,,,0,-7.373577629408288,-8.541306074179687,2.0421446670470864,4,40.60056024990699,1,40.60056024990699,1,,0,,0,,0
s02_A_modal_C008.wav,2.64,144.0494184892079,146.76684801226978,31.253270007197976,98.83408954715595,179.83101357805504,10.362734474575074,71.59423719298641,246.30402634049022,141,0.0838056278723475,0.010475703484043437,0.35,145.4154123371994,0.7393059872391874,0.007142857142857143,6,3,57.55102040816327,,8.609059149222093,2.7398327329976575,13.171288033966643,1.2160187586305102,9.441373811535309,3750.0,0.24995614516222806,467.62981434748474,1342.4129255554062,2399.40535233774,13,,0.2856051645921627,0.22426489381079023,0.6412115087944416,0.41237113402061853,0.28865979381443296,97,True,98.83408954715595,2.7398327329976575,8.609059149222093,0.22426489381079023,0.41237113402061853,,6011.330270411317,,1,3716.615268496784,,1,-8.186974327188706,-10.793114149691377,7.151539250200794,8,,0,,0,,0,,0,,0
s02_A_modal_C009.wav,1.33,145.81785100836456,144.53554630834,22.75467985330567,125.24664066530708,181.3305088832582,6.406197249819478,95.12118925893157,247.46818481296577,89,0.06307742834950542,0.007884678543688177,0.35,152.79758197127524,0.4869174720185421,0.0,0,0,55.27950310559006,anchor_unreliable,11.132705337247288,2.4426964672894065,12.26898454588236,1.0672501095151787,9.809627820501477,4000.0,0.13365218589669,548.0789247965536,1355.4160741850992,2395.9231042388574,13,,0.29159553304677605,0.1423539669295761,0.7236770511803341,0.35294117647058826,0.3333333333333333,51,True,125.24664066530708,2.4426964672894065,11.132705337247288,0.1423539669295761,0.35294117647058826,,7406.610003767705,,1,,,0,-5.064030844164684,-7.873748846319266,-1.2220512194906874,3,,0,,0,,0,,0,,0
s02_A_modal_C010.wav,2.18,155.73655648497356,156.1243025469857,42.641824302947825,95.01621504149497,203.58641180135228,13.192747557106172,83.60422285336242,412.9708498857222,136,0.07176670980512188,0.008970838725640235,0.35,158.67358059653617,0.8557657188939559,0.007407407407407408,0,0,57.6271186440678,,7.800363148969001,3.1763951083615996,15.978215021101521,1.4619790882949568,9.086813548778295,4500.0,0.17395490656566973,510.3728960827568,1400.2850400889472,2508.1945265553313,13,,0.3389610723842474,0.31907139432271925,0.6356522627172556,0.5494505494505495,0.37362637362637363,91,True,95.01621504149497,3.1763951083615996,7.800363148969001,0.31907139432271925,0.5494505494505495,multiply_pulsed;irregular_f0,6663.221496626466,,1,,,0,-5.325187572439433,-8.32712441996908,1.7316355408531379,6,,0,,0,,0,,0,,0
s02_A_modal_C011.wav,1.74,147.82444436180037,141.8529297610191,31.73504714966323,115.86131731182022,194.19428945829642,8.941221644929097,73.31005114999193,238.17795410037078,131,0.08184416605744872,0.01023052075718109,0.8,142.3604548245758,0.962013155642166,0.0,6,3,80.3680981595092,,9.239393328962455,2.388679001454895,14.771542682701696,1.333537845085435,10.871555635523412,4750.0,0.2003384040526328,444.66071559803424,1446.158509172098,2503.873500126751,13,,0.29038949838306666,0.21490430039319108,0.6751851163519195,0.32432432432432434,0.22972972972972974,74,True,115.86131731182022,2.388679001454895,9.239393328962455,0.21490430039319108,0.32432432432432434,,6837.94360340407,,1,,,0,-6.483585288672392,-11.240218760533207,8.667246713112394,5,52.881071609118365,1,,0,,0,52.881071609118365,1,,0
s02_A_modal_C012.wav,3.48,149.7998771551602,151.63500343001454,32.99035331438916,125.23656849920067,176.7685003637041,5.966463953670269,98.45722651912422,360.1704784304957,255,0.030470084381437286,0.0076175210953593215,0.8,152.0822860418013,0.9565403287875054,0.003937007874015748,9,4,56.29139072847682,,11.066943125270955,1.9948910076713726,11.654251956767132,1.339155434997835,10.083411297920152,3750.0,0.20602729845573053,516.8353727694101,1345.9972703622514,2304.447849682405,13,,0.19904758566800862,0.12918185446363556,0.5135295228900827,0.1951219512195122,0.17073170731707318,123,True,125.23656849920067,1.9948910076713726,11.066943125270955,0.12918185446363556,0.1951219512195122,,6759.400559418493,,1,,,0,-4.751323317887988,-5.760690601834338,12.666500389893713,7,,0,,0,,0,,0,,0
s02_A_modal_C013.wav,2.4,161.32488380066792,172.98323434614073,40.351295505149274,99.83799588949577,207.66372759468592,12.679060376104214,68.26628510240118,301.54442529894067,107,0.08789111625159983,0.010986389531449979,0.35,173.59551807342035,0.21443773992735837,0.009433962264150943,0,0,50.71090047393365,anchor_unreliable,10.222145728244753,2.056989063774497,10.892488897534864,1.1212834872079074,9.047041187193258,3750.0,0.21096059716200957,451.78636170598725,1278.4239249036766,2283.703352711047,13,,0.15607974032697258,0.11771436367762592,0.2974527541445138,0.11594202898550725,0.07246376811594203,69,True,99.83799588949577,2.056989063774497,10.222145728244753,0.11771436367762592,0.11594202898550725,,6448.845330110122,,1,5097.372716042644,,1,1.4618391844345338,-0.5584929932502138,6.63089393480093,6,,0,,0,,0,,0,,0
s02_A_modal_C014.wav,2.28,153.97591287275807,143.5163293293036,28.64847571294269,125.20741403071221,208.8562275748882,8.858282030399476,100.9256245944596,365.6517509672536,167,0.029724859390810127,0.007431214847702532,0.8,143.46952740854118,0.8216301253592576,0.006024096385542169,8,4,55.115511551155116,,11.211889077475563,2.547422633051294,13.005814148411558,1.2499574389161936,9.902831554487529,4500.0,0.21782654613891558,452.3997509250941,1729.480653075139,2505.573491662137,13,,0.23061041624686346,0.12327049037361652,0.6305829183513962,0.22988505747126436,0.19540229885057472,87,True,125.20741403071221,2.547422633051294,11.211889077475563,0.12327049037361652,0.22988505747126436,,7461.125616133882,141.56283845671308,2,,,0,-4.635655185792931,-6.758368945658589,10.213541730527327,9,37.24179709953185,1,37.24179709953185,1,,0,,0,,0
s02_A_modal_C015.wav,2.04,153.2310978372236,156.61571682877346,30.135395340362166,103.98406037673075,194.33853425008965,10.826515163444334,86.80800471531208,263.0673175730601,106,0.06911804988119556,0.008639756235149445,0.35,156.47548904544573,0.894639849238909,0.0,0,0,46.2882096069869,,9.415722744972225,1.834939847992133,9.285119602310257,0.9286499056349542,9.532782924613452,4750.0,0.14901088359783057,602.5601022980155,1727.884776284925,2572.4346423207207,13,,0.1716817293444528,0.1014421160236481,0.49370613063628943,0.17391304347826086,0.17391304347826086,69,True,103.98406037673075,1.834939847992133,9.415722744972225,0.1014421160236481,0.17391304347826086,,6634.325862507633,264.28887525625373,3,,,0,-2.4170276192975964,-7.13715040476867,15.934120054312979,5,,0,,0,,0,,0,,0
s02_A_modal_C016.wav,1.98,144.68886374710902,132.91708448955512,44.62421246212766,97.73297594968923,208.72623075498728,13.136335068796196,67.05979643389765,359.112716781574,92,0.044736193062517984,0.011184048265629496,0.35,132.66557955079,0.9424622033570775,0.03296703296703297,1,1,52.87356321839081,,6.9639354776882705,2.86637735262112,17.846121431020922,1.6095275115118182,8.814207429067965,4250.0,0.19485086561683795,506.15657642528333,1355.8415124400387,2449.315577240938,13,,0.3396463409032983,0.28001256083065107,0.6547418071686777,0.5,0.3815789473684211,76,True,97.73297594968923,2.86637735262112,6.9639354776882705,0.28001256083065107,0.5,multiply_pulsed,7587.673873762797,1988.7328940522261,3,,,0,-3.687970094551323,-5.978309002361396,5.060630793656737,6,3.182408517981683,1,3.182408517981683,1,,0,,0,,0
s02_A_modal_C017.wav,2.55,128.89456079489716,128.30968088031244,16.835634779597605,106.59870506552842,154.11155892383394,6.381421926579295,70.50902785111703,200.92403664675973,133,0.08509548610809482,0.010636935763511853,0.35,128.2802933567584,0.9499228569694852,0.0,8,4,57.327586206896555,,10.490357244499341,1.6575054051917777,9.708199642694424,1.0157958458552114,10.560195677267357,4250.0,0.20256492655864453,590.3953279991854,1499.6343278350173,2458.9963671397695,13,,0.18536401159163884,0.1389227515056039,0.3881320282055049,0.21311475409836064,0.16393442622950818,122,True,106.59870506552842,1.6575054051917777,10.490357244499341,0.1389227515056039,0.21311475409836064,,6909.335408924719,485.57062518128413,3,,,0,-10.455673735629013,-13.22872301230936,7.452068127489325,9,,0,,0,,0,,0,,0
s02_A_modal_C018.wav,2.02,141.782100144816,136.8900779617554,30.469880118053496,107.2372343929368,181.09161521118884,9.070965968686712,68.57623447929623,250.86364193667848,121,0.08749386789109065,0.010936733486386331,0.35,137.761621294598,0.6092756796819947,0.0,4,2,68.36158192090396,,9.824289478164468,2.350210122786634,15.39225945363307,1.3463414407076284,10.880112479796013,4750.0,0.20507638099440825,527.6863663237112,1435.0559078554998,2545.4056677220387,13,,0.3029271206177844,0.1766786430173022,0.7687924469471629,0.32954545454545453,0.29545454545454547,88,True,107.2372343929368,2.350210122786634,9.824289478164468,0.1766786430173022,0.32954545454545453,,6616.481784981395,760.4595827855575,2,,,0,-3.0448807466647287,-5.083704944186313,3.008330266931585,6,,0,,0,,0,,0,,0
s02_A_modal_C019.wav,2.2,148.04646888308667,143.18352117628615,24.610206573770583,125.34661882041907,185.8934190387958,6.82263139970749,72.54327047449303,253.48175716385663,109,0.08270925698214368,0.01033865712276796,0.35,139.51420458729746,0.7879544068859438,0.018518518518518517,4,2,53.170731707317074,,9.697071021624234,2.5437889054241625,14.530546321536036,1.2976594519980809,9.364584437053518,4750.0,0.23028699941761144,510.175951943458,1671.9927889027579,2630.570137209361,13,,0.20928906444552414,0.18720476283753984,0.41487232207486713,0.2702702702702703,0.16216216216216217,74,True,125.34661882041907,2.5437889054241625,9.697071021624234,0.18720476283753984,0.2702702702702703,,6845.717087415048,758.653250145831,2,,,0,-7.146183654074097,-12.143296459476788,9.150233010378596,4,,0,,0,,0,,0,,0
s02_A_modal_C020.wav,1.62,140.3849411605465,132.83825515284985,39.09951722260554,101.07957593196112,185.18987805948368,10.482164765909113,80.95095514428664,232.64507642073457,119,0.037059476255132666,0.009264869063783166,0.8,133.31233646829332,0.8910140857885803,0.01694915254237288,2,1,69.5906432748538,period_doubling_present,7.679667127690069,3.0369760885535855,14.20609105958352,1.3359704963389587,9.889417216641764,6000.0,0.1888943657027591,377.02223552931156,2417.6299511923335,2974.2536221304626,13,,0.34403936822528913,0.30887248677376056,0.641702492971149,0.5425531914893617,0.425531914893617,94,True,101.07957593196112,3.0369760885535855,7.679667127690069,0.30887248677376056,0.5425531914893617,multiply_pulsed;irregular_f0,7386.790650221621,,1,,,0,-6.449763900817525,-8.667556659915824,7.621303883544869,7,,0,,0,,0,,0,,0
s02_A_modal_C021.wav,1.82,143.3423698235434,144.10472802111113,26.054017185189497,117.70105014792905,179.33613603697944,7.290468319092755,91.19127613736885,239.1928651338276,107,0.03289788373485262,0.008224470933713155,0.35,145.18385245011194,0.6382659033465521,0.0,0,0,49.08256880733945,,9.724454073789985,2.6302891947708438,13.18883343634262,1.2772628033897937,9.42764043167868,4750.0,0.13907291205290034,614.4197937440532,1421.8980016807932,2521.0266022781952,13,,0.25155183612848175,0.17325690334090577,0.5876943399818628,0.265625,0.203125,64,True,117.70105014792905,2.6302891947708438,9.724454073789985,0.17325690334090577,0.265625,,6870.132121686967,,1,,,0,-5.212669992324068,-6.9615019256819615,6.274917880740452,5,2.7392851834948106,2,2.826298469502775,1,,0,2.6522718974868464,1,,0
s02_A_modal_C022.wav,2.26,139.03050833324366,130.52697407247496,25.209349349998003,108.87599724065447,176.76436416176554,8.389698269164269,69.959533085428,232.8255161777422,105,0.08576386570038087,0.010720483212547609,0.8,130.6369017706522,0.9282017574678741,0.0,0,0,51.724137931034484,,10.05195975760008,1.617497210742598,12.537440735382837,1.1846226940600706,10.037307221305086,4750.0,0.19186599961352055,578.3603587883715,1620.0734508987957,2586.902410121287,13,,0.23934873735959747,0.14085855341895012,0.6687178252393734,0.22429906542056074,0.18691588785046728,107,True,108.87599724065447,1.617497210742598,10.05195975760008,0.14085855341895012,0.22429906542056074,,6790.1982453438095,472.22143991719446,2,,,0,-5.585143081092466,-7.116577305896101,7.624726498690198,7,,0,,0,,0,,0,,0
s02_A_modal_C023.wav,2.08,146.33207510328685,149.70968108416497,32.44121802458334,95.1981187204336,185.85054138083308,11.581655063826673,82.50559226493556,256.94960309338376,106,0.07272234324108923,0.009090292905136153,0.35,147.71391044363313,0.4373070186516581,0.0,0,0,47.963800904977376,anchor_unreliable;period_doubling_present,7.941955808840414,3.1550349724784814,17.366527048858675,1.4959565137810171,8.32069186765619,4750.0,0.1693155375421456,522.1116153476136,1768.6307390426673,2611.3553722248535,13,,0.3580340198287227,0.2913099436978078,0.6663203141649661,0.547945205479452,0.410958904109589,73,True,95.1981187204336,3.1550349724784814,7.941955808840414,0.2913099436978078,0.547945205479452,multiply_pulsed;irregular_f0,6720.7568054428275,949.9370755067599,2,,,0,-4.511574275208995,-7.151597211189406,8.903298467360976,7,,0,,0,,0,,0,,0
s02_A_modal_C024.wav,2.09,145.98657590757108,147.32929437687622,33.03287693064496,111.2489281255391,190.29452989465224,9.293311864417612,91.97791733016375,354.3316511483472,155,0.06523304912919926,0.008154131141149908,0.35,147.45282278974494,0.815267000982762,0.006493506493506494,8,4,62.24899598393574,,9.874664613818465,2.785444945154173,14.666106822912194,1.372087492571695,9.958492782505843,4500.0,0.1858744269756086,469.9664348077893,1519.2314478449898,2555.9669568571926,13,,0.26233713537389125,0.16108413932161525,0.6317451194445437,0.28735632183908044,0.2413793103448276,87,True,111.2489281255391,2.785444945154173,9.874664613818465,0.16108413932161525,0.28735632183908044,,5728.24738306398,,1,,,0,-5.095789027793447,-10.153202899804054,11.948639591164206,9,,0,,0,,0,,0,,0
s02_A_modal_C025.wav,1.6,146.47704150430422,159.06472203405133,35.2637363083358,94.21475872695687,189.63176996543137,12.110108470184208,60.11325347055883,259.8367792875942,70,0.09981159983195004,0.012476449978993755,0.35,159.25217416504677,0.6212907829242502,0.0,0,0,57.85123966942149,,10.234865321513238,1.53906383426053,11.755417876184165,1.1768147488436347,10.171828350136233,5000.0,0.13905152539472468,536.5875184762365,1377.2575784597634,2565.1750625946174,13,,0.262744505208658,0.15655289960098628,0.7264532315349203,0.28125,0.21875,64,True,94.21475872695687,1.53906383426053,10.234865321513238,0.15655289960098628,0.28125,,,,0,,,0,-4.833185329598404,-6.700269188290616,4.260258825551734,5,3.610651588118019,1,,0,,0,3.610651588118019,1,,0
s02_A_modal_C026.wav,2.165,137.15271925349668,129.67639359438243,26.94412418946452,104.05109898793599,172.6096085379947,8.762646880117376,90.01397154610802,235.35939192158273,171,0.06665631897962206,0.008332039872452757,0.8,130.69023464119698,0.6984350929400014,0.011764705882352941,8,2,67.85714285714286,,9.768155905730694,2.1441163221683746,13.340822379817604,1.1943500243251501,10.37369106833833,4250.0,0.20936322372329916,446.62916151792615,1410.9318605481747,2414.0319793497947,13,,0.26222272691944865,0.19660966059785312,0.5778177864031627,0.3611111111111111,0.23148148148148148,108,True,104.05109898793599,2.1441163221683746,9.768155905730694,0.19660966059785312,0.3611111111111111,,7386.918618175752,,1,4427.1850056632675,,1,-3.0788164398289957,-5.654684167536218,4.925907268341032,7,,0,,0,,0,,0,,0
s02_A_modal_C027.wav,2.16,155.73846526348677,140.9223160908429,30.093768194184413,127.86170034383325,204.9982122090711,8.172325722616907,75.8060948108017,275.59578809535884,154,0.039574654353155346,0.009893663588288837,0.35,140.6729189375307,0.9217503872154664,0.0,0,0,71.62790697674419,,12.667143358770605,1.7288123556683939,10.43398436724858,1.0654158324782346,12.43824716266497,4000.0,0.18088436461644228,459.7453033343457,1385.5772917722963,2335.3473925523767,13,,0.13396625230740283,0.09781212387649865,0.26871681861780977,0.09345794392523364,0.07476635514018691,107,True,127.86170034383325,1.7288123556683939,12.667143358770605,0.09781212387649865,0.09345794392523364,,8295.087091439787,,1,,,0,-6.782179932152399,-10.365010166015383,5.317569442224331,9,,0,,0,,0,,0,,0
s02_A_modal_C028.wav,1.9,170.32973040488736,156.46506636966717,33.62379752899904,135.72889433495368,224.08150988390844,8.679548775597866,109.81591669221727,299.76006982626507,160,0.054636888537900115,0.006829611067237514,0.8,156.87085147916434,0.8344458734759135,0.0,0,0,59.04059040590406,,11.333346090172066,2.1616285666269293,14.002722010867485,1.252590734490886,10.36585892616133,5250.0,0.18597903861475085,475.2440781956749,1993.3950485494363,2612.6363517259792,13,,0.1759134123723477,0.13689321100390286,0.362671090364449,0.19696969696969696,0.12121212121212122,66,True,135.72889433495368,2.1616285666269293,11.333346090172066,0.13689321100390286,0.19696969696969696,,7295.081520244164,,1,,,0,-1.806779594500328,-5.093374521037201,4.418389116251198,6,,0,,0,,0,,0,,0
s02_A_modal_C029.wav,1.92,157.15750426242454,164.05066650819853,38.66461818044116,102.66854052228167,203.15447538263572,11.814995578896676,82.54419219763733,278.58472274288624,124,0.03634416813743886,0.009086042034359715,0.8,163.45217044521172,0.652182376677356,0.0,0,0,59.61538461538461,,7.622387663545385,2.822296213495881,12.021125134925201,1.1278920571824413,9.218994075317335,6500.0,0.17612704778699273,644.7819396967548,2532.7679826981694,3476.096822607633,13,ceiling_at_search_edge,0.30647619208056526,0.2556979591906271,0.6393253104702955,0.43243243243243246,0.3783783783783784,74,True,102.66854052228167,2.822296213495881,7.622387663545385,0.2556979591906271,0.43243243243243246,,7982.7680127161175,564.4704573355508,2,,,0,-4.258832618342123,-6.932620112207398,13.147088109145216,7,2.8746709250602187,1,,0,,0,2.8746709250602187,1,,0
s02_A_modal_C030.wav,1.68,151.22459301164346,143.2860486344229,24.330028273986155,127.10896753940226,190.63586523590394,7.017044997644728,100.14180777900052,246.17358346620165,113,0.05991503581841854,0.0074893794773023175,0.8,144.0632871491945,0.9172325322881262,0.0,2,1,52.07373271889401,,8.9622930906692,2.421489892076065,13.031828986478573,1.2258969446632637,9.94043820094459,4000.0,0.18380867098122713,491.7723161344512,1331.8627995206473,2435.0040099512735,13,,0.29157403271795207,0.15825981890326318,0.8244481955217325,0.36666666666666664,0.2833333333333333,60,True,127.10896753940226,2.421489892076065,8.9622930906692,0.15825981890326318,0.36666666666666664,,6298.873081646081,686.4509034395383,2,,,0,-2.8431778536888466,-4.487459581612331,7.702134343059099,5,9.483837567417552,1,,0,,0,9.483837567417552,1,,0
s02_A_modal_C031.wav,2.43,142.20125047545648,125.6735474997032,31.445929021521515,115.50090294468056,204.2106150382883,9.865844765992396,89.83730602600939,230.41732544336062,142,0.06678739897056687,0.00834842487132086,0.8,126.00072676496283,0.9054872229549062,0.0,0,0,50.0,,7.1868432886277995,2.3934215423657657,13.098528001482329,1.3171685162758429,9.255296054800358,4000.0,0.1908481763489069,507.7177243155859,1340.6874416602882,2366.2578963172,13,,0.22596286963668033,0.14989923450303094,0.4979080264341831,0.24489795918367346,0.1836734693877551,98,True,115.50090294468056,2.3934215423657657,7.1868432886277995,0.14989923450303094,0.24489795918367346,,7494.309676459796,893.5625279735566,5,,,0,-8.349951891084185,-10.679507322005637,2.947350859112518,8,,0,,0,,0,,0,,0
s02_A_modal_C032.wav,2.42,129.58799807508507,126.86147829260958,21.96078265736713,99.30402730093671,158.20667301936052,8.062635837384555,85.09477909675222,223.30495296311761,134,0.03525480683825525,0.008813701709563812,0.35,127.06210932852753,0.8593383581110572,0.0,0,0,49.44649446494465,,8.666431749953917,2.2815355888376576,13.175550224901928,1.2280875174322787,8.737821839888394,3750.0,0.17735941889152831,500.6503114400583,1330.1136622558633,2299.9179237661556,13,,0.2741657348553238,0.23060723874040634,0.5508213377352783,0.40625,0.3125,64,True,99.30402730093671,2.2815355888376576,8.666431749953917,0.23060723874040634,0.40625,,6176.868117421482,,1,5103.098467979377,,1,-2.9159416443852235,-6.365129954647164,12.605068273731131,5,,0,,0,,0,,0,,0
s02_A_modal_C033.wav,1.98,147.90748864752334,149.6394549110655,24.27827536017364,112.57806887261279,186.66250262075994,8.7540760478326,76.883069881682,237.761708253314,111,0.0780405882495796,0.00975507353119745,0.35,149.96470571732704,0.8371384238190438,0.0,2,1,56.92307692307692,,8.810588015846594,2.341862698151892,13.896801638420381,1.2915368991693823,9.431560970689315,3750.0,0.183999911232861,495.79113278550665,1238.8511090939946,2277.5580891262503,13,,0.22338516803082975,0.13429907542795028,0.5689344831610904,0.18333333333333332,0.15,60,True,112.57806887261279,2.341862698151892,8.810588015846594,0.13429907542795028,0.18333333333333332,,7845.429658243793,120.70748294584857,2,,,0,-5.880331536424298,-10.449989907600775,3.26692344642043,4,,0,,0,,0,,0,,0
s02_A_modal_C034.wav,1.98,147.92702233041635,144.52749523278317,21.511385451264726,127.01638667280989,190.49330792182644,7.016708183936,74.27077216920466,226.12408926085743,89,0.08078548027386494,0.010098185034233117,0.35,144.35820551032205,0.9122257223366161,0.0,0,0,47.08994708994709,,9.165050454385774,2.1064084086088948,16.47500838776553,1.4116167730179743,8.510997300247068,3750.0,0.1812753059306067,534.3677440427698,1304.3981967611826,2372.343626457832,13,,0.17990182912207284,0.08291276749812806,0.5039338505475397,0.21428571428571427,0.19047619047619047,42,True,127.01638667280989,2.1064084086088948,9.165050454385774,0.08291276749812806,0.21428571428571427,,,,0,4910.651237003726,,1,-5.510360617008207,-7.2707314176319535,-0.5129687599082011,3,78.6877126608232,1,78.6877126608232,1,,0,,0,,0
s02_A_modal_C035.wav,1.68,151.05843755877504,146.79782353999718,25.975351511750155,122.44045651558262,196.96133659289669,8.229985537932457,72.96281923745211,243.20791269384648,90,0.08223366452539947,0.010279208065674934,0.35,146.52270891379695,0.8014798394209217,0.0,2,1,57.69230769230769,,10.392058702912278,2.6967319954008433,16.943319113080385,1.5545439912586736,9.30982778723414,3750.0,0.19798285672425572,484.6893265201612,1346.0870987091662,2330.0154923608857,13,,0.20054437860890534,0.15975505709821622,0.4673198245796723,0.24193548387096775,0.1774193548387097,62,True,122.44045651558262,2.6967319954008433,10.392058702912278,0.15975505709821622,0.24193548387096775,,5983.417642751842,,1,,,0,-3.1125051450765717,-6.10740130685091,4.85500808279145,6,,0,,0,,0,,0,,0
s02_A_modal_C036.wav,2.2,142.89483803942014,146.075073065596,24.560457987693198,113.06400982010467,183.59435817023132,8.392583488235573,93.80827857764564,238.60457227947117,147,0.06396023987407216,0.00799502998425902,0.8,146.00128785606825,0.5930296151074808,0.0,12,6,54.850746268656714,heavy_repair,10.159097401701509,2.7120911023721948,14.058196605796894,1.3295046312261374,9.682145089855302,6500.0,0.21960000848248082,572.6772451285494,2511.1530951170807,3622.15131633977,13,ceiling_at_search_edge,0.3262882096317528,0.2654927836458827,0.6798204417996969,0.4880952380952381,0.39285714285714285,84,True,113.06400982010467,2.7120911023721948,10.159097401701509,0.2654927836458827,0.4880952380952381,,5911.602014734854,,1,,,0,-4.9834705271295725,-6.433452809647729,16.747204533844442,6,2.8674163868787073,1,,0,,0,2.8674163868787073,1,,0
s02_A_modal_C037.wav,1.66,140.01193625510396,134.5203914367503,36.13466011819332,99.47266625137371,191.90468761231628,11.376214803409376,63.348892092663036,237.83955805454693,78,0.09471357433092205,0.011839196791365256,0.35,134.12935022047287,0.87164845384388,0.0,0,0,58.64661654135338,,7.756148293255902,2.0775108032056258,11.474797709318992,1.040584925616649,9.599418230547482,4000.0,0.20805491908021734,455.7666654754545,1320.595521472152,2302.350251557378,13,,0.2398284467016203,0.20841939059934728,0.44201114531778424,0.2926829268292683,0.17073170731707318,82,True,99.47266625137371,2.0775108032056258,7.756148293255902,0.20841939059934728,0.2926829268292683,,6786.954119134328,644.147354024311,2,,,0,-8.234787694124238,-10.70309578136942,3.652053835307162,8,,0,,0,,0,,0,,0
s02_A_modal_C038.wav,2.48,146.36394218553323,147.5118553398471,33.384580975167545,106.6895225738565,199.23803732769264,10.812895210312652,90.23693148651702,239.96112453358202,167,0.03324581133887795,0.008311452834719487,0.35,144.21605442370952,0.8280886456470473,0.0,9,5,56.610169491525426,,10.260625131953702,2.174277347377957,14.624349076032955,1.3491841157050068,10.301157952442592,5250.0,0.20703732277212641,555.856571554899,1970.2975847830494,2673.49947575213,13,,0.27403700209927756,0.1658661394901426,0.6301383823071954,0.3130434782608696,0.28695652173913044,115,True,106.6895225738565,2.174277347377957,10.260625131953702,0.1658661394901426,0.3130434782608696,,,,0,5052.335136983692,,1,-3.4854202679253774,-7.01057905774295,7.081466054267102,13,,0,,0,,0,,0,,0
s02_A_modal_C039.wav,1.78,146.901186485794,124.73443259569332,48.53215990374336,95.86230062812149,224.1485140420702,14.705033593683268,60.75490179740269,269.8476743278799,73,0.0987574635542659,0.012344682944283238,0.35,120.94700310161286,0.8550347545919822,0.0,0,0,53.284671532846716,period_doubling_present,7.3902599787704135,2.4787628529858123,13.306063460296738,1.2155029378086943,8.545909186606227,3750.0,0.18973161220125548,484.78664121032824,1356.0480549812478,2341.227868098345,13,,0.3346404757956249,0.31364248308148657,0.600336922206029,0.5975609756097561,0.4146341463414634,82,True,95.86230062812149,2.4787628529858123,7.3902599787704135,0.31364248308148657,0.5975609756097561,multiply_pulsed,6917.983235681411,880.5988925111205,2,,,0,-5.366587013697654,-7.532002441708616,0.9483803746557887,6,,0,,0,,0,,0,,0
s02_A_modal_C040.wav,2.15,134.77031025401976,133.87000573171088,22.53532456278137,107.84493895322416,159.72867113100838,6.799977891549127,64.12669889950473,225.91255544799412,93,0.09356477259811576,0.01169559657476447,0.35,133.95253701586427,0.9023833834078578,0.0,2,1,52.84090909090909,,8.967039271912846,2.276867780392299,10.016160730551915,0.9364648798580084,9.700735018857573,6500.0,0.1935601201563629,603.6802715443761,2429.759317774461,3405.8183323834146,13,ceiling_at_search_edge,0.251352211308046,0.1705604501754598,0.47532403839575066,0.28125,0.21875,64,True,107.84493895322416,2.276867780392299,8.967039271912846,0.1705604501754598,0.28125,,7358.816106476246,,1,,,0,-2.870213278312567,-5.266403230837567,7.046526740648491,6,,0,,0,,0,,0,,0
s02_A_modal_D001.wav,2.51,124.69687678116671,124.59914370685796,16.01400602087823,104.27819896814471,149.51146034811026,6.237822039132023,83.41384308028387,204.75958562070917,161,0.07193050671727402,0.008991313339659253,0.35,124.72855129153481,0.9901721148441566,0.0,4,2,59.19117647058823,,10.830335797252625,2.0981142869548846,12.083159408524367,1.2918408682998384,9.669600476479559,4500.0,0.18738943310667758,449.2012633378562,1427.964482775154,2469.9519646647723,13,,0.3072933411307975,0.20857804199671545,0.6336391557852353,0.41935483870967744,0.3010752688172043,93,True,104.27819896814471,2.0981142869548846,10.830335797252625,0.20857804199671545,0.41935483870967744,,,,0,,,0,-9.270333954260275,-12.415431091342093,-0.722557967900561,8,,0,,0,,0,,0,,0
s02_A_modal_D002.wav,3.24,150.71587710990514,149.3057877626652,26.421079332937204,119.09698914942145,190.39821639537325,8.122596270124667,95.30362789592134,246.34454714383378,214,0.0629566799550637,0.007869584994382962,0.35,153.00694152963365,0.7817344314245259,0.0,4,2,52.97029702970297,,9.398046438054172,2.1639872640499025,15.401766246994015,1.443518754995052,9.395780385646962,4750.0,0.21722176722365913,530.4774924088802,1756.684955097866,2546.6810485721307,13,,0.18846339565087675,0.12481679614794158,0.4512872104859812,0.15625,0.125,96,True,119.09698914942145,2.1639872640499025,9.398046438054172,0.12481679614794158,0.15625,,6293.706833356229,,1,4301.679123072493,899.8966097345352,3,-5.7148195751440465,-9.827061829235703,8.464596425272454,9,,0,,0,,0,,0,,0
s02_A_modal_D003.wav,2.58,134.5682815909866,122.77239896091154,38.25519425133469,103.15277031131811,179.60965304050896,9.600987862000204,82.23755430578369,325.99782099847926,158,0.07295936814572836,0.009119921018216045,0.35,123.02987336458827,0.8978478874758704,0.006369426751592357,4,2,57.45454545454545,,9.363672700151106,2.6386050420452256,14.423063315659117,1.3485253302706133,9.769924271542726,4250.0,0.19013643231830094,483.3962277462945,1354.2350974096,2409.5953153855685,13,,0.2574267160009435,0.16409900918837478,0.5768049306066232,0.2897196261682243,0.2336448598130841,107,True,103.15277031131811,2.6386050420452256,9.363672700151106,0.16409900918837478,0.2897196261682243,,7001.546251318942,692.8638503160537,3,,,0,-7.984719642931072,-11.382094274621466,2.0517281189471284,9,,0,,0,,0,,0,,0
s02_A_modal_D004.wav,2.52,129.85978030213903,128.81865232696202,21.10349741414117,102.7557868315422,160.02398848982452,7.668822550162258,84.51479737999303,214.68186412013532,164,0.07099348499911762,0.008874185624889702,0.8,128.4926781506578,0.9189677370998055,0.006134969325153374,0,0,59.42028985507246,,10.00039739816886,2.245735894527724,12.311518867420848,1.0881523047199273,9.178833777646087,4500.0,0.17000786284743308,548.2781589009655,1428.7066904135038,2525.0891449407645,13,,0.2838623863102358,0.19576716785644435,0.5585923144913415,0.34444444444444444,0.28888888888888886,90,True,102.7557868315422,2.245735894527724,10.00039739816886,0.19576716785644435,0.34444444444444444,,6750.79137249247,,1,,,0,-6.035504652894701,-7.891433929664524,6.387466814214513,7,,0,,0,,0,,0,,0
s02_A_modal_D005.wav,3.19,131.2304357055909,128.6312609115415,16.05338872366218,112.3321439904698,154.76122641092394,5.547279008790271,89.26037470703447,214.59893609110964,193,0.03360953849730562,0.008402384624326405,0.35,128.7459686906863,0.9702363521352493,0.0,8,4,51.329787234042556,,10.406040844284284,1.5552392531412604,11.384041318682234,1.1023149863753832,9.773984704785585,4000.0,0.20823733347282433,511.2852784103968,1354.6733856592123,2333.491689313626,13,,0.2019642412511643,0.1493415803668147,0.45228776621126104,0.2074074074074074,0.14814814814814814,135,True,112.3321439904698,1.5552392531412604,10.406040844284284,0.1493415803668147,0.2074074074074074,,6003.043136438576,241.36522655450588,3,,,0,-4.426481826058266,-6.42146319683403,12.971508988181828,9,,0,,0,,0,,0,,0
s02_A_modal_D006.wav,2.44,133.2543519030138,131.77706380116462,25.28333982957731,100.1982043246451,171.65336432985188,9.319697758375119,83.89761458702148,217.784789522579,175,0.07151574010220034,0.008939467512775042,0.35,133.16623178583862,0.8785412659016482,0.0,0,0,66.0377358490566,,9.523913292921176,2.428057960373695,13.033051966871259,1.2692813297721757,9.925883598846223,4500.0,0.17474517615749086,538.9074775913264,1337.1615797578675,2518.09625133159,13,,0.23239230900462984,0.15551939409596488,0.49562348907988324,0.29473684210526313,0.21052631578947367,95,True,100.1982043246451,2.428057960373695,9.523913292921176,0.15551939409596488,0.29473684210526313,,7241.991185656483,,1,,,0,-4.676412891775627,-6.968113372247536,10.077084261719461,9,,0,,0,,0,,0,,0
s02_A_modal_D007.wav,3.01,127.28034072117933,122.5912926526222,23.65565197534301,103.66148288840954,167.18784853930845,8.275080685532647,80.61913357651865,208.2285853063767,165,0.03721200993995535,0.009303002484988837,0.35,122.68724868924062,0.787056894909556,0.0,2,1,51.5625,,8.981367792446756,2.5712723149050856,13.62695533094852,1.215354371838211,9.063540218176852,5000.0,0.23439930707683834,548.906144942388,1534.9028936292898,2482.11886146265,13,,0.3371175473159474,0.2457786478286353,0.748916696914634,0.4351145038167939,0.3893129770992366,131,True,103.66148288840954,2.5712723149050856,8.981367792446756,0.2457786478286353,0.4351145038167939,,7371.874900244633,,1,3505.6227556470794,,1,-8.608782640763142,-11.683005003857252,2.0382885168028793,10,2.937317464246636,1,,0,,0,2.937317464246636,1,,0
s02_A_modal_D008.wav,2.88,136.61082874754308,131.93345695451,32.415074045818386,100.10448213783538,174.45119123481277,9.615802527089567,68.10499070679495,227.8135316357717,172,0.08809927051941246,0.011012408814926558,0.35,131.74885154021905,0.9463737374437503,0.0,4,2,67.71653543307086,,11.796789677413898,2.1273758537292475,15.242892877832112,1.3803600501386781,10.775122375795366,3750.0,0.23325836060884217,430.7461172972114,1327.6088814020763,2358.2334558392263,13,,0.23316173614873184,0.15657325575372574,0.5252737006314869,0.2589928057553957,0.2014388489208633,139,True,100.10448213783538,2.1273758537292475,11.796789677413898,0.15657325575372574,0.2589928057553957,,6175.640679653657,,1,,,0,-8.34013899805434,-10.107751701142266,3.016578086804511,11,,0,,0,,0,,0,,0
s02_A_modal_D009.wav,3.17,133.73673989458396,136.0308718530991,25.500160097725267,100.89360465075201,170.15888941913545,9.048573518661476,82.5810606024214,226.96797459873687,177,0.03632794224384223,0.009081985560960558,0.8,134.72863824172532,0.6960337618676565,0.0,6,3,51.15606936416185,,10.05996834226162,2.322163895231935,12.66493950200729,1.361262869581,8.73333610741103,3750.0,0.2191833673653252,545.2008863093381,1324.8868254062497,2305.511378662223,13,,0.2955081902268328,0.2202678551458667,0.6300766153186547,0.4108527131782946,0.32558139534883723,129,True,100.89360465075201,2.322163895231935,10.05996834226162,0.2202678551458667,0.4108527131782946,,7207.578075705681,848.0464718000708,3,,,0,-4.761345303184348,-7.83857873048666,1.626732118077041,9,,0,,0,,0,,0,,0
s02_A_modal_D010.wav,3.02,122.34607253582217,121.18713228020759,28.613946814073746,89.69838678199532,161.69258302160495,10.201194707059397,57.9048117349621,216.9701030341772,109,0.051809165941707785,0.012952291485426946,0.35,119.38834743832615,0.8848589241034459,0.018518518518518517,5,2,47.391304347826086,period_doubling_present,7.586278404040088,2.753724644803388,12.570068134930953,1.2162743973268362,8.590557254461364,4750.0,0.22230007975493435,521.9531857687391,1535.354050946628,2641.7068941698763,13,,0.35477886324508484,0.2906959759039877,0.7321063706959996,0.5263157894736842,0.4105263157894737,95,True,89.69838678199532,2.753724644803388,7.586278404040088,0.2906959759039877,0.5263157894736842,multiply_pulsed,6889.7082997942925,1186.1951740355603,2,,,0,-8.254445818700436,-9.908240038075615,-2.542571080287965,9,35.50333994819987,1,35.50333994819987,1,,0,,0,,0
s02_A_modal_D011.wav,2.13,122.91007322747302,122.15149987740824,22.16932326950209,95.64097291441799,153.93293143291325,8.239214334480987,63.919821231202874,203.7927329829061,112,0.04693379834634973,0.011733449586587433,0.8,122.03184949616497,0.8612984078372609,0.009009009009009009,8,4,62.92134831460674,period_doubling_present,6.731913507709679,2.3498034536761847,13.340324752947113,1.318158074552012,9.198164895403114,4500.0,0.22491663129002973,444.1548819341359,1644.1731126446048,2524.592824616084,13,,0.35743285042451883,0.2886750944073472,0.7427260399233484,0.5096153846153846,0.41346153846153844,104,True,95.64097291441799,2.3498034536761847,6.731913507709679,0.2886750944073472,0.5096153846153846,multiply_pulsed,3490.5054209910973,,1,5243.418064922376,,1,-5.6757370690400215,-8.4282780877492,4.311549751423751,10,5.523572442953206,1,,0,,0,5.523572442953206,1,,0
s02_A_modal_D012.wav,3.55,132.71198852003974,129.96549050531033,26.759005328434935,106.0987971408252,170.22142803258518,8.184052312417254,81.75842257585414,321.15275175203493,173,0.03669346723533772,0.00917336680883443,0.8,130.8435362823837,0.8978375833436811,0.011627906976744186,2,1,45.16971279373368,,9.135555951170668,2.2429907232984014,12.634325251306318,1.2674336340922845,8.930923171589077,4250.0,0.16856949415318523,468.0660413104205,1294.380554153235,2449.8788032963084,13,,0.25998636459309815,0.17167759988080353,0.6263801515451775,0.3146067415730337,0.25842696629213485,89,True,106.0987971408252,2.2429907232984014,9.135555951170668,0.17167759988080353,0.3146067415730337,,6678.150706877837,255.3093324646808,2,,,0,-5.045752240780452,-6.7450416217233204,6.479127664700579,4,,0,,0,,0,,0,,0
s02_A_modal_D013.wav,2.8,148.1008669110819,155.7492292433794,30.06271683118665,110.23857148908728,185.50487110426295,9.009935666710899,68.55470317775422,267.7507768889122,125,0.08752134750613261,0.010940168438266576,0.35,156.53926815773593,0.410503445331461,0.0,0,0,50.403225806451616,anchor_unreliable,7.899242354333203,2.3141641615519406,12.28770508669371,1.162595043910204,9.118961051501245,4000.0,0.2081001478097221,477.2509042085656,1298.45808844419,2377.8248063732576,13,,0.2209575897587609,0.16345239910468373,0.3852873094430588,0.22077922077922077,0.14285714285714285,77,True,110.23857148908728,2.3141641615519406,7.899242354333203,0.16345239910468373,0.22077922077922077,,8544.517415244523,,1,,,0,-0.0062165865303758965,-4.902325375169364,14.776193312957583,5,,0,,0,,0,,0,,0
s02_A_modal_D014.wav,2.9,135.08382985224867,128.36664852981335,28.865581511675742,105.45461705906703,179.34752719426936,9.193627111850283,64.911626902828,224.1526434455979,142,0.04621668171236822,0.011554170428092056,0.35,128.2008041510555,0.9757362320162808,0.0,8,4,57.48987854251012,,10.5505746714255,2.371857111191094,12.470382118885324,1.1892507304018032,10.092817779988927,4500.0,0.19071477223276656,467.153445363005,1363.2821384119447,2446.015175098619,13,,0.29720196208938654,0.23875818754839725,0.6029837814094432,0.4426229508196721,0.3360655737704918,122,True,105.45461705906703,2.371857111191094,10.5505746714255,0.23875818754839725,0.4426229508196721,,,,0,,,0,-9.780872303376041,-13.175082185061997,3.3109714214515016,7,,0,,0,,0,,0,,0
s02_A_modal_D015.wav,2.71,121.80677043228215,120.74100006164535,13.330249060274827,108.52684011404489,140.7405345273509,4.499832158368021,84.35932549759613,190.58517651237483,131,0.03556216200526031,0.008890540501315077,0.35,119.91379570323224,0.9130598178911369,0.0,0,0,43.521594684385384,,7.92562896761022,1.9780949981675318,11.811388198205945,1.0925069927364237,8.316497447543098,4250.0,0.18290362769665983,484.9888428225019,1458.8916961243638,2337.7261257494374,13,,0.25759583816703235,0.16799995586751154,0.5316754628502871,0.3263157894736842,0.2631578947368421,95,True,108.52684011404489,1.9780949981675318,7.92562896761022,0.16799995586751154,0.3263157894736842,,6756.631642498716,509.25322002738454,2,4748.221232861248,,1,-9.922270763327175,-11.868217714751038,0.5033441106647483,9,73.30274815273752,1,,0,,0,73.30274815273752,1,,0
s02_A_modal_D016.wav,2.42,151.0645750401649,140.55086603716325,53.31536391309354,103.10854092782674,221.4968715513327,13.237469757344236,61.843706095993646,330.70193345893085,112,0.09701876518665965,0.012127345648332457,0.35,142.00111346299207,0.6288299486778335,0.009009009009009009,6,4,58.333333333333336,,8.361947804605627,2.3866101846434224,14.084436657305513,1.2921821014792787,9.773269709258972,4750.0,0.1731528580958799,504.9058179409301,1429.0502903025144,2533.6386367728073,13,,0.3047745747545001,0.22158537457389754,0.658582646833363,0.43636363636363634,0.34545454545454546,110,True,103.10854092782674,2.3866101846434224,8.361947804605627,0.22158537457389754,0.43636363636363634,,,,0,,,0,-8.10069534312657,-13.016207154874706,-0.058995440885351816,10,,0,,0,,0,,0,,0
s02_A_modal_D017.wav,2.785,141.51083104725362,144.91069386025453,21.56251642156676,104.92113835674974,165.70210126658128,7.911438383414392,98.34027543721939,236.6050939372808,224,0.030506320901197856,0.007626580225299464,0.35,144.87174858601279,0.9906954254013669,0.0,2,1,61.87845303867403,,11.129809404070752,1.9274127111739217,13.2790390867049,1.2701655686825362,11.003626525023124,5000.0,0.21068732918329683,524.1279313288303,1662.35256357311,2607.5257919765663,13,,0.2157199566516296,0.16572468598070172,0.42686071209341414,0.23728813559322035,0.19491525423728814,118,True,104.92113835674974,1.9274127111739217,11.129809404070752,0.16572468598070172,0.23728813559322035,,6975.177019400451,462.45988158033555,2,,,0,-3.7614389896219733,-7.304330099279714,10.63365445330454,11,3.733886398860964,1,3.733886398860964,1,,0,,0,,0
s02_A_modal_D018.wav,2.66,146.53159031472694,142.0477282412951,18.609979479912763,128.26810567605114,182.48227795335742,6.103126530253401,73.8648384235853,231.31002881452844,142,0.040614723649650464,0.010153680912412616,0.35,143.74314221253667,0.9612989516668219,0.0,0,0,55.03875968992248,,10.680321588046525,2.1028758350247183,13.848476170094415,1.2520079449029387,9.606454288346063,4000.0,0.2328865211640653,479.02924491355816,1350.6013365412282,2395.0488038253143,13,,0.20995959379731566,0.15647270827072213,0.49230458694906276,0.21739130434782608,0.16304347826086957,92,True,128.26810567605114,2.1028758350247183,10.680321588046525,0.15647270827072213,0.21739130434782608,,,,0,,,0,-5.479870024848855,-9.340804802103538,6.581762457149134,7,2.458759488556339,1,,0,,0,2.458759488556339,1,,0
s02_A_modal_D019.wav,2.74,131.8462189313599,132.23260444304924,21.54157964537379,111.90074664019706,156.71394312606367,5.8309665868041956,84.84392062381053,211.96625551082857,120,0.035359044913797655,0.008839761228449414,0.8,133.0528203264986,0.9323245677672694,0.008403361344537815,9,5,39.21568627450981,period_doubling_present,9.387001983078965,1.8973069602218233,11.194790389403515,1.123864824644031,8.880523774640222,4750.0,0.16307067671006434,547.9316403643472,1620.0066615771652,2493.2388100939575,13,,0.3499018753167408,0.3089246459711048,0.7056009372958655,0.5161290322580645,0.46774193548387094,62,True,111.90074664019706,1.8973069602218233,9.387001983078965,0.3089246459711048,0.5161290322580645,multiply_pulsed,6521.574103914074,,1,,,0,-5.796532184779854,-10.745085494063572,7.177476910109115,5,2.9931570912795635,1,,0,,0,2.9931570912795635,1,,0
s02_A_modal_D020.wav,3.23,139.7966468011187,136.4763869543151,26.10341353407968,108.17407169358425,174.573782713782,8.285786073593787,94.04302802265174,226.95531490803046,229,0.06380058284123737,0.00797507285515467,0.35,136.5601355987007,0.8857116178554238,0.013157894736842105,2,1,57.537688442211056,,10.741916596486892,2.3371120108679295,13.327366696664594,1.2399538922359057,9.528295846399102,4750.0,0.25265832416027606,474.56183564366194,1725.3579899477536,2513.053619344275,13,,0.2515451718419042,0.16347393801697396,0.5878008643037003,0.2847682119205298,0.1986754966887417,151,True,108.17407169358425,2.3371120108679295,10.741916596486892,0.16347393801697396,0.2847682119205298,,7896.850895592757,,1,,,0,-10.210165568107033,-14.65458281496617,3.927724481062967,11,13.248127540773869,1,,0,,0,13.248127540773869,1,,0
s02_A_modal_D021.wav,3.05,135.46959584754796,139.23183049261291,21.4218837974031,104.29913920927493,158.20102543605196,7.212380399679256,71.86393940350257,346.2799709020195,151,0.08349110902912131,0.010436388628640164,0.8,139.41889821030247,0.9030927705656577,0.0,2,1,52.98245614035088,,9.495034465115399,2.1081877243576854,13.024617844601025,1.239896820847823,9.230463858725498,3750.0,0.1998591403154192,480.01896357779856,1300.7022651200548,2290.833290454963,13,,0.2715153381929553,0.2112734693571255,0.5436117307863093,0.4016393442622951,0.3442622950819672,122,True,104.29913920927493,2.1081877243576854,9.495034465115399,0.2112734693571255,0.4016393442622951,,6947.6834976755235,359.0081683404748,2,,,0,-7.685088253804361,-8.75703978811559,9.28080896642585,8,3.624319811441179,1,3.624319811441179,1,,0,,0,,0
s02_A_modal_D022.wav,3.04,125.69113918667588,120.29449939477536,25.326280142409125,94.35058868024865,157.4375641233655,8.864116562496761,78.77724684213439,222.85012734750535,182,0.076164124039822,0.00952051550497775,0.35,120.20342045057902,0.7119464118917436,0.0055248618784530384,0,0,58.333333333333336,,9.46103898524606,2.0780859085974743,11.836049045277747,1.2549776333785667,10.296594218698564,4250.0,0.18526976139163687,527.9351490158426,1405.4191228543173,2479.4631526905514,13,,0.2589063611580038,0.1891295690561828,0.5615599668016209,0.29285714285714287,0.2357142857142857,140,True,94.35058868024865,2.0780859085974743,9.46103898524606,0.1891295690561828,0.29285714285714287,,6610.08066708419,890.3047782107975,4,,,0,-7.517494783218374,-9.483392810705174,3.1766653000488376,10,,0,,0,,0,,0,,0
s02_A_modal_D023.wav,2.38,139.6848868336133,134.84814776981125,25.002599465968817,106.3829788498499,178.96267803890467,9.004696928179207,68.56958321524729,237.68491022995426,123,0.08750235481474862,0.010937794351843578,0.35,135.190731166352,0.9244972391063666,0.0,6,3,58.57142857142857,,9.279603672764408,1.962973919607687,12.20076383271403,1.2693502093609355,9.824105924978983,4500.0,0.15237593274180639,576.5273532392564,1310.1607303852513,2528.3987484615336,13,,0.26769057722271944,0.19654313877704963,0.5467757604397984,0.2839506172839506,0.2222222222222222,81,True,106.3829788498499,1.962973919607687,9.279603672764408,0.19654313877704963,0.2839506172839506,,7614.957320027479,,1,5255.220110775821,,1,-2.2116647328075154,-3.8480865990656645,4.588766767259702,8,,0,,0,,0,,0,,0
s02_A_modal_D024.wav,2.76,142.35164585998405,133.61099044821614,49.89188754497715,100.6554938451282,193.34845381134883,11.301327716324643,78.38140191945408,347.7234030310075,163,0.0765487711761738,0.009568596397021725,0.35,133.9752618930198,0.4490536632933948,0.024691358024691357,0,0,58.00711743772242,anchor_unreliable;period_doubling_present,7.762175980827149,3.052493544954591,13.293428126787054,1.230920533744312,9.502419941969684,4000.0,0.21961362939467996,499.0702813605983,1364.1035456992013,2417.2822548884596,13,,0.3642747560566074,0.27486772867332243,0.8195472096167492,0.4866666666666667,0.44,150,True,100.6554938451282,3.052493544954591,7.762175980827149,0.27486772867332243,0.4866666666666667,irregular_f0,7104.700603597176,725.900006524591,2,,,0,-6.154596014094039,-14.665794494221466,8.416753751504375,10,70.32067170934431,1,70.32067170934431,1,,0,,0,,0
s02_A_modal_D025.wav,2.88,140.81858447531337,135.7421577918095,24.546588068446304,110.17282561462608,180.37348460590334,8.534626204770877,69.16370278060548,231.02464018855306,105,0.08675070533792313,0.010843838167240391,0.8,137.19165877795052,0.7689551077247483,0.0,0,0,40.69767441860465,,8.513216890389817,2.5542895810509023,11.295104743320188,1.1776539930211376,8.596901071408853,4750.0,0.22926405918279577,538.9635711661668,1368.0360651680085,2594.859801313837,13,,0.2804239393774938,0.22677250549438135,0.6445468233700491,0.41,0.33,100,True,110.17282561462608,2.5542895810509023,8.513216890389817,0.22677250549438135,0.41,,8012.355561528515,522.993656967294,2,4482.231753985979,,1,-3.8616702618736967,-6.147379758443829,14.330976348428132,8,,0,,0,,0,,0,,0
s02_A_modal_D026.wav,3.24,131.1175683709422,129.98868944678972,20.31258698023395,102.89859405997002,155.5290771849445,7.151532679157386,71.49323748546752,210.11259569488692,137,0.041962010751154084,0.010490502687788521,0.35,130.05786598964966,0.943909118387993,0.007352941176470588,14,7,44.91803278688525,heavy_repair,10.869872960015442,1.9753499170222653,11.034425434336747,0.9759560930103256,8.729681316297642,3750.0,0.22268234703732515,492.44803939397156,1345.8663300173198,2448.549035376125,13,,0.2381332567415539,0.12126528873813108,0.6555730400697184,0.30303030303030304,0.24242424242424243,132,True,102.89859405997002,1.9753499170222653,10.869872960015442,0.12126528873813108,0.30303030303030304,,5633.640960604637,103.30004158362252,3,,,0,-10.078216206331586,-14.87790010424522,9.968395991853203,10,7.661195790110598,2,,0,,0,7.661195790110598,2,,0
s02_A_modal_D027.wav,2.58,137.29217986905874,134.99164801970568,22.55522161075395,113.26946785757443,165.54823971154056,6.569911679477969,70.03859045687867,223.45590603286183,121,0.08566705812981884,0.010708382266227355,0.35,134.7135095619893,0.7940430728510935,0.0,2,1,51.93133047210301,,8.599314499858103,2.4335784394620323,13.39303605719597,1.329652775746781,8.862581083980185,3750.0,0.2442701659784168,433.0205071945961,1346.2674848753343,2263.027500961419,13,,0.2689840105276685,0.18484219689673037,0.5823362666440028,0.3431372549019608,0.2549019607843137,102,True,113.26946785757443,2.4335784394620323,8.599314499858103,0.18484219689673037,0.3431372549019608,,6843.161929326737,,1,,,0,-5.009542909381341,-10.353658634845322,6.286682005419931,10,,0,,0,,0,,0,,0
s02_A_modal_D028.wav,2.76,126.32578626080304,127.5993202847641,21.357755111264154,98.9865006549564,152.956032552605,7.533759747628027,80.01729326715784,219.26327994719372,159,0.07498379106585738,0.009372973883232173,0.35,126.74223148490783,0.8129064941698841,0.0189873417721519,1,0,55.400696864111495,,8.337687011007255,2.418385878627301,14.154633062498345,1.3514369009730682,8.768286915688218,4250.0,0.2200371729851497,491.76099368647147,1388.7615025742753,2513.6923998650655,13,,0.2823695481428007,0.22121909600622117,0.5649405370548386,0.3655913978494624,0.3010752688172043,93,True,98.9865006549564,2.418385878627301,8.337687011007255,0.22121909600622117,0.3655913978494624,,6564.934739759204,357.9412835254985,2,,,0,-4.1506026580732325,-6.687933377247717,9.48180829949128,7,,0,,0,,0,,0,,0
s02_A_modal_D029.wav,2.13,150.74905732645578,133.5356011244131,51.806591855229556,106.78184339982228,256.5310063766969,15.17360222462617,93.04552392862283,315.94446608417417,155,0.06448456354120512,0.00806057044265064,0.35,133.59150144659395,0.8337618014602721,0.032467532467532464,3,2,60.311284046692606,,8.709680820580472,2.7871445972597284,13.890497084444037,1.2777954215820548,9.566270798700021,5000.0,0.19988123922531917,456.2480368103795,1429.6751464306956,2500.387606760789,13,,0.32367751497912284,0.21777899025370479,0.7122418060371762,0.41333333333333333,0.36,75,True,106.78184339982228,2.7871445972597284,8.709680820580472,0.21777899025370479,0.41333333333333333,,6312.109962641394,,1,,,0,-8.612264660542621,-12.812399267294001,4.506838121750211,7,,0,,0,,0,,0,,0
s02_A_modal_D030.wav,2.93,136.8618032333926,138.1888519455277,27.500352366124087,97.0746326024212,177.42629939403966,10.440643499495312,63.51958327583546,227.64504580822017,120,0.09445905798759482,0.011807382248449353,0.35,138.8641698219475,0.810803282110661,0.0,0,0,49.79253112033195,,9.012331176252333,1.7763851943288378,12.394355536405774,1.192198398268801,9.01107454057721,4500.0,0.20158556564735408,583.1448156133245,1583.589927910098,2542.0589766424273,13,,0.2471362079464074,0.18746975564974883,0.4589979048165014,0.2978723404255319,0.26595744680851063,94,True,97.0746326024212,1.7763851943288378,9.012331176252333,0.18746975564974883,0.2978723404255319,,6784.325657676496,525.2302792965735,2,3682.887243323756,,1,-5.495233014896273,-7.234089733022541,7.2456978166925365,7,,0,,0,,0,,0,,0
s02_A_modal_D031.wav,2.8,139.9650077596619,128.00853127268198,32.80000246886198,110.88540969357844,188.69170729326106,9.203537664140429,85.12831112929778,224.14882787858818,148,0.035240919973655145,0.008810229993413786,0.8,127.53215779532758,0.9079256671262989,0.0,6,5,47.13375796178344,,9.329570891103483,2.832735495820272,14.714914406213317,1.465399423719746,8.831854455625058,4500.0,0.21191413190549094,564.0830743643994,1376.2883263352533,2567.8352642468963,13,,0.25974917033029177,0.17917612354741783,0.6071530355844259,0.3434343434343434,0.2727272727272727,99,True,110.88540969357844,2.832735495820272,9.329570891103483,0.17917612354741783,0.3434343434343434,,6769.915254500531,997.0321549905794,2,,,0,-5.244392122605971,-7.13722606783795,10.671728668853822,8,,0,,0,,0,,0,,0
s02_A_modal_D032.wav,2.94,134.15407183642455,138.84804107307068,29.517187045062567,98.41456652846311,178.0263027014099,10.261759644535381,76.99048300997728,227.93757424347325,149,0.038965855034462205,0.009741463758615551,0.35,136.13842454569675,0.5478182558030464,0.013513513513513514,2,1,50.0,,9.80756986006153,2.4981938947857762,13.612393945576716,1.2470604623377828,8.830295935735125,5000.0,0.22024343116829595,471.92426336861354,1799.8152787951062,2620.9469694894506,13,,0.2592715521436546,0.2038585160919048,0.5543877519789396,0.33653846153846156,0.20192307692307693,104,True,98.41456652846311,2.4981938947857762,9.80756986006153,0.2038585160919048,0.33653846153846156,,7410.412188698473,322.3864298268486,2,,,0,-7.827000679855614,-13.132142579540385,4.365173990324381,8,23.39920058694145,2,,0,,0,23.39920058694145,2,,0
s02_A_modal_D033.wav,3.44,135.54719514680474,134.06904738633682,10.480007540052645,126.07176933533697,150.60840040645658,3.0786838183403757,96.25730781228188,210.253241474912,185,0.06233292968987893,0.007791616211234866,0.35,133.92788325991083,0.88012820360358,0.0,0,0,42.62672811059908,,11.373172019639151,1.5478375742352282,11.408043812827467,1.0442109011876521,9.153950775358629,4750.0,0.24925466487399373,514.0891882256931,1510.2109188871364,2563.4880226577534,13,,0.23515601869134595,0.1295760291746795,0.6313082140892049,0.3140495867768595,0.256198347107438,121,True,126.07176933533697,1.5478375742352282,11.373172019639151,0.1295760291746795,0.3140495867768595,,6384.134033019282,347.5648782111499,2,,,0,-9.373317726097438,-13.047330210002867,1.5111026351320358,11,112.52819156624372,1,112.52819156624372,1,,0,,0,,0
s02_A_modal_D034.wav,2.96,133.08861584013286,133.67402721211118,22.484785620276913,109.4376905299556,162.0838544262167,6.799568366530904,69.13576112063394,231.1200301019001,165,0.08678576619024546,0.010848220773780682,0.35,132.93458650257367,0.9263506194720686,0.0,8,4,62.264150943396224,,8.984855239311555,2.3775015511550186,13.440558311919974,1.33788470121302,9.981204641910288,4750.0,0.21800595979724055,514.0188949802031,1737.4101376182516,2517.2217963938656,13,,0.2302100972481252,0.15812287653937385,0.560398531843258,0.25735294117647056,0.18382352941176472,136,True,109.4376905299556,2.3775015511550186,8.984855239311555,0.15812287653937385,0.25735294117647056,,6625.773335840999,475.84651692152175,2,,,0,-4.670677835231822,-7.314079473844076,14.030264487744642,8,,0,,0,,0,,0,,0
s02_A_modal_D035.wav,2.67,135.0218074070491,131.98505409216884,24.777184614830645,107.01705468561107,167.467385532582,7.752473130340166,64.35753942769657,228.533916420153,146,0.04661458512363411,0.011653646280908527,0.35,129.41411066313128,0.8265278076031463,0.0,4,2,64.60176991150442,,10.583442907577385,2.327724215986206,11.782885247919586,1.146133236824445,10.156545559947194,4750.0,0.23684857737451348,478.28634962000626,1670.876802820806,2477.6143242526787,13,,0.2427713860433921,0.1637893882672941,0.5493336326214342,0.28125,0.2109375,128,True,107.01705468561107,2.327724215986206,10.583442907577385,0.1637893882672941,0.28125,,5249.719849509422,,1,,,0,-1.3127311012503036,-3.781567987956559,11.384698984624341,7,5.006123647122163,1,,0,,0,5.006123647122163,1,,0
s02_A_modal_F001.wav,2.36,146.24546835848594,137.7564457285509,27.839166119628107,120.49196617777815,190.51306627490195,7.931435881709166,72.49898769907298,239.8264964301575,137,0.08275977624549259,0.010344972030686574,0.35,137.6846721716405,0.9303102096775357,0.0,0,0,61.990950226244344,,8.930451278460053,2.4622368977929283,12.904465258771344,1.22677819323377,10.17653806740211,4500.0,0.22983454068223153,466.40026164255903,1403.3033106052108,2540.9056690540474,13,,0.25743188105865533,0.18263454439442073,0.5975613526306531,0.2661290322580645,0.20967741935483872,124,True,120.49196617777815,2.4622368977929283,8.930451278460053,0.18263454439442073,0.2661290322580645,,7451.175178148002,,1,4586.630284411677,,1,-5.430962399480127,-11.101815642953417,11.8831272836702,10,,0,,0,,0,,0,,0
s02_A_modal_F002.wav,3.015,142.22324912179266,137.69463133029814,36.76282317664129,112.44729999134427,174.64829655045997,7.622442609834243,91.01036704556847,340.8187864291334,251,0.06592655534501721,0.008240819418127151,0.8,138.8517143853423,0.7598569439247842,0.012,8,3,70.11173184357541,,11.025188790353585,2.0318926084491746,12.481166086279678,1.1144747045780496,10.591837180898633,4500.0,0.2318089873030611,513.0130974593104,1324.8096768145724,2587.278952904888,13,,0.3341129774823816,0.22450931060415685,0.7601919043038265,0.4338235294117647,0.3602941176470588,136,True,112.44729999134427,2.0318926084491746,11.025188790353585,0.22450931060415685,0.4338235294117647,,,,0,,,0,-6.463482884489659,-11.058587367237786,3.1048364800002943,10,,0,,0,,0,,0,,0
s02_A_modal_F003.wav,3.14,124.5624654822443,121.82367563326932,16.795645099425137,105.18007599775771,151.3498327094487,6.300307634062508,85.28559832489678,195.6639850813617,226,0.0703518544495978,0.008793981806199724,0.35,122.72271783937498,0.8709914669012933,0.0,4,2,64.57142857142857,,10.178737222089675,2.416926277261193,13.221762732344938,1.1734871436024288,9.890665179543056,4750.0,0.22682208864254758,525.8012555714446,1445.876860741765,2503.3564364128197,13,,0.27802752041943185,0.19851525368212003,0.5502794725840136,0.32,0.23,100,True,105.18007599775771,2.416926277261193,10.178737222089675,0.19851525368212003,0.32,,,,0,,,0,-8.69187612310822,-10.755397434146202,2.9889976537085508,10,,0,,0,,0,,0,,0
s02_A_modal_F004.wav,2.78,151.06808773281713,136.9112596195568,46.977126750734314,108.83157597100222,213.82103429543304,11.691679050591876,65.35136791167191,334.8465413647091,130,0.09181139112664825,0.011476423890831032,0.35,136.62845870740753,0.7083216290805443,0.007751937984496124,4,2,55.319148936170215,,8.915414492253015,2.7010877978896333,14.694175122539008,1.30788249439453,9.548117410526809,4500.0,0.2511073763997531,511.7070087301447,1633.3192592690232,2571.289979231676,13,,0.2972832189405073,0.19697321610999846,0.638362723661908,0.39090909090909093,0.34545454545454546,110,True,108.83157597100222,2.7010877978896333,8.915414492253015,0.19697321610999846,0.39090909090909093,,8223.038883192157,,1,,,0,-7.373867241023006,-12.682139340495427,3.572310935052659,11,,0,,0,,0,,0,,0
s02_A_modal_F005.wav,3.62,136.6925791353016,131.37438247723296,22.654889163186777,110.96222647144094,171.05333132611105,7.492530725579615,66.01434666989829,220.7672447902379,156,0.09088933395043239,0.011361166743804049,0.35,131.49254671356803,0.9067534637381965,0.0,0,0,50.160771704180064,,9.633978970123652,1.929728544230429,12.145120272199101,1.1449764264963496,9.663466020361788,5000.0,0.24697450008589547,536.2819602471563,1484.2359569667867,2553.3771584294745,13,,0.21784697673424433,0.1313965263555417,0.4681173986407745,0.24285714285714285,0.17142857142857143,140,True,110.96222647144094,1.929728544230429,9.633978970123652,0.1313965263555417,0.24285714285714285,,6083.088917178201,,1,,,0,-5.944803456277011,-9.212658126477738,4.183808659226414,12,2.354791599790129,1,,0,,0,2.354791599790129,1,,0
s02_A_modal_F006.wav,2.54,129.080417598862,139.11307448871,20.03946727259974,94.57280545248155,149.52383586354424,7.930538233314472,83.37927901988218,216.4986651305804,133,0.07196032480167251,0.008995040600209064,0.35,139.10190640415183,0.9191969296715164,0.0,0,0,48.36363636363637,,8.033853280192949,2.098570007477557,14.72346268108522,1.4149384858686886,8.837091880366303,3750.0,0.2045496466968704,469.5809873600494,1332.3219910559599,2279.652877579216,13,,0.2590619026995087,0.18880099707195164,0.564714449663818,0.35365853658536583,0.25609756097560976,82,True,94.57280545248155,2.098570007477557,8.033853280192949,0.18880099707195164,0.35365853658536583,,6998.382325457991,1596.2793414634086,4,,,0,-3.731753211143018,-5.691754782357378,6.057654289273756,7,31.789483165679755,1,,0,,0,,0,31.789483165679755,1
s02_A_modal_F007.wav,3.54,131.82749834478497,133.28419402305406,20.703933657143747,105.71435892041265,158.15770580298806,6.974310014567012,85.01271922169755,217.07279649742011,215,0.07057767419899959,0.008822209274874948,0.35,133.42448331347376,0.8452906330527568,0.004672897196261682,2,1,54.568527918781726,,10.442241285446393,2.8982055784264396,14.231645121556113,1.3460914393502312,9.29047479575255,4500.0,0.2379900726657593,498.8899716865037,1597.8616169146676,2548.7528528135767,13,,0.31591822090959587,0.1979001102458906,0.8040357141459697,0.425531914893617,0.3475177304964539,141,True,105.71435892041265,2.8982055784264396,10.442241285446393,0.1979001102458906,0.425531914893617,,7226.866002691485,,1,5430.221847974062,,1,-6.097709441613643,-10.99552108208791,5.694172154513106,11,,0,,0,,0,,0,,0
s02_A_modal_F008.wav,2.075,133.31981968207373,130.13157632361919,16.943587381547133,113.21694970671584,159.4553939093962,5.928755284677532,91.28583953919517,331.1246895485347,156,0.06572760934540998,0.008215951168176248,0.35,131.18520531572267,0.9021700123277859,0.012903225806451613,6,2,63.673469387755105,,8.582586375410397,1.640853874909353,12.870059789842148,1.3086071322949304,10.99205467508199,4000.0,0.1779526103445315,488.37266792134767,1471.36517842681,2430.5739538228127,13,,0.20559459075560085,0.1571661270607772,0.42282075041190237,0.21238938053097345,0.1504424778761062,113,True,113.21694970671584,1.640853874909353,8.582586375410397,0.1571661270607772,0.21238938053097345,,6675.909569043576,1114.5811130139282,4,,,0,-6.684261577521933,-8.539690834116763,7.315066893349477,9,,0,,0,,0,,0,,0
s02_A_modal_F009.wav,2.73,138.00555993562207,139.7759872623153,17.06176992070337,112.95554829516726,158.45601598251338,5.85992757461107,71.67376782100001,225.59806541125332,174,0.041856317746435216,0.010464079436608804,0.35,137.49527432587854,0.9571589233785248,0.005780346820809248,5,3,67.70428015564202,,10.825901218306257,2.2139482604566623,10.721384040837147,1.1505474852334605,10.759611140062324,4750.0,0.19251245898421332,445.16857809760256,1633.9915926111985,2515.939090425638,13,,0.21153211264872018,0.141631008228973,0.5379308087651382,0.20833333333333334,0.1597222222222222,144,True,112.95554829516726,2.2139482604566623,10.825901218306257,0.141631008228973,0.20833333333333334,,,,0,,,0,-9.021057655382354,-13.309045651308294,6.103792462070905,12,50.88296134534676,1,50.88296134534676,1,,0,,0,,0
s02_A_modal_F010.wav,3.01,131.2958776378728,120.78724791845535,32.43969888554282,88.26983099640482,190.18892871695323,13.28929110984757,59.99737048292848,221.0524834522313,118,0.1000043827205265,0.012500547840065813,0.35,130.2075866581173,0.39091558217602074,0.0,0,0,50.64377682403433,anchor_unreliable,7.514505038571811,3.0159926528308465,12.452791633478299,1.2760938575274112,9.418253310650512,4250.0,0.19585823554968748,524.7703966103511,1411.4680297604446,2431.925570453095,13,,0.31284158921955735,0.26008512823040897,0.6323553224368894,0.4772727272727273,0.32575757575757575,132,True,88.26983099640482,3.0159926528308465,7.514505038571811,0.26008512823040897,0.4772727272727273,irregular_f0,6144.891281056215,,1,,,0,-3.120795292047885,-4.519272839980417,3.7901411774939895,13,6.8251576733822645,2,,0,,0,6.8251576733822645,2,,0
s02_A_modal_F011.wav,1.83,126.516668199075,124.07658363342172,26.10806940662885,97.01493235691612,160.7314731550004,8.740484727414554,63.365858194376905,213.77016083985188,117,0.09468821493105638,0.011836026866382047,0.35,124.82162492415674,0.9547723212681536,0.0,0,0,79.59183673469387,,8.748662407774823,1.7797815671254842,15.562473195341427,1.3842511731951563,11.057653992689653,5250.0,0.16221529718219443,502.6366513125316,1467.6748300856816,2519.0302428703194,13,,0.28367372279028136,0.23272761754865143,0.5663945646587486,0.4108527131782946,0.2868217054263566,129,True,97.01493235691612,1.7797815671254842,8.748662407774823,0.23272761754865143,0.4108527131782946,,,,0,,,0,-9.2211766869995,-10.601588020261008,-2.3080351438084454,10,,0,,0,,0,,0,,0
s02_A_modal_F012.wav,2.46,139.2061454834207,130.1990770106241,34.84552217596082,98.91028795054356,168.34174919739695,9.206406244190047,79.86450173784631,336.57185222553505,134,0.03756362256972994,0.009390905642432485,0.8,130.541135473701,0.9117034920931871,0.022556390977443608,7,4,51.93798449612403,,8.29588247597976,2.430686578245704,14.757442904801962,1.3419627884504892,8.928936722038413,3750.0,0.2338853750152684,484.5705959046122,1355.1633376438772,2306.9282195912547,13,,0.2371964742273575,0.1977795846654818,0.4656502787788973,0.275,0.15,80,True,98.91028795054356,2.430686578245704,8.29588247597976,0.1977795846654818,0.275,,7688.379458621077,598.802650679579,2,,,0,-8.400206587139945,-15.176162724008156,5.186863586120479,8,,0,,0,,0,,0,,0
s02_A_modal_F013.wav,2.2,127.49620077532937,126.95057152417264,14.804744228989525,111.48219054831006,151.01795744519282,5.254882246367829,63.43918458889948,197.87381766274046,131,0.09457876923988512,0.01182234615498564,0.35,126.88797606563737,0.987768898340542,0.0,4,2,73.18435754189944,,11.144661277595223,1.684971943598431,12.993722283792136,1.3192251804256991,11.628912101376867,5000.0,0.17830528724375605,433.72311972339276,1697.376118849851,2598.807759406547,13,,0.22954250018115188,0.16008200416051577,0.5182046114308673,0.2900763358778626,0.22137404580152673,131,True,111.48219054831006,1.684971943598431,11.144661277595223,0.16008200416051577,0.2900763358778626,,7070.392640412772,,1,,,0,-8.63208444603637,-11.586558670115235,2.0042020734246617,7,,0,,0,,0,,0,,0
s02_A_modal_F014.wav,2.96,149.38513710250476,135.01993984645776,50.1919285571893,111.65543064572586,251.6066995967387,14.065402988822235,67.45444597646664,328.05383582710607,178,0.0889489182387365,0.011118614779842063,0.35,136.17111442119466,0.9001717285455038,0.01694915254237288,16,5,68.72586872586872,heavy_repair,9.555534223491044,2.598718662708462,13.825087876667833,1.2708915532025817,10.417475056048826,5000.0,0.19865693487212469,489.30759610349395,1488.4805098580669,2518.1128485021036,13,,0.2970383677859753,0.20295460213576827,0.648836322197252,0.391812865497076,0.3333333333333333,171,True,111.65543064572586,2.598718662708462,9.555534223491044,0.20295460213576827,0.391812865497076,,,,0,,,0,-8.601131729257059,-17.031876617837447,4.085677297103262,12,,0,,0,,0,,0,,0
s02_A_modal_F015.wav,2.88,131.6388873047881,130.2133533429559,23.15733807211409,104.95043221735078,154.80349700627156,6.7287594503313075,61.30706236527712,217.20234664834413,141,0.09786800685785688,0.01223350085723211,0.35,130.48890319217492,0.8041839372417064,0.0,2,1,61.8421052631579,,9.79796830180452,2.1110261327491675,12.137135656844508,1.1446668698082683,10.033618859825896,4750.0,0.22458755608499592,524.7904818476516,1634.987489264406,2549.051001316917,13,,0.19371593391817732,0.157229318857591,0.36822405707282446,0.2109375,0.109375,128,True,104.95043221735078,2.1110261327491675,9.79796830180452,0.157229318857591,0.2109375,,6958.750037915412,1508.664680628128,2,,,0,-6.808610932226994,-8.33867412940363,7.981280396462928,11,,0,,0,,0,,0,,0
s02_A_modal_F016.wav,2.82,144.7235374875702,139.00542936202135,30.927332819659224,112.55996219919747,192.33736834092628,9.275344023495625,86.68854052061644,362.11919880456753,159,0.06921330044278537,0.008651662555348171,0.8,138.46882017056666,0.8965418489747218,0.0,2,1,50.0,,9.409412772289334,2.5135541928390635,13.923348175420413,1.252751002774768,9.573893095697397,3750.0,0.22961847291288995,550.8564267703722,1244.4152241378708,2364.7299799267257,13,,0.310883653171977,0.23327755713828968,0.6378762353219134,0.4270833333333333,0.3541666666666667,96,True,112.55996219919747,2.5135541928390635,9.409412772289334,0.23327755713828968,0.4270833333333333,,7328.721517487264,,1,,,0,-7.2132335880880705,-12.378969227827936,3.461146567634281,10,28.30119320193503,2,,0,,0,28.30119320193503,2,,0
s02_A_modal_F017.wav,3.21,139.78149045846834,136.86815009304297,23.166544229774996,112.98727103455462,171.70349942987477,7.24511031160471,92.31008162121178,236.31088049649068,245,0.06499831756861181,0.008124789696076476,0.35,137.04951308330516,0.636476624066652,0.004098360655737705,9,5,63.144329896907216,,9.173946711319035,3.138679883040895,12.367625636795093,1.188910671227364,9.298135406436243,4000.0,0.19754486850788922,486.45799786438147,1281.3156644242058,2397.379769666849,13,,0.3144885938106304,0.182636567392094,0.8691332653619799,0.3275862068965517,0.27586206896551724,58,True,112.98727103455462,3.138679883040895,9.173946711319035,0.182636567392094,0.3275862068965517,irregular_f0,,,0,5791.461394301216,,1,-5.673765248701885,-9.552932529304684,9.32787092154119,6,,0,,0,,0,,0,,0
s02_A_modal_F018.wav,3.22,137.3776539025946,132.5921010158678,31.68120701134534,96.5622565937001,178.99317203930255,10.684479100783678,80.83609763965785,245.3320382275784,166,0.07422426583166016,0.00927803322895752,0.35,131.50514085108193,0.6111812349839796,0.006060606060606061,5,1,48.8235294117647,,7.473760171473785,2.8082284607411205,14.026005852843998,1.343394017601934,8.408420006871433,4500.0,0.19557283127591832,487.44295007717403,1602.5650237816067,2581.4165058239632,13,,0.32458263909703977,0.24311546325231043,0.7142243210144006,0.4435483870967742,0.3548387096774194,124,True,96.5622565937001,2.8082284607411205,7.473760171473785,0.24311546325231043,0.4435483870967742,,6857.32471026467,588.5799561990262,3,,,0,-4.9087469256079475,-8.09828831974374,10.082392966397611,13,25.67797159842522,1,,0,,0,25.67797159842522,1,,0
s02_A_modal_F019.wav,2.94,154.84865206613165,154.77277402252537,28.40158675427385,117.07705442486606,192.3190650280359,8.59252119938774,70.40595872125193,263.2355727537452,136,0.08522005962243802,0.010652507452804752,0.35,161.07571526693886,0.6817336511092412,0.0,2,1,50.74626865671642,,8.13294391062805,2.1164857823300185,11.925492462066138,1.1239062788070822,9.471820711447172,3750.0,0.21452489867231436,513.5985059322759,1290.5460192699015,2299.5699658472568,13,,0.203172656866829,0.1386802430276778,0.4472293696124512,0.24369747899159663,0.19327731092436976,119,True,117.07705442486606,2.1164857823300185,8.13294391062805,0.1386802430276778,0.24369747899159663,,6664.818435428444,1090.9521396061075,2,,,0,-2.6364570976839823,-5.688562446449124,5.1565942894652546,9,18.141953318350666,2,0.2960939819103281,1,,0,35.98781265479101,1,,0
s02_A_modal_F020.wav,2.88,127.49036157909386,126.03256481823993,26.711994494340004,100.06350629366025,167.70317282042458,8.939928870454962,57.68260024574005,207.24076989079086,136,0.10401750223531418,0.013002187779414273,0.8,127.5917209610543,0.5636212503974127,0.007407407407407408,4,2,63.55140186915888,,9.210072711839317,2.515603711860147,13.09774796556977,1.222302712967265,10.150640160306134,5250.0,0.20203666817795238,550.2157561065512,1977.52126691393,2571.1455656376856,13,,0.28955831084295924,0.2474068733127576,0.5855748021971852,0.43448275862068964,0.296551724137931,145,True,100.06350629366025,2.515603711860147,9.210072711839317,0.2474068733127576,0.43448275862068964,,7417.368906575911,,1,,,0,-4.340395674667141,-5.636882313207128,6.336219203862646,7,,0,,0,,0,,0,,0
s02_A_modal_F021.wav,2.5,135.16496615081925,135.31088233301261,26.069482919088248,104.46624289641312,164.23622400844621,7.83282644219655,84.15032936813706,219.68312016671564,188,0.035650484347788294,0.008912621086947074,0.35,135.4424751452867,0.9816365453781952,0.0,2,1,67.87003610108303,period_doubling_present,8.999830317514604,2.563820512337271,13.640605304112855,1.3039604746196476,10.644595147679734,4750.0,0.20323961404514698,512.4319608325753,1454.0323544083312,2566.2605224966474,13,,0.339781513433899,0.26958845557806954,0.6946059620090187,0.4827586206896552,0.4224137931034483,116,True,104.46624289641312,2.563820512337271,8.999830317514604,0.26958845557806954,0.4827586206896552,,5947.6069260795,,1,,,0,-5.658690642398579,-9.477945347726347,-0.822641413400708,9,2.508447224498278,1,2.508447224498278,1,,0,,0,,0
s02_A_modal_F022.wav,2.94,134.07586210426365,122.7030123522457,31.516355983570527,105.13667450056077,198.4535185872671,10.998421603879535,61.77194664530876,308.10436180561857,150,0.0971314702845886,0.012141433785573575,0.35,121.96266805976387,0.9002236388317049,0.013422818791946308,4,1,63.829787234042556,,8.661042799726753,2.2827404731494703,14.298160831242573,1.2511997057142257,10.036866246865404,4500.0,0.2389062475052193,531.7031938442658,1402.7018727957743,2477.71428604202,13,,0.29735807995621,0.22674395126523766,0.6234354407699821,0.42567567567567566,0.31756756756756754,148,True,105.13667450056077,2.2827404731494703,8.661042799726753,0.22674395126523766,0.42567567567567566,,7657.069248820259,,1,4825.424216320103,,1,-6.4644090926316835,-7.738446273752277,3.902507018118225,12,3.602826905255263,2,,0,,0,3.602826905255263,2,,0
s02_A_modal_F023.wav,2.78,131.07710224169773,129.92147952647667,31.404097831226945,94.70255486076806,181.99329255544893,11.308920338987894,75.8070324750924,229.46978717298123,164,0.07914832970109198,0.009893541212636497,0.8,129.89881818948686,0.28418744654972283,0.012269938650306749,0,0,60.07326007326007,anchor_unreliable,9.456510422601795,2.376877390070339,14.677758928348364,1.325952624873291,8.961911104099844,4500.0,0.19184060394661392,545.9323752219887,1386.226814286293,2504.7884257017113,13,,0.27317146045874263,0.19813227748875745,0.5659766404643448,0.3888888888888889,0.28703703703703703,108,True,94.70255486076806,2.376877390070339,9.456510422601795,0.19813227748875745,0.3888888888888889,,,,0,,,0,-5.45731771306492,-8.192331014672483,6.874766694590957,12,15.877461744630894,2,,0,,0,15.877461744630894,2,,0
s02_A_modal_F024.wav,3.16,141.05005424991853,135.93526141132344,25.993908086530485,111.45087911547367,160.02747171990364,6.2629391467047935,70.90925598514845,341.8083005254251,170,0.08461518763159308,0.010576898453949135,0.35,136.67215749703558,0.7989391038592905,0.011834319526627219,13,6,58.419243986254294,,9.89986074901691,2.5254550924476415,12.36554829622656,1.1996353302813425,9.422461063858593,4750.0,0.21541753408245143,519.8651400595726,1420.075849150672,2533.7212822888923,13,,0.22712882586585137,0.16903250998337474,0.4682810713233521,0.2830188679245283,0.2389937106918239,159,True,111.45087911547367,2.5254550924476415,9.89986074901691,0.16903250998337474,0.2830188679245283,,5867.879403624114,1485.185594506624,2,3256.17971624185,,1,-7.558357141855535,-9.810927472552239,4.787778590134872,11,61.061625034127154,1,61.061625034127154,1,,0,,0,,0
s02_A_modal_F025.wav,2.96,133.31288277652854,127.41204707383234,26.017405174771376,105.6041813194633,170.7773546486497,8.321396708306361,61.38447202569453,228.31554945082473,133,0.09774458917702344,0.01221807364712793,0.35,127.38092542121333,0.9814252996279661,0.007575757575757576,0,0,56.59574468085106,,8.420731338913617,2.157733604237944,12.740626461845741,1.2112856959497744,9.452206040907521,4500.0,0.2268563081427688,529.2902173601037,1599.887755135706,2550.26566493635,13,,0.2543743139428535,0.18780148495499369,0.5548166042109614,0.30985915492957744,0.21830985915492956,142,True,105.6041813194633,2.157733604237944,8.420731338913617,0.18780148495499369,0.30985915492957744,,6411.941581777163,173.85341146703453,2,,,0,-5.522275639670073,-8.103328475503867,8.496109087762635,12,,0,,0,,0,,0,,0
s02_B_natural_C001.wav,1.94,136.74928453905358,130.94684873611934,27.39521889198883,97.98452851987624,181.8630743363376,10.706721259211713,94.5299355939637,234.99970246006035,93,0.06347195692348633,0.00793399461543579,0.35,148.72250552667595,0.0,0.0,0,0,39.24050632911393,anchor_unreliable;period_doubling_present,8.256629919900266,2.731163395032427,15.153317768125904,1.1895278145404564,7.325293012107532,4750.0,0.19434111737504708,598.5904672541508,1609.6979050122736,2617.6032982622487,13,,0.3959956718829216,0.24514772588384476,0.8088750716299357,0.45454545454545453,0.4090909090909091,44,True,97.98452851987624,2.731163395032427,8.256629919900266,0.24514772588384476,0.45454545454545453,,5376.889139334992,2606.770400227088,2,,,0,0.8788487428261611,-0.9903272638812908,5.24272788277251,5,,0,,0,,0,,0,,0
s02_B_natural_C002.wav,1.92,132.32237801804854,122.12797784370011,40.35301951266025,101.79589602148963,172.97093085933824,9.178202431346607,55.167009883077085,288.8883995750738,53,0.10876065265666224,0.01359508158208278,0.35,122.10349706085617,0.5201364227679885,0.057692307692307696,2,0,39.55223880597015,jumpy;period_doubling_present,5.605588151303843,3.1689394937230295,20.218682361169233,1.67165931620227,7.777409381232765,5000.0,0.21217471341350727,519.392839478628,1710.6376193981723,2573.677722572972,13,,0.35067493267795286,0.32774927737247184,0.6450657869711248,0.5285714285714286,0.4857142857142857,70,True,101.79589602148963,3.1689394937230295,5.605588151303843,0.32774927737247184,0.5285714285714286,multiply_pulsed;irregular_f0,7889.7895019277785,1014.214606300444,2,,,0,-4.266950971385756,-7.627145358466275,7.51819732549405,4,2.50178796214906,2,2.947096157502216,1,,0,2.0564797667959045,1,,0
s02_B_natural_C003.wav,2.02,143.27893064127747,125.00699632335737,40.170705749140495,102.27303975565174,206.36720572687278,12.153454096894322,83.24233500238466,267.77964948087106,100,0.07207870850605183,0.009009838563256479,0.35,124.88163783938768,0.5519893401952112,0.0,0,0,46.08294930875576,,10.063495260434092,2.7445754092536045,13.057017555675863,1.2205204139239618,8.867503223448772,5750.0,0.18071054572181408,655.0821141109326,2290.3111353308714,2939.4738476612474,13,,0.236764052617802,0.2190690308305636,0.4171603383372357,0.3380281690140845,0.18309859154929578,71,True,102.27303975565174,2.7445754092536045,10.063495260434092,0.2190690308305636,0.3380281690140845,,9192.607009187352,,1,,,0,-8.05878847835091,-10.61503143304141,9.88037297153206,6,,0,,0,,0,,0,,0
s02_B_natural_C004.wav,1.79,132.38757644627836,133.0696697296707,25.18710254367882,111.18286488542488,156.2624899466745,5.892444550427279,89.46878498134319,210.6289624863684,117,0.06706249560951534,0.008382811951189418,0.35,133.89364922217942,0.941845203624314,0.008620689655172414,4,3,56.79611650485437,,11.443988502406404,2.137577796706425,12.436232070241807,1.1865978918339783,10.072002622718895,5250.0,0.1758789357490279,480.2073668219217,1610.2501497838675,2668.805057571251,13,,0.24060914198957495,0.17946904852627615,0.5008796094627398,0.296875,0.25,64,True,111.18286488542488,2.137577796706425,11.443988502406404,0.17946904852627615,0.296875,,,,0,,,0,-8.309929144251337,-13.120055868508834,3.494007737552316,5,,0,,0,,0,,0,,0
s02_B_natural_C005.wav,3.29,122.74392499258232,118.77294891271995,26.861759407271585,88.8845489630389,161.91951122361877,10.383267380654928,54.855578072295145,206.58250404307074,126,0.10937811998066073,0.013672264997582591,0.35,119.40816823218108,0.42274365813158676,0.016,2,0,54.07725321888412,anchor_unreliable,8.516303484477907,2.605418824167175,13.083213789186901,1.2616932166328119,9.143342680123148,6000.0,0.2010680405327041,657.5710597538805,2372.3335013751457,3156.8471758307523,13,,0.3203371545638335,0.2680067068240848,0.6078802079334534,0.47058823529411764,0.38562091503267976,153,True,88.8845489630389,2.605418824167175,8.516303484477907,0.2680067068240848,0.47058823529411764,,,,0,,,0,-6.549514227170202,-9.137097565785707,3.844995177267225,10,,0,,0,,0,,0,,0
s02_B_natural_C006.wav,2.09,176.98176188220498,178.53879866572962,49.83853039397756,115.741777797386,241.30868366544829,12.719641484007418,96.42208367638247,332.7760596953384,84,0.06222640883946832,0.00777830110493354,0.35,148.78031554255148,0.0,0.0,0,0,32.18390804597701,anchor_unreliable,9.117863328010495,1.9907844690852372,11.716542474843957,1.2512059920029364,8.74890180607551,4750.0,0.17880718824365427,546.5605202353519,1703.6941531858463,2670.5984394165735,13,,0.2876414013292173,0.21271356090983173,0.7431863412818978,0.3939393939393939,0.2727272727272727,66,True,115.741777797386,1.9907844690852372,9.117863328010495,0.21271356090983173,0.3939393939393939,,,,0,,,0,-4.00389031701025,-7.723828520795524,8.292222407164534,6,,0,,0,,0,,0,,0
s02_B_natural_C007.wav,2.66,147.93233898280081,120.24011993714501,77.82580333187369,101.76819758331479,234.79915562747715,14.473685143366051,79.62695568971935,296.95711916504285,97,0.07535136748640839,0.009418920935801049,0.8,119.84298303829164,0.6592809676689269,0.052083333333333336,2,2,35.27272727272727,jumpy;period_doubling_present,6.746648680948706,3.1794430798044413,17.972391220747124,1.5326970814609915,7.391870027496272,6000.0,0.24718069589196254,545.1846899331053,1923.2468905123203,2992.3904188542533,13,,0.40227930295188985,0.3330434743881352,0.7330646443842607,0.6206896551724138,0.46551724137931033,58,True,101.76819758331479,3.1794430798044413,6.746648680948706,0.3330434743881352,0.6206896551724138,multiply_pulsed;irregular_f0,6317.208089532509,677.0996246724969,2,,,0,-3.174206196325006,-3.9583332299010046,0.6823745878320722,2,,0,,0,,0,,0,,0
s02_B_natural_C008.wav,2.42,127.78476805677809,122.75519604068107,23.774627586710253,103.03227720406817,169.48013632954073,8.616237948814211,79.71161549570924,205.42433704973854,87,0.07527133859585335,0.009408917324481668,0.35,122.1911642177404,0.46082560464776545,0.0,0,0,34.8,anchor_unreliable;period_doubling_present,6.099518953655787,3.6358697635320105,15.392774528516284,1.465276837278777,7.495173297274737,4250.0,0.2291005369844165,588.6433521340884,1378.1681059997209,2555.1895161992934,13,,0.4625195461532906,0.41471991815500003,0.8421326503596736,0.6461538461538462,0.5692307692307692,65,True,103.03227720406817,3.6358697635320105,6.099518953655787,0.41471991815500003,0.6461538461538462,multiply_pulsed;irregular_f0,6025.854909907574,,1,4423.304505203332,,1,-4.856286630342528,-6.959322532822045,5.262839534430555,7,2.9483922958648545,1,,0,,0,2.9483922958648545,1,,0
s02_B_natural_C009.wav,1.74,133.68779028041732,133.02201824865114,22.497943321092787,98.39457884210213,165.77773513018946,9.031194262828988,72.37216280503989,221.02511461172563,62,0.08290480438125263,0.010363100547656578,0.35,142.940651766418,0.0,0.0,0,0,38.75,anchor_unreliable,10.039371249060801,2.289746281420304,12.318514759587822,1.1769678824372731,7.914427052607427,4750.0,0.17497592719502938,568.5945799823321,1687.6332058194826,2629.0544120404197,13,,0.2921787804439028,0.24060469318581673,0.5762772470834933,0.4,0.3,40,True,98.39457884210213,2.289746281420304,10.039371249060801,0.24060469318581673,0.4,,8570.955198936606,,1,,,0,-8.18578582625468,-10.045026489503918,4.135462979918422,3,,0,,0,,0,,0,,0
s02_B_natural_C010.wav,2.22,149.8831767247847,148.10387053302844,38.21252873295552,105.7913250490276,210.17548672462416,11.884477003690844,86.03971444554251,248.77078881998983,114,0.03486761920739292,0.00871690480184823,0.35,150.80472642290175,0.6648594731139892,0.008849557522123894,10,5,45.418326693227094,heavy_repair,8.332255235251338,2.4602128100928584,12.897017508602701,1.2165734880925132,9.001238865811825,4500.0,0.18394547705508105,581.9470960952201,1468.8603639349867,2592.915823442565,13,,0.28870182029341224,0.17927793466014544,0.6733354482349478,0.417910447761194,0.31343283582089554,67,True,105.7913250490276,2.4602128100928584,8.332255235251338,0.17927793466014544,0.417910447761194,,9262.003381895209,,1,,,0,-2.1875908885108033,-5.8428652821155085,11.05966718478662,6,,0,,0,,0,,0,,0
s02_B_natural_C011.wav,2.26,147.87830791247976,121.74375575043064,59.46104702994497,104.78230621251667,273.3347616267265,16.599285926248584,60.93065933120485,319.4890649614152,84,0.09847259271207619,0.012309074089009523,0.35,121.8825588525743,0.574159199210927,0.012048192771084338,2,1,47.72727272727273,period_doubling_present,6.448783651852958,3.682028136517686,17.391214372045713,1.5918924118795932,7.903799164748627,6500.0,0.2578048501459207,704.1718631877895,2547.59132278759,3579.1765769512,13,ceiling_at_search_edge,0.3823634891611464,0.34271208909781664,0.6297114255182757,0.6417910447761194,0.44776119402985076,67,True,104.78230621251667,3.682028136517686,6.448783651852958,0.34271208909781664,0.6417910447761194,multiply_pulsed;irregular_f0,7806.818927742761,,1,,,0,-10.652236399123284,-11.51396297606471,-1.9115416770010611,7,2.7999681501111873,1,,0,,0,2.7999681501111873,1,,0
s02_B_natural_C012.wav,1.98,147.86160423341545,135.49657524580928,39.43403148446141,97.22258071780955,210.7043830834863,13.39028388266432,68.80816538477413,271.00269360112713,77,0.08719895329933736,0.01089986916241717,0.8,135.13825897907168,0.8297591180744783,0.0,0,0,44.252873563218394,,8.270505889405989,2.591235316453643,17.51692484570114,1.4334800910405723,8.300787842953492,4750.0,0.1857236029305267,581.6665762215771,1626.5764657934355,2586.7274751924424,13,,0.29379889007558657,0.250628117676246,0.5887588768644423,0.4666666666666667,0.3333333333333333,45,True,97.22258071780955,2.591235316453643,8.270505889405989,0.250628117676246,0.4666666666666667,,8142.823859545863,,1,,,0,-6.926764162418398,-10.168608112776376,8.651823792284139,6,,0,,0,,0,,0,,0
s02_B_natural_C013.wav,2.28,135.94931097709235,141.71676140010516,35.77451078228376,92.66340973583337,183.1086972560542,11.79154370705452,56.73015135689971,245.51317192327775,79,0.10576386377418434,0.013220482971773043,0.35,145.47440240898263,0.0,0.0,0,0,47.878787878787875,anchor_unreliable,7.840432597798221,2.3234587730703304,11.693279205303115,1.0550483770592993,8.355923795519729,3500.0,0.2295556315575539,453.73393294149537,1245.583599196636,2071.128040161191,13,ceiling_at_search_edge,0.16945178505733963,0.14735653693781176,0.2692791338071905,0.08064516129032258,0.04838709677419355,62,True,92.66340973583337,2.3234587730703304,7.840432597798221,0.14735653693781176,0.08064516129032258,,7723.899614154215,,1,4778.940952915614,,1,-0.21594829134267002,-1.7841238470133973,11.38193096689957,6,,0,,0,,0,,0,,0
s02_B_natural_C014.wav,2.42,124.81570503547181,127.67173160934128,20.44572414060809,95.25041697152544,150.53521826398395,7.923644843065406,77.90925690089372,207.9830092154122,121,0.07701267139067235,0.009626583923834043,0.8,127.95607739576404,0.928578567567705,0.0,8,4,49.59016393442623,,8.447908912378674,2.634153457947623,16.283559391558473,1.427830423817643,8.486588628917577,4750.0,0.15950183502052806,526.2857243057792,1862.6163539934034,2585.9995541525486,13,,0.30735807166288825,0.18529875836209087,0.6808164666855486,0.3855421686746988,0.3493975903614458,83,True,95.25041697152544,2.634153457947623,8.447908912378674,0.18529875836209087,0.3855421686746988,,7525.911091695629,358.7589726475727,2,,,0,-8.265288827054617,-12.752742317345486,1.65392763377257,8,4.910534865683436,2,4.763399918188971,1,,0,,0,5.057669813177901,1
s02_B_natural_C015.wav,1.76,143.63195201408152,146.80760735608416,29.84182486541416,112.19555632841119,178.26007255674563,8.015616734695488,87.16209863063227,257.4790308939268,52,0.03441862973851893,0.008604657434629733,0.35,145.56538881431086,0.0,0.0,0,0,25.870646766169155,anchor_unreliable,3.346840002619818,3.8029631736363916,17.20379079036312,1.6199739934855704,6.990912272891268,5000.0,0.1629842622601058,650.3541508742194,1634.8436768178553,2706.35044537281,13,,0.3505615726117368,0.26719998484843466,0.7288759214815773,0.5,0.34375,32,True,112.19555632841119,3.8029631736363916,3.346840002619818,0.26719998484843466,0.5,irregular_f0,7613.10180547676,1266.645098464175,3,,,0,-6.303372806224857,-8.247583543986197,-2.879381587150649,5,,0,,0,,0,,0,,0
s02_B_natural_C016.wav,1.76,146.0916565308243,151.01831064086588,27.635721628748517,107.30623639931842,186.912767127351,9.60757429648737,89.74625377045378,237.31821573981836,63,0.06685515827040925,0.008356894783801156,0.8,151.2336223464856,0.8953136984826918,0.0,2,1,31.03448275862069,,6.728633572232267,2.7253706264489526,14.047215788381004,1.3831014317138457,7.418398848890632,5000.0,0.19049030486826626,641.1926498884266,1567.215506772161,2662.4040026387274,13,,0.34573439484328294,0.23673235323417957,0.7901063267483828,0.3684210526315789,0.34210526315789475,38,True,107.30623639931842,2.7253706264489526,6.728633572232267,0.23673235323417957,0.3684210526315789,,8013.408257023099,1209.1648257955271,3,,,0,-1.1861121764157332,-3.5138455694478665,8.740371488605765,4,41.0369730980118,1,41.0369730980118,1,,0,,0,,0
s02_B_natural_C017.wav,2.055,128.86959948734648,115.17020197560943,30.487937129235632,91.99000837549667,177.5626777182964,11.38535155127821,82.38105107307302,333.15587951166566,79,0.072832282689352,0.009104035336169,0.35,130.76251442250654,0.39636622062904814,0.02564102564102564,6,0,36.23853211009175,anchor_unreliable,7.040542270070657,2.140007206511946,17.02065639738741,1.6948702641035123,7.983895862070959,3750.0,0.1692510767126929,558.5852343389595,1327.4386218533214,2129.4027953883306,13,,0.3595446892845702,0.27337909927238224,0.6964445672285682,0.484375,0.375,64,True,91.99000837549667,2.140007206511946,7.040542270070657,0.27337909927238224,0.484375,,7579.232587395424,304.7521777642827,3,,,0,-6.71692425459509,-12.047938897096444,1.1560656659436692,7,,0,,0,,0,,0,,0
s02_B_natural_C018.wav,2.7,132.53941966676567,122.29344150855223,31.300414046817956,103.31232567007321,173.52728609466521,8.977801805104539,71.60577111575496,284.09244668515277,84,0.041896064426850774,0.010474016106712693,0.8,121.80471971010459,0.5475365146192746,0.03614457831325301,8,2,33.07086614173228,heavy_repair,8.420362725700944,4.2618938193254445,17.092767926946077,1.4350986898257079,7.67468915066378,4000.0,0.22458192252898815,464.3209334563109,1268.7337442260107,2322.4455694179687,13,,0.34399296117654865,0.2691726947279631,0.6005095420749692,0.48717948717948717,0.358974358974359,78,True,103.31232567007321,4.2618938193254445,8.420362725700944,0.2691726947279631,0.48717948717948717,irregular_f0,7220.858052468746,670.0775423157536,2,,,0,-9.036639193749856,-10.1958122626679,0.9739773010596124,7,,0,,0,,0,,0,,0
s02_B_natural_C019.wav,2.26,123.88329327604905,122.68195272600458,26.957479590205487,96.61378008370687,168.32254137109953,9.611130128328968,59.50686369699185,212.6590266851016,77,0.10082870491296465,0.012603588114120582,0.35,121.23378845996642,0.6408894093530906,0.0,0,0,44.76744186046512,,6.802434053159334,2.2127248235440615,13.12008303874754,1.2145847369325473,8.165449674899955,4250.0,0.24814663508505777,429.7378178422176,1378.2537309173467,2457.332254722771,13,,0.30476674223467914,0.24907379153166517,0.6732760456370498,0.4838709677419355,0.3387096774193548,62,True,96.61378008370687,2.2127248235440615,6.802434053159334,0.24907379153166517,0.4838709677419355,,7452.286907448495,415.66370426567244,2,,,0,-8.18286768209565,-11.360439587349104,1.9858159724889954,5,,0,,0,,0,,0,,0
s02_B_natural_C020.wav,2.1,140.49912546530686,141.87529792381173,36.985326784903734,89.57043544361885,201.43823939392226,14.030916646648775,59.16900767535796,243.9647895582875,70,0.05070221925066028,0.01267555481266507,0.35,135.8713544485087,0.5388754176476298,0.0,0,0,43.20987654320987,period_doubling_present,6.88538498023905,3.046435256157693,16.42030085459537,1.4060368092986144,7.125374515818962,4750.0,0.19453847614807815,487.7693857548905,1666.8126848242155,2591.967099917074,13,,0.34076006214301735,0.28187429839392,0.6849312845752094,0.5,0.4305555555555556,72,True,89.57043544361885,3.046435256157693,6.88538498023905,0.28187429839392,0.5,multiply_pulsed;irregular_f0,8277.34600537949,,1,,,0,-4.3396530629476215,-6.581220234359142,7.3524494267530995,5,,0,,0,,0,,0,,0
s02_B_natural_C021.wav,1.64,114.42181714782981,116.56879112212259,14.566058109876526,95.0864221985534,132.77388544849362,5.779922000901001,55.89837611815163,187.10250538322134,50,0.107337644072484,0.0134172055090605,0.35,119.5750711940037,0.4454353479109857,0.0,0,0,43.47826086956522,anchor_unreliable,7.09717626487655,1.9725859790210016,14.760547469948785,1.354758786622475,8.515926243397384,4500.0,0.17077174751558166,603.1931037488994,1327.3599456553166,2481.217165773158,13,,0.34485567530683664,0.29755667204398206,0.5917608337839836,0.5471698113207547,0.37735849056603776,53,True,95.0864221985534,1.9725859790210016,7.09717626487655,0.29755667204398206,0.5471698113207547,multiply_pulsed,7721.1117501557,,1,,,0,-9.28309315253232,-9.930761887467952,-1.8080293154858058,4,8.164994858212982,3,3.361488143463376,1,,0,10.566748215587785,2,,0
s02_B_natural_C022.wav,2.41,117.35568368008092,114.816874255692,24.77986595435585,90.85453129340637,160.01957108243263,9.799415869784639,52.83461884890667,195.36924851396313,68,0.11356190563536468,0.014195238204420585,0.35,114.92923855174557,0.8364742031660632,0.014925373134328358,0,0,41.97530864197531,,7.326605312336311,2.2600134604572517,12.53490327832994,1.152391615409021,8.544513627933407,6500.0,0.22643005335729208,659.3140809284163,2548.8060465016524,3634.842146680582,13,ceiling_at_search_edge,0.3015771315867198,0.2749825364390882,0.5638153237892805,0.4772727272727273,0.32954545454545453,88,True,90.85453129340637,2.2600134604572517,7.326605312336311,0.2749825364390882,0.4772727272727273,,7472.44572999913,167.9864261607613,2,,,0,-4.743810480208287,-5.332920964322828,5.226376545677936,7,,0,,0,,0,,0,,0
s02_B_natural_C023.wav,2.26,145.14940147532934,136.67910125167367,42.78309360722937,90.30584759669472,206.95242651702776,14.356894190835021,73.39953476521572,312.1795125114475,80,0.08174438733422898,0.010218048416778622,0.35,159.60227450116867,0.0,0.012658227848101266,0,0,37.38317757009346,anchor_unreliable;period_doubling_present,7.246895590360743,3.9318163535638244,13.39103861022712,1.4178424374499754,7.581225724101979,5250.0,0.19048483358340274,616.6576926351188,2069.1112569535935,2710.4012025555885,13,,0.381030376114448,0.29748743041515835,0.7778181494652829,0.5573770491803278,0.45901639344262296,61,True,90.30584759669472,3.9318163535638244,7.246895590360743,0.29748743041515835,0.5573770491803278,multiply_pulsed;irregular_f0,8587.846109628603,,1,,,0,-1.3824636634034162,-4.747481008452677,2.174482401660205,7,4.383895031211171,1,4.383895031211171,1,,0,,0,,0
s02_B_natural_C024.wav,1.98,143.61483718553666,143.42710324649076,30.178575260123537,103.69920130396704,184.40769998161082,9.96592937477137,89.96119738811423,229.90364981133084,129,0.06669542173960355,0.008336927717450444,0.35,143.42435892981464,0.8026582100546722,0.0078125,2,1,56.08695652173913,period_doubling_present,6.786814101880398,3.605790950544035,16.784361042723006,1.5259731075939391,8.446896123210802,4000.0,0.1865863721752856,479.98095028562705,1429.3064706572095,2523.649428244335,13,,0.3960111309958216,0.2812531795989474,0.844929180884443,0.5,0.45714285714285713,70,True,103.69920130396704,3.605790950544035,6.786814101880398,0.2812531795989474,0.5,multiply_pulsed;irregular_f0,7755.033370661757,,1,,,0,-5.639737327592239,-8.396856536261241,4.616534923310459,9,,0,,0,,0,,0,,0
s02_B_natural_C025.wav,1.86,136.1318035932846,144.710636168792,39.53156370217479,87.1141495968787,186.72070646350934,13.198835407126847,78.50075618640071,267.77929378861285,83,0.0764323847499373,0.009554048093742162,0.8,161.23164086991773,0.0,0.0,0,0,44.38502673796791,anchor_unreliable;period_doubling_present,8.92445895653377,2.9310135485689703,14.705349072927806,1.4127374032677709,7.6063045169057375,5000.0,0.16719010892404548,563.5913964732844,1825.2998485038338,2666.0499757928187,13,,0.37354267235468386,0.3493274413468051,0.7513210257055741,0.6037735849056604,0.49056603773584906,53,True,87.1141495968787,2.9310135485689703,8.92445895653377,0.3493274413468051,0.6037735849056604,multiply_pulsed,,,0,,,0,-1.698690276484811,-5.2349266939223185,10.505077775078817,2,,0,,0,,0,,0,,0
s02_B_natural_C026.wav,2.34,128.5293713671828,116.27515047222535,32.58157128791111,102.35215991140223,194.26383001425947,11.093709156083344,57.481226629090315,281.8099119066796,83,0.0521909530455592,0.0130477382613898,0.8,116.90262933612925,0.6368569616340418,0.0,0,0,47.15909090909091,,8.368306117165973,2.4060355336248325,14.949299624073117,1.2416277028432083,8.404855099696325,5000.0,0.19716053881945309,550.3804556317915,1727.887514929964,2607.431478129987,13,,0.2919398717173994,0.25962877781059174,0.5261982174789523,0.4605263157894737,0.3157894736842105,76,True,102.35215991140223,2.4060355336248325,8.368306117165973,0.25962877781059174,0.4605263157894737,,7999.996883425071,,1,4009.985256658752,,1,-7.49739152568139,-8.622829972874142,-1.0732289159761823,7,38.08394504568891,1,,0,,0,,0,38.08394504568891,1
s02_B_natural_C027.wav,2.7,123.27513777326287,124.10909836953319,29.87388908976944,91.24754535712107,177.9362524645748,11.562033820550084,54.243794227946836,202.89190579675576,84,0.11061173145053987,0.013826466431317484,0.8,125.22427910934897,0.29941725201949787,0.0,0,0,44.680851063829785,anchor_unreliable,6.830430213499777,2.6101512491745362,13.497580049580149,1.3965872658633223,8.223327576059134,5000.0,0.21652490077162986,540.6510484494465,1875.7542301066985,2571.478050716155,13,,0.30750687642207,0.282940614349937,0.5782745388614516,0.5063291139240507,0.35443037974683544,79,True,91.24754535712107,2.6101512491745362,6.830430213499777,0.282940614349937,0.5063291139240507,multiply_pulsed,8064.607476679395,,1,,,0,-9.514201903873191,-11.416858617757473,-4.380808762050269,11,4.45373856018394,1,,0,,0,4.45373856018394,1,,0
s02_B_natural_C028.wav,1.26,151.78003186340786,147.98658666498056,30.876372639099444,113.80254278631278,198.55408722793473,9.635991187553973,69.8060288099683,258.1520637612272,77,0.08595246144618386,0.010744057680772983,0.35,147.65348245594902,0.947961902308272,0.0,2,1,70.0,,9.002963066117644,2.3666112326053956,14.03962678615879,1.1701939948567812,11.203259932847107,5000.0,0.171305771401893,428.7026286053114,1834.5880299452726,2603.1680841276157,13,,0.26021047764476624,0.21629097499939753,0.5642140399009057,0.3880597014925373,0.2537313432835821,67,True,113.80254278631278,2.3666112326053956,9.002963066117644,0.21629097499939753,0.3880597014925373,,8050.959583639906,,1,,,0,-0.5798254258279224,-6.991913772056201,4.201025671814243,8,,0,,0,,0,,0,,0
s02_B_natural_C029.wav,2.22,144.42876040782716,154.30450053912054,42.03417152059773,89.44298139164631,199.86587312013765,13.919903654865646,80.32121474526411,286.3047414058374,91,0.07470006546874057,0.009337508183592571,0.35,171.67246374374392,0.0,0.0,0,0,39.56521739130435,anchor_unreliable;period_doubling_present,6.831652324777798,3.8531164768053294,14.616371824806281,1.4501104035410628,7.5407196700372525,6500.0,0.205762243434599,943.7776572851949,2649.916476004894,3976.059144896438,13,ceiling_at_search_edge,0.3901910042975072,0.3178009431140986,0.7649396236433381,0.578125,0.46875,64,True,89.44298139164631,3.8531164768053294,6.831652324777798,0.3178009431140986,0.578125,multiply_pulsed;irregular_f0,7630.294598448195,936.9244471471748,2,,,0,-1.9221989448754158,-3.6896027998750376,9.36377741041625,6,2.637749881461371,1,,0,,0,2.637749881461371,1,,0
s02_B_natural_C030.wav,1.66,114.23601662214197,119.366569486715,16.05637689362456,89.60330717387409,130.14713299819368,6.462235730045812,74.63245910020339,286.64625197106056,74,0.08039397431544164,0.010049246789430205,0.8,123.14478126285441,0.6466748709656283,0.0684931506849315,8,2,46.835443037974684,jumpy;heavy_repair;period_doubling_present,7.937849490132832,2.8478245759680094,15.833138959879204,1.456440391996148,8.696152934711948,5500.0,0.23188899719741476,561.7356246714746,1824.7090737522512,2785.0627234746275,13,,0.39025098450613765,0.3184683923589827,0.7745257555596254,0.5370370370370371,0.48148148148148145,54,True,89.60330717387409,2.8478245759680094,7.937849490132832,0.3184683923589827,0.5370370370370371,multiply_pulsed,7435.037042830568,1147.873962156746,2,,,0,-8.296004042136952,-11.362125642613913,-1.5842157388866713,4,,0,,0,,0,,0,,0
s02_B_natural_C031.wav,2.54,133.07502625079348,116.83763771666554,40.922777732938535,94.06472268012749,206.71788603548924,13.631250595841534,71.92594752742701,230.5411800546876,92,0.041709565228265244,0.010427391307066311,0.35,116.52586995834967,0.47775135486163145,0.03296703296703297,0,0,38.333333333333336,anchor_unreliable;period_doubling_present,5.428702583903784,2.876735290852209,19.32440887336513,1.5767509934102892,7.5392795905495955,4750.0,0.22390190416392744,522.9692373917026,1457.5084308188486,2578.600980222054,13,,0.41229397935875545,0.3646895019672635,0.7372985548768826,0.6413043478260869,0.5217391304347826,92,True,94.06472268012749,2.876735290852209,5.428702583903784,0.3646895019672635,0.6413043478260869,multiply_pulsed,7511.820818218863,903.2721230867749,5,,,0,-3.879442085068921,-5.630822048360865,-0.89479974135932,6,,0,,0,,0,,0,,0
s02_B_natural_C032.wav,2.66,151.26813576853488,150.04597206182197,26.92294060674562,113.09172819582031,187.6267422117922,8.764464685443981,68.45534047169562,371.18104211432455,64,0.08764838445995068,0.010956048057493836,0.8,149.0193765508311,0.3750679771289547,0.0,0,0,27.23404255319149,anchor_unreliable;period_doubling_present,6.873711953337416,2.435476017811736,10.623271293298819,1.1104766008093427,7.75714648351735,3750.0,0.20463052558115202,524.6289521206787,1431.3420176798688,2362.3870086059133,13,,0.4015645118608536,0.3315683757753053,0.7598067432516037,0.6078431372549019,0.47058823529411764,51,True,113.09172819582031,2.435476017811736,6.873711953337416,0.3315683757753053,0.6078431372549019,multiply_pulsed,6107.417279367626,,1,4725.6136405359875,,1,-8.256279985236086,-9.253645825688695,0.49318684421494535,5,,0,,0,,0,,0,,0
s02_B_natural_C033.wav,1.98,147.54207921065773,145.36913302204817,25.5057904177708,113.72049224320456,187.03232886408432,8.61354498146253,89.76305445132526,238.62890927057114,76,0.06684264519155315,0.008355330648944144,0.35,151.56210408652333,0.42849495303697926,0.0,0,0,33.18777292576419,anchor_unreliable,10.233483233220946,2.3764409586768105,12.15132641424114,1.1208777270544035,7.693960653210055,6250.0,0.20779266815029893,927.8726452840417,2480.5798181869313,3698.318658901006,13,,0.3039480585597811,0.13392314613264636,0.8177779102857965,0.3111111111111111,0.26666666666666666,45,True,113.72049224320456,2.3764409586768105,10.233483233220946,0.13392314613264636,0.3111111111111111,,8024.371712443175,1182.2509981499334,2,,,0,-7.689940023419666,-11.33536646222121,-1.4871473809382856,4,,0,,0,,0,,0,,0
s02_B_natural_C034.wav,2.0,151.43305033513977,143.54219846066883,32.20983540311518,111.41484376386774,205.62866919701204,10.609199603522661,95.71924401062162,271.4975691264933,79,0.06268331997413396,0.007835414996766744,0.35,143.6800600608924,0.8110534863451279,0.0,4,2,31.85483870967742,period_doubling_present,8.073861893494266,2.361686408334303,15.869379666704935,1.4587004979129157,7.9666996758440165,4750.0,0.17027687223263463,664.4169064103608,1860.9230075426567,2614.7742577497215,13,,0.42243301139428885,0.3761175805862339,0.8690885540117682,0.5769230769230769,0.5,26,True,111.41484376386774,2.361686408334303,8.073861893494266,0.3761175805862339,0.5769230769230769,multiply_pulsed,,,0,4970.324007411929,,1,-0.5113146547939825,-6.246980503119251,5.949753278273487,3,,0,,0,,0,,0,,0
s02_B_natural_C035.wav,2.51,156.30875603909325,124.76692810426005,55.53969252796612,100.72847439192137,241.62381313426255,15.1474929259224,83.88284289885496,497.79996588744154,86,0.071528333955428,0.0089410417444285,0.35,124.77825167306838,0.5924201304126895,0.0,2,1,31.501831501831504,,8.095228062818693,3.913746536969856,13.413826630191977,1.1333866256295972,7.6654217846065835,6500.0,0.18090527977042417,841.074788456845,2556.7733200987723,3835.971031864251,13,ceiling_at_search_edge,0.3105084072611479,0.25643014570945055,0.6672497786831695,0.43333333333333335,0.31666666666666665,60,True,100.72847439192137,3.913746536969856,8.095228062818693,0.25643014570945055,0.43333333333333335,irregular_f0,7663.570896844643,,1,,,0,-5.5479185585257325,-8.975976043120209,9.438392893220286,7,,0,,0,,0,,0,,0
s02_B_natural_C036.wav,2.3,143.6778206453651,150.56812638717315,30.259036340932813,105.63954190931399,182.1359227171975,9.430386515033227,61.21786245475447,258.01359011625664,89,0.09801060931251139,0.012251326164063924,0.35,153.54234611562578,0.08050191152113817,0.0,0,0,49.44444444444444,anchor_unreliable,9.535099638604382,2.5154293565134456,13.345871471865262,1.18317949148965,9.006892624347124,3750.0,0.17820192088919598,504.76884343413883,1380.9477748228132,2392.2701574334587,13,,0.23955922393225382,0.1732784966528152,0.49605498216273847,0.2777777777777778,0.19444444444444445,72,True,105.63954190931399,2.5154293565134456,9.535099638604382,0.1732784966528152,0.2777777777777778,,6853.923213072158,,1,,,0,-6.381244367461742,-8.636833413535204,3.454590266707168,5,3.63033294840176,1,,0,,0,3.63033294840176,1,,0
s02_B_natural_C037.wav,1.96,158.91479747064014,132.44753551296125,51.630652174475635,105.35879045675212,229.5501681779395,13.481985608385717,79.7863982970979,316.28178975845077,49,0.07520078770391418,0.009400098462989273,0.8,136.54839293966126,0.0,0.020833333333333332,0,0,24.378109452736318,anchor_unreliable,7.581221513932056,2.5186839790331628,10.058719056531409,0.905439188294005,7.5998628859203174,6000.0,0.16896004108322063,843.7289357674917,2446.0829767271616,3577.999236543611,13,,0.277490689797542,0.1798037726646392,0.7152220158183655,0.34,0.22,50,True,105.35879045675212,2.5186839790331628,7.581221513932056,0.1798037726646392,0.34,,7185.880957372739,841.992136857373,2,,,0,-7.917750231906534,-14.444353233243305,5.193988067541883,5,,0,,0,,0,,0,,0
s02_B_natural_C038.wav,2.63,124.92694491101958,121.698604173962,25.009545068034555,100.32796715144899,160.70773802374845,8.156586866477602,57.25528444104399,208.25450142392765,82,0.10479382049316732,0.013099227561645915,0.8,124.44732212272125,0.4465715387967193,0.0,0,0,42.487046632124354,anchor_unreliable;period_doubling_present,7.858587622714054,2.183807150546861,15.22735551456044,1.406425901054841,9.017794853558772,4750.0,0.21605600401195788,534.1872049673536,1447.6150482857806,2627.607364405388,13,,0.37440015947631083,0.2935853166226264,0.6855766555275756,0.5132743362831859,0.4247787610619469,113,True,100.32796715144899,2.183807150546861,7.858587622714054,0.2935853166226264,0.5132743362831859,multiply_pulsed,,,0,3683.213192484405,,1,-10.031023493908664,-12.879561236372231,-4.651041764682652,10,,0,,0,,0,,0,,0
s02_B_natural_C039.wav,1.92,148.0607899696722,121.11866042227163,48.43355206292684,99.10061117538602,217.36281296889007,13.597671374974837,83.13018214131014,309.3360515013194,85,0.036087975783577655,0.009021993945894414,0.35,121.15330580536141,0.0,0.023809523809523808,4,0,40.66985645933014,anchor_unreliable;period_doubling_present,6.8798261582814,3.307247478443103,12.82905542235021,1.1303789389312153,8.31562305091558,4750.0,0.20645010621470508,579.6586251286908,1623.5679260296197,2626.9951270014844,13,,0.41385520570865497,0.3402454025416049,0.6839294981759362,0.6119402985074627,0.47761194029850745,67,True,99.10061117538602,3.307247478443103,6.8798261582814,0.3402454025416049,0.6119402985074627,multiply_pulsed;irregular_f0,7399.269562946627,161.30081358221818,2,,,0,-2.9505583547987975,-5.570790694547566,7.146179042297189,7,,0,,0,,0,,0,,0
s02_B_natural_C040.wav,2.2,133.5978687587691,127.83934783916219,37.2380549159718,85.41358562653821,181.32029864626162,13.0320357435836,65.20040996126812,252.68276045424943,67,0.046011980626841614,0.011502995156710404,0.35,128.35652400659956,0.2647308785310494,0.015151515151515152,1,0,35.638297872340424,anchor_unreliable,7.945363894814142,2.821488447272278,10.835539569667157,1.0158033171769902,7.911051514730233,6500.0,0.17559448755548013,716.8067321175026,2562.56360222667,3779.2261396258737,13,ceiling_at_search_edge,0.3350324730263026,0.2136670561424829,0.7330475493161672,0.43137254901960786,0.37254901960784315,51,True,85.41358562653821,2.821488447272278,7.945363894814142,0.2136670561424829,0.43137254901960786,,9087.394104789668,,1,,,0,-4.4006184015855005,-7.049658229876584,-3.7874338078211913,5,,0,,0,,0,,0,,0
s02_B_natural_D001.wav,2.92,124.32835912559567,118.35451549667059,43.334740502118805,94.21902578232985,162.01329904582354,9.384263080754662,77.40821565527584,287.7493763889402,139,0.07751115239136847,0.009688894048921058,0.8,118.25014120315822,0.7333599997369815,0.036231884057971016,9,2,47.27891156462585,,9.052558206030525,2.60099800610664,16.17973254334808,1.3725493147313597,8.743550698655643,4750.0,0.1975825180831985,494.9986427920915,1543.5667457942673,2601.4128835531546,13,,0.30049179528100517,0.24681534222754395,0.6075182949057657,0.3950617283950617,0.30864197530864196,81,True,94.21902578232985,2.60099800610664,9.052558206030525,0.24681534222754395,0.3950617283950617,,,,0,,,0,-1.7030800293517019,0.6384622794154737,2.411128486134892,8,,0,,0,,0,,0,,0
s02_B_natural_D002.wav,2.88,111.05140616685962,106.38593488449663,20.19127147049804,91.76181096437074,132.28190025018503,6.3317988754614305,53.79508476420163,183.22727918817378,97,0.11153435348786267,0.013941794185982834,0.35,111.00672078482548,0.6060090333435217,0.0,0,0,48.743718592964825,,5.858478866682486,3.5482100377986603,15.660777797943476,1.4127403123048454,8.103506045707393,4500.0,0.22215777652254656,526.4691203981897,1707.0235889495157,2595.601705821012,13,,0.34194023037355314,0.31279332388194236,0.552688582354927,0.5875,0.3625,80,True,91.76181096437074,3.5482100377986603,5.858478866682486,0.31279332388194236,0.5875,multiply_pulsed;irregular_f0,7961.118518231699,,1,4469.411439691117,659.4511433207434,3,-6.70015707723793,-7.464505710103465,-2.332399477289848,8,,0,,0,,0,,0,,0
s02_B_natural_D003.wav,2.75,122.74666693671155,112.98311057139848,25.098200879932644,95.45417413227507,163.20188505084383,9.285330349906946,58.41496102266778,193.51256439098265,78,0.1027134127106875,0.012839176588835937,0.35,114.35939672833251,0.661125055034925,0.0,0,0,37.68115942028985,,7.18064395031469,2.8815923025224834,18.597699124961746,1.6129017213385788,7.921817569959034,4750.0,0.21412072842422594,503.6847659483026,1441.354489588533,2568.238061493301,13,,0.31390120177422726,0.258306666285837,0.6960118699613211,0.4268292682926829,0.3170731707317073,82,True,95.45417413227507,2.8815923025224834,7.18064395031469,0.258306666285837,0.4268292682926829,,7900.538913589021,516.3027080258972,3,,,0,-7.307387548582471,-8.45388711930417,2.7038164215768,8,,0,,0,,0,,0,,0
s02_B_natural_D004.wav,2.78,133.26141713080017,126.6139838727814,26.963340986315274,104.20079125631226,181.87049669104795,9.642543514985212,82.94219333235228,331.0574068572917,147,0.07233953864660643,0.009042442330825804,0.35,127.87812731312265,0.7626355736969411,0.0136986301369863,10,3,49.0,,10.54943479955305,2.992179477647404,16.185434243835005,1.485392521963381,8.588851533633527,4500.0,0.2252920413053198,472.05814652868855,1486.1390022263754,2534.7066153994165,13,,0.2853047839531784,0.2232988805002288,0.6179869403435028,0.3614457831325301,0.3253012048192771,83,True,104.20079125631226,2.992179477647404,10.54943479955305,0.2232988805002288,0.3614457831325301,,,,0,,,0,-3.573843051493141,-6.2463913273640275,8.961560989237869,8,,0,,0,,0,,0,,0
s02_B_natural_D005.wav,2.55,113.91726223687442,113.51230834874042,22.207463349199454,88.35257241542907,147.84012979720185,8.912326601148088,68.27679766281733,190.70724471787864,94,0.08787758367975601,0.010984697959969501,0.35,115.39681410262395,0.14879464847184598,0.0,0,0,41.77777777777778,anchor_unreliable;period_doubling_present,6.736387122589667,3.25483471105908,12.343096466467156,1.1706598236121306,7.921282059326242,4750.0,0.18433404090224811,541.6886039460362,1535.810011258079,2626.058653315343,13,,0.4036816897415129,0.31439549703703595,0.8055813213804658,0.5816326530612245,0.4489795918367347,98,True,88.35257241542907,3.25483471105908,6.736387122589667,0.31439549703703595,0.5816326530612245,multiply_pulsed;irregular_f0,7646.974025183267,624.8557194061812,3,,,0,-5.857718524981523,-7.098088237957976,2.630084820437882,7,,0,,0,,0,,0,,0
s02_B_natural_D006.wav,2.71,117.2648195025961,112.8731019074138,27.64361091385424,90.86733749439213,172.10055643483784,11.057016597004576,52.72987855016718,195.33027392755224,98,0.11378747998237096,0.01422343499779637,0.35,112.9135757567349,0.5294522865270377,0.0,0,0,53.55191256830601,,6.447144074441513,3.2685971523855994,12.299585475626523,1.2839441689195088,8.782883288479697,4750.0,0.17191145754607828,561.8472257547771,1400.3751488956664,2572.176188675818,13,,0.3181266552721644,0.2677652121000993,0.5952182652622426,0.4883720930232558,0.36046511627906974,86,True,90.86733749439213,3.2685971523855994,6.447144074441513,0.2677652121000993,0.4883720930232558,irregular_f0,7502.359053470825,,1,,,0,-4.942210363663072,-6.514133988408425,5.6957962724354205,10,,0,,0,,0,,0,,0
s02_B_natural_D007.wav,2.68,146.4807885499588,139.58844672844336,28.382392163244358,119.70416168438192,192.04572033982532,8.183718046485374,93.23402877791668,232.6698716853125,113,0.032177092841777714,0.008044273210444429,0.8,140.17496002841992,0.6496018747105279,0.008928571428571428,0,0,34.24242424242424,,6.956013862431262,2.604875002636635,15.35928460866395,1.507774081571107,8.196321309647054,4750.0,0.1713054212237819,565.5304912987009,1704.986254998563,2578.3509211503087,13,,0.3353470252155336,0.2680327289894089,0.6744280598229225,0.4794520547945205,0.3972602739726027,73,True,119.70416168438192,2.604875002636635,6.956013862431262,0.2680327289894089,0.4794520547945205,,8166.7155611761755,73.67913597114602,2,3250.873999829385,,1,-9.163145140006884,-12.476012624504326,1.3870658786389554,10,,0,,0,,0,,0,,0
s02_B_natural_D008.wav,2.8,144.70989681679598,126.00424010316222,51.00794920732924,92.10975798090054,226.45761807762784,15.573781993087167,79.78838058864167,286.38556595071395,154,0.037599459694098204,0.009399864923524551,0.35,125.97115101869399,0.7330325269356587,0.0196078431372549,3,2,52.38095238095238,period_doubling_present,9.670880965292856,2.828653786079666,13.255031207232665,1.297631744010281,9.2747524516921,4500.0,0.22736960537612538,491.7315159733581,1413.2349856264982,2566.6028838180873,13,,0.3494671032351601,0.2025405873417723,0.7728602262309151,0.4774774774774775,0.42342342342342343,111,True,92.10975798090054,2.828653786079666,9.670880965292856,0.2025405873417723,0.4774774774774775,,6379.643446440318,,1,,,0,-7.993370237174361,-15.552483967569009,6.765368924188405,10,,0,,0,,0,,0,,0
s02_B_natural_D009.wav,3.08,122.63674591843149,125.30383192206415,27.840418283111976,89.30315750995253,168.18866039870306,10.959568183057375,73.99439359845776,206.25398870985646,116,0.04054361221310864,0.01013590305327716,0.35,124.42809128606133,0.26228807778937957,0.017391304347826087,0,0,38.666666666666664,anchor_unreliable;period_doubling_present,8.917951939558725,2.710956552530327,14.90597076050422,1.3937693224107481,7.677891711467494,4750.0,0.22230252204872714,541.5537050802757,1458.6051973238518,2608.831563924903,13,,0.37417802728088073,0.3207141518087543,0.6669510278561785,0.5816326530612245,0.47959183673469385,98,True,89.30315750995253,2.710956552530327,8.917951939558725,0.3207141518087543,0.5816326530612245,multiply_pulsed,7910.657062171037,1296.1011077439464,3,,,0,-7.208136192346089,-8.447093162561755,-0.6649566599930615,8,,0,,0,,0,,0,,0
s02_B_natural_D010.wav,3.31,143.18672823941998,128.94047754117324,33.783410511012285,106.18299416909096,190.4701533352728,10.116146599572822,89.40155764764813,258.81106637846887,147,0.06711292462763752,0.00838911557845469,0.35,139.96114956744128,0.6180995079789773,0.00684931506849315,0,0,37.98449612403101,,7.709472134510243,2.515770616097477,14.113872110421202,1.3487189980894256,8.213403474311912,4500.0,0.23768095283917015,556.1439062144067,1497.7632951344283,2652.9563311355546,13,,0.3462746131413616,0.26758485486220684,0.7580287126217136,0.47297297297297297,0.35135135135135137,74,True,106.18299416909096,2.515770616097477,7.709472134510243,0.26758485486220684,0.47297297297297297,,7846.4405422278,2298.6242239481926,2,,,0,-6.570246766144836,-9.28643325640192,2.7040800405814047,7,,0,,0,,0,,0,,0
s02_B_natural_D011.wav,3.19,123.22813350214972,110.03562150822651,35.13713115003437,91.13977661700153,189.49527563275828,12.672109690942616,55.2411031547215,217.4270704304613,78,0.10861477518280109,0.013576846897850136,0.8,107.53731780796795,0.5023535709621549,0.025974025974025976,3,1,34.36123348017621,period_doubling_present,6.181509375723896,3.9084641780746563,16.318014532659937,1.55625552288718,6.783618898871145,6500.0,0.196476359705674,714.2184096422145,2571.1491883591852,3701.8504278522905,13,ceiling_at_search_edge,0.3567297795099557,0.2761189659556523,0.6882952355133085,0.4939759036144578,0.40963855421686746,83,True,91.13977661700153,3.9084641780746563,6.181509375723896,0.2761189659556523,0.4939759036144578,irregular_f0,5993.296718547162,1490.1098350195782,2,4859.152248761317,,1,-1.8719745634388474,-5.286046089585923,1.9257837552467052,10,39.447257927275544,1,,0,,0,39.447257927275544,1,,0
s02_B_natural_D012.wav,2.88,133.1297762177356,131.34965700657,26.110976735525462,91.46168818742859,164.82094733670064,10.19592185803618,65.50955449499469,232.87233716528507,92,0.09158969323258694,0.011448711654073367,0.35,130.9033093582171,0.19644485864720307,0.0,0,0,37.704918032786885,anchor_unreliable;period_doubling_present,7.210126164305027,3.5391034575838103,14.757334735420095,1.4150602363830993,7.3285758204674485,5000.0,0.20836887782825775,596.1576483125926,1476.1272634740262,2629.5069658169177,13,,0.3795397952549134,0.30484282330762646,0.7550490704089641,0.5074626865671642,0.40298507462686567,67,True,91.46168818742859,3.5391034575838103,7.210126164305027,0.30484282330762646,0.5074626865671642,multiply_pulsed;irregular_f0,6952.9005649377195,255.03833465020588,2,,,0,-8.474955132553772,-9.39718432012078,6.397079796725914,3,,0,,0,,0,,0,,0
s02_B_natural_D013.wav,2.98,149.35335993386957,132.81279515681837,33.839066204468025,114.11992644301924,203.53897530697918,10.017052294258377,68.32910517609719,409.93678035214964,92,0.08781031135321984,0.01097628891915248,0.35,133.01480489754707,0.7107008664945993,0.0,0,0,34.84848484848485,,8.940370061846153,2.499595424700939,12.634291514930549,1.1166479269031029,8.35293609746359,4750.0,0.22599676561688686,552.0669755263298,1677.6335612354426,2654.4046054882874,13,,0.21090594691436562,0.13323474271208113,0.49495678871140963,0.2857142857142857,0.19047619047619047,63,True,114.11992644301924,2.499595424700939,8.940370061846153,0.13323474271208113,0.2857142857142857,,8302.603955552178,,1,,,0,-2.754369539580459,-7.949619256780409,9.54575471063626,5,,0,,0,,0,,0,,0
s02_B_natural_D014.wav,2.58,130.89811438466842,128.16327585210422,24.79843147056156,105.64226323460517,174.50060599238324,8.688539182744787,60.920593601481606,214.76415584278635,100,0.09848886304768505,0.01231110788096063,0.8,127.68904495238259,0.8412171707775885,0.0,0,0,49.504950495049506,period_doubling_present,7.644763609355509,2.980549779008544,13.709202813655738,1.2856275928071026,8.711683287375761,4500.0,0.2276886110847908,528.6236676085925,1432.2431758427065,2523.61277429658,13,,0.37571728305489316,0.34327848996490085,0.7113577551080889,0.5909090909090909,0.48863636363636365,88,True,105.64226323460517,2.980549779008544,7.644763609355509,0.34327848996490085,0.5909090909090909,multiply_pulsed,,,0,,,0,-2.5889857052199705,-7.935168499618584,13.194117917912415,7,,0,,0,,0,,0,,0
s02_B_natural_D015.wav,3.5,124.56198308671942,126.60053913689757,28.44809114344931,89.42929783295153,158.55663494592642,9.91414555087302,56.33368333289263,200.4247032524553,103,0.10650821400305391,0.013313526750381739,0.8,128.9453606163814,0.8168175367119982,0.00980392156862745,1,1,40.3921568627451,,8.339593490648323,2.947285022939963,10.418252678270415,1.0205038578727255,8.921228542588745,6500.0,0.21943372752006887,720.6174859463079,2532.1806029822797,3700.530421780703,13,ceiling_at_search_edge,0.2556884333967382,0.1905982114852496,0.5770838592639778,0.3643410852713178,0.26356589147286824,129,True,89.42929783295153,2.947285022939963,8.339593490648323,0.1905982114852496,0.3643410852713178,,6640.952402067511,1340.975894052052,2,3888.4392744510287,,1,-5.056862239560957,-6.145292481987146,2.7340507901198756,8,2.6685954089102903,1,,0,,0,2.6685954089102903,1,,0
s02_B_natural_D016.wav,2.68,105.73270370982102,105.6335467975353,9.854211993742236,93.14617850360524,120.18675364907983,4.412512948014595,73.03942101703373,165.10540125428125,112,0.08214742007060438,0.010268427508825548,0.35,109.58674765924455,0.7154150515941414,0.009009009009009009,0,0,44.26877470355731,period_doubling_present,8.005297974106368,4.553767740575596,18.04170003353383,1.5122451152752558,7.917234834070169,4500.0,0.19918672490865275,500.05185208662675,1479.8194311751874,2558.3722714005617,13,,0.41951223005484023,0.3615845023109263,0.7659844906688243,0.6116504854368932,0.5145631067961165,103,True,93.14617850360524,4.553767740575596,8.005297974106368,0.3615845023109263,0.6116504854368932,multiply_pulsed;irregular_f0,,,0,,,0,-7.761639988474432,-9.069726300879474,-3.2405959299085594,8,7.4141689026574475,1,,0,,0,7.4141689026574475,1,,0
s02_B_natural_D017.wav,2.23,129.55945234814573,125.35047022104763,23.048374479745966,101.02165887769985,156.6526996853796,7.594859941486252,82.97080842830853,226.5955399726617,124,0.07231459007880271,0.009039323759850339,0.8,124.97441624884178,0.8593878406919881,0.008130081300813009,2,1,51.88284518828452,,8.51529312788947,2.69077532130875,13.275619778643941,1.2905058763194912,9.513955191823856,5000.0,0.20460567461645493,510.57490612005085,1541.834351518726,2645.4743977788685,13,,0.29643591334650715,0.23359921180388957,0.6458644974340864,0.3684210526315789,0.2736842105263158,95,True,101.02165887769985,2.69077532130875,8.51529312788947,0.23359921180388957,0.3684210526315789,,8754.262717631464,1142.4517202732375,2,,,0,-3.8515643555912957,-5.365501266541512,2.3427745757406755,10,2.65956319458166,2,2.5555045942915466,1,,0,2.7636217948717734,1,,0
s02_B_natural_D018.wav,2.94,130.50695680103306,125.84108003214313,23.802851783182422,99.98448109626395,167.07669268665708,8.888812779790358,87.8591414842486,210.92105936531442,157,0.06829112939916082,0.008536391174895103,0.35,125.79102295727124,0.9007525331301554,0.00641025641025641,2,1,46.58753709198813,,9.894272158244553,2.717778114016724,13.974506380900479,1.2752691612496299,8.731842542906998,3750.0,0.19341097931732562,463.1001901047838,1343.1818152373583,2415.4062777821187,13,,0.3474797228688236,0.29596283028413756,0.6664649353086918,0.5327102803738317,0.3925233644859813,107,True,99.98448109626395,2.717778114016724,9.894272158244553,0.29596283028413756,0.5327102803738317,multiply_pulsed,,,0,,,0,-9.028476970188892,-11.006459628901348,-0.11946217715815877,7,33.18951015471399,4,,0,,0,35.21791753162673,3,27.104288023975798,1
s02_B_natural_D019.wav,2.82,115.8339187563125,111.10009755797459,22.505630841635455,91.02512549700542,151.30245754534315,8.797184292310577,73.85003366527903,260.8960152764172,99,0.040622865706430485,0.010155716426607621,0.8,111.46951106420165,0.8721979562312422,0.02040816326530612,0,0,36.13138686131387,period_doubling_present,8.499754551320878,2.787279363274473,13.149496106800326,1.225182371591757,7.949872510524898,4000.0,0.17713724253442367,532.3414276601674,1347.955012487591,2316.386318918389,13,,0.546238262673909,0.5693570180992258,0.913720965706843,0.7796610169491526,0.711864406779661,59,True,91.02512549700542,2.787279363274473,8.499754551320878,0.5693570180992258,0.7796610169491526,multiply_pulsed,6881.362852509216,,1,,,0,-4.135774258177678,-7.266667010215772,2.6703927294841305,5,2.8468517844162378,1,,0,,0,2.8468517844162378,1,,0
s02_B_natural_D020.wav,3.02,136.21642095316597,125.76209244756203,47.1650490509367,99.81626587346122,167.53972715313412,8.965876684674505,78.57141222704982,322.0759254059684,146,0.07636365224875488,0.00954545653109436,0.8,127.44603033241289,0.4794377835011824,0.027586206896551724,4,0,47.249190938511326,anchor_unreliable;period_doubling_present,8.780419083187613,2.840795152536487,15.084717343936713,1.3046935043411638,8.170120816715745,4750.0,0.1765716831232553,514.5964359624322,1734.7654590281354,2603.168917112157,13,,0.36333982439014456,0.3349206673865875,0.7483159294488416,0.5420560747663551,0.4672897196261682,107,True,99.81626587346122,2.840795152536487,8.780419083187613,0.3349206673865875,0.5420560747663551,multiply_pulsed,7543.75103161776,,1,,,0,-11.085038591721391,-17.81484252986822,-0.9474819480742216,9,37.01330569424988,1,,0,,0,37.01330569424988,1,,0
s02_B_natural_D021.wav,3.2,130.6352999102659,123.42296113028638,24.451599795672532,106.20628394824551,165.3597041351063,7.6648630010039716,84.6245366896354,291.81812036581186,141,0.035450711074527304,0.008862677768631826,0.8,123.46552919998162,0.6863885529173003,0.0,16,8,39.385474860335194,heavy_repair;period_doubling_present,6.998181038654925,3.7956693351402233,16.121869347362853,1.4655402438355196,7.12366862712497,3750.0,0.2352421794132317,472.5957821464564,1348.3347693571436,2212.138235441398,13,,0.3655714551438925,0.3300256023965846,0.5964342121746837,0.6029411764705882,0.4411764705882353,68,True,106.20628394824551,3.7956693351402233,6.998181038654925,0.3300256023965846,0.6029411764705882,multiply_pulsed;irregular_f0,7554.410813934083,91.32560966114266,2,,,0,-9.008399053816515,-10.565660789147547,-1.7753345584147753,9,30.96362551599352,1,30.96362551599352,1,,0,,0,,0
s02_B_natural_D022.wav,2.92,119.83139675213837,102.30543241608969,29.006673078657307,90.78100799550235,154.20687151940194,9.172855694050167,71.01843361766274,221.95995933124368,126,0.08448510751872965,0.010560638439841206,0.35,127.24278484975954,0.0,0.008,0,0,46.84014869888476,anchor_unreliable,8.992711476166136,2.616965802302241,10.601841983443235,1.1529355093980702,8.506071763751295,3750.0,0.21755358383478599,435.1247873935848,1291.3643660030393,2322.7536840719367,13,,0.30959659469808826,0.21536498317597974,0.7079927602311262,0.42424242424242425,0.32323232323232326,99,True,90.78100799550235,2.616965802302241,8.992711476166136,0.21536498317597974,0.42424242424242425,,6678.523377704934,837.9686162777889,4,,,0,-2.8276194944190003,-4.9335530774283365,5.8247361124226105,8,,0,,0,,0,,0,,0
s02_B_natural_D023.wav,2.92,126.47651170942454,116.17797282939777,27.290007508036982,99.60357753191725,171.3719400967944,9.394337277615826,57.452722008141976,322.86181610229073,92,0.10443369417988069,0.013054211772485086,0.35,120.35781898982061,0.641081960110035,0.0,0,0,42.592592592592595,,7.064753644010164,3.123321052574017,15.595126348849952,1.4921939915997995,8.604352920160556,5000.0,0.186404083663305,589.4763861354494,1521.2156151698555,2629.9331580061003,13,,0.33929147963131323,0.22714174056765615,0.7853252851332836,0.4177215189873418,0.34177215189873417,79,True,99.60357753191725,3.123321052574017,7.064753644010164,0.22714174056765615,0.4177215189873418,irregular_f0,7800.582342298711,,1,5695.4814784214295,,1,-7.596009272219526,-8.654956737296839,-12.941130212026756,7,,0,,0,,0,,0,,0
s02_B_natural_D024.wav,2.68,124.12531456847881,113.52253952080574,26.014614347149628,98.52336153823741,163.80381736768416,8.801174655386825,79.85180557060355,210.0714479013562,122,0.07513919011755979,0.009392398764694974,0.35,114.06880658082146,0.4342194729050687,0.0,0,0,43.884892086330936,anchor_unreliable;period_doubling_present,7.539709557897256,3.4310041153091406,13.276309011009491,1.3825619007514471,8.139097352672572,5000.0,0.17219648845450786,604.5482343502022,1623.3389910604333,2703.3148239837037,13,,0.38082925808860424,0.29974720266426513,0.8258783497325247,0.5294117647058824,0.4411764705882353,102,True,98.52336153823741,3.4310041153091406,7.539709557897256,0.29974720266426513,0.5294117647058824,multiply_pulsed;irregular_f0,7870.962641730879,111.62642881478307,2,,,0,-5.049492538574506,-6.54159510976186,3.0264455742198484,9,,0,,0,,0,,0,,0
s02_B_natural_D025.wav,2.78,136.71177882148183,128.4934110858182,33.058271273242056,106.82025150487675,194.06558771023094,10.336309579317444,62.887280064060306,241.2827350834729,86,0.0954088011739112,0.0119261001467389,0.35,127.44943340671242,0.9352416004805786,0.0,6,3,38.05309734513274,period_doubling_present,9.153739765944987,1.984841024253671,13.920553668813406,1.2684162538403503,8.226371245416768,5000.0,0.2307367948547759,612.7294960991178,1456.0358448733198,2650.4182627418622,13,,0.381947502049432,0.29877714413692846,0.7559086839050722,0.5465116279069767,0.4069767441860465,86,True,106.82025150487675,1.984841024253671,9.153739765944987,0.29877714413692846,0.5465116279069767,multiply_pulsed,8160.38632111556,804.7096997168989,2,5824.629027756862,,1,-9.435969756884822,-11.975439505956412,6.058978197829289,10,,0,,0,,0,,0,,0
s02_B_natural_D026.wav,2.7,119.81602768894118,116.16208083025026,19.772424053012223,96.26382014112616,152.8520279761114,8.004841342119715,58.18999810622235,187.40599737780946,70,0.10311050344162859,0.012888812930203573,0.35,116.23980114466309,0.6881605995039497,0.0,0,0,34.65346534653465,,6.142623881015901,2.2246481015079382,14.903307284237608,1.3917921229876864,7.54290399564006,4500.0,0.2104868830831144,603.9076496299533,1536.352920085907,2617.888035722864,13,,0.30019291844616963,0.22929924520019063,0.6305905836506143,0.3974358974358974,0.32051282051282054,78,True,96.26382014112616,2.2246481015079382,6.142623881015901,0.22929924520019063,0.3974358974358974,,7086.962864546577,353.40893149703317,3,,,0,-8.05155105786585,-12.244735199050075,2.8604617019136738,8,2.8110858555350227,1,,0,,0,2.8110858555350227,1,,0
s02_B_natural_D027.wav,3.01,137.97920180023002,126.84061565858862,49.044227361201564,97.6034455995561,174.17164668389415,10.026069642950173,75.21533459293255,300.54225927645155,116,0.07977096734957259,0.009971370918696574,0.35,127.22448738439923,0.2919683653516686,0.008695652173913044,0,0,39.45578231292517,anchor_unreliable;period_doubling_present,8.09995889725734,2.8259101123995083,18.436101098746065,1.50353459729972,7.686674990144688,4750.0,0.24760209715805925,554.7166465341732,1906.921574260205,2642.8840768014584,13,,0.37884193201907934,0.34527252296543687,0.7736956508399192,0.5523809523809524,0.49523809523809526,105,True,97.6034455995561,2.8259101123995083,8.09995889725734,0.34527252296543687,0.5523809523809524,multiply_pulsed,7039.212149982051,,1,,,0,-4.604104597325814,-4.937920600758543,0.852566534890741,9,,0,,0,,0,,0,,0
s02_B_natural_D028.wav,2.37,140.5161327189217,129.48791031389771,36.08394794201958,104.81094114186486,162.5185039747721,7.593775952179389,81.842615576632,233.9041449404063,95,0.07331143998424632,0.00916392999803079,0.8,129.0413895561952,0.7725086618909612,0.0,8,7,37.84860557768924,heavy_repair,8.64867633868338,2.5330234427190703,15.835117593717502,1.4555721629586222,8.307042371434882,6250.0,0.21168995063455573,692.6292407229623,2568.7730817486963,3835.237801821366,13,,0.23886792410854363,0.19095903333649483,0.4376569847847268,0.3125,0.20833333333333334,48,True,104.81094114186486,2.5330234427190703,8.64867633868338,0.19095903333649483,0.3125,,6464.106719608264,511.7364156473627,2,,,0,-9.101032374894713,-12.762481647114452,1.6363556842833304,8,,0,,0,,0,,0,,0
s02_B_natural_D029.wav,2.58,137.50397976536797,126.84811304245481,32.11489970752159,96.81047320085565,184.3122923364397,11.147007076475937,89.046784639138,241.9535038007767,135,0.06738031052232817,0.00842253881529102,0.35,127.378248312001,0.8079803910417062,0.014925373134328358,3,2,45.1505016722408,period_doubling_present,8.066529133939046,2.4757942150931918,16.008050240706247,1.3948667309333085,8.222661671906389,6500.0,0.22252147129199842,777.1155623577685,2494.446279336596,3605.9143574186146,13,ceiling_at_search_edge,0.3935916373844348,0.3114138231658845,0.8132339534146242,0.5571428571428572,0.44285714285714284,70,True,96.81047320085565,2.4757942150931918,8.066529133939046,0.3114138231658845,0.5571428571428572,multiply_pulsed,8059.9420717422145,,1,,,0,-4.166270127665161,-5.245560146259664,7.14394152506495,8,,0,,0,,0,,0,,0
s02_B_natural_D030.wav,3.28,126.97478099065307,122.39093797321685,24.58392552319107,102.62344736987556,166.63441978506634,8.391912451071734,82.00048851505751,323.8461363790624,157,0.07317029579522856,0.00914628697440357,0.8,127.31257721450078,0.6780646364025331,0.00641025641025641,6,3,44.72934472934473,period_doubling_present,6.950807022325024,3.3419165053403006,16.133789750331626,1.441356434006539,8.947666163078134,4750.0,0.23460565052288532,559.0168234468092,1668.4864859062475,2586.1801045252014,13,,0.4121697131856116,0.35111156164820856,0.6645945773453943,0.6132075471698113,0.5,106,True,102.62344736987556,3.3419165053403006,6.950807022325024,0.35111156164820856,0.6132075471698113,multiply_pulsed;irregular_f0,8103.969131590679,367.551052706366,2,3102.9840295581803,,1,-8.45736591215921,-13.667433288354312,1.7539917542775203,9,,0,,0,,0,,0,,0
s02_B_natural_D031.wav,4.04,114.69549196653865,110.05995119615451,22.703162066982575,90.2662431989309,155.20738790716058,9.383265140499995,53.36180103711453,258.1184316595288,102,0.112439982972592,0.014054997871574,0.8,114.11313832888882,0.6658679092895323,0.0,2,1,36.42857142857143,period_doubling_present,7.588248504731532,3.408600134202523,15.45095734599351,1.3949371278308742,7.7997545463997,4500.0,0.2503242375493433,530.9371685376952,1381.0513378780918,2571.90356000951,13,,0.4310650603055805,0.3976794974934425,0.7664712920878359,0.6544117647058824,0.5661764705882353,136,True,90.2662431989309,3.408600134202523,7.588248504731532,0.3976794974934425,0.6544117647058824,multiply_pulsed;irregular_f0,7245.408428341449,2214.9850246658734,2,,,0,-1.9229474916634235,-4.329631368960621,2.0571892596532795,10,40.90877183750807,1,40.90877183750807,1,,0,,0,,0
s02_B_natural_D032.wav,2.47,130.3182668107192,127.14319735950588,30.81065259635797,97.56816463653254,177.2756118323578,10.338140164899865,58.37904141092818,220.3335229186728,91,0.10277661049221748,0.012847076311527185,0.35,127.20670931417786,0.6961373844659747,0.022222222222222223,1,0,49.189189189189186,period_doubling_present,7.253116488333596,3.80241885173,17.031537025183745,1.44248970796763,8.4750749771542,5000.0,0.19178508413972475,473.87263029351305,1807.7423435725832,2641.10258264757,13,,0.39090541333141926,0.3124030220193847,0.7903972338630256,0.5764705882352941,0.4470588235294118,85,True,97.56816463653254,3.80241885173,7.253116488333596,0.3124030220193847,0.5764705882352941,multiply_pulsed;irregular_f0,8039.079137817162,116.11106071532112,2,,,0,-6.557448436628931,-8.087295239817992,3.8911524564445195,10,9.639523670730288,2,,0,,0,9.639523670730288,2,,0
s02_B_natural_D033.wav,2.88,120.30246584215973,117.74961444575347,23.181932570840306,90.64907084135108,151.94005543530065,8.941657383361017,75.52787119441477,207.61907454248998,118,0.07944087268864657,0.00993010908608082,0.35,118.51732132594721,0.6918614712194349,0.0,0,0,41.696113074204945,period_doubling_present,7.847205746106263,3.282804999716819,16.564807150891745,1.3538365211809433,7.228636122356578,6500.0,0.2073651320315775,633.1457468048808,2554.0861673178715,3890.647688455562,13,ceiling_at_search_edge,0.4546916544733538,0.41913011372776354,0.8061160144365332,0.6777777777777778,0.5777777777777777,90,True,90.64907084135108,3.282804999716819,7.847205746106263,0.41913011372776354,0.6777777777777778,multiply_pulsed;irregular_f0,6347.656951028368,147.15888971887077,2,,,0,-3.4813594574228204,-5.059998100330193,11.541879998605703,7,3.294388531215997,1,3.294388531215997,1,,0,,0,,0
s02_B_natural_D034.wav,7.52,130.13824400496307,124.77531335574812,32.82291234984544,93.48018128571906,170.94594229144218,10.449692894097398,75.8535266979538,347.4337882552408,246,0.0790998159372576,0.0098874769921572,0.8,126.96041554468769,0.37063000772410803,0.0163265306122449,0,0,32.669322709163346,anchor_unreliable,7.388116131573946,2.5411137966342086,17.33571342854995,1.5313490992102152,7.776313331786307,4500.0,0.21699947516333862,598.5148727973592,1600.192500061817,2552.8195293162694,13,,0.3135665923043601,0.2561069151882851,0.6080614220849725,0.47058823529411764,0.35294117647058826,85,True,93.48018128571906,2.5411137966342086,7.388116131573946,0.2561069151882851,0.47058823529411764,,7128.0734346704485,134.85998154133426,2,,,0,-3.4991551376265395,-5.31850445691949,4.865988588609248,9,,0,,0,,0,,0,,0
s02_B_natural_D035.wav,3.21,115.493720534545,119.26821656233986,21.368564478940556,88.80498287007558,144.80698449317578,8.465023870131457,68.29729826092037,192.13218468354563,125,0.08785120572526647,0.01098140071565831,0.35,120.28626328805687,0.33403323473913327,0.0,0,0,43.85964912280702,anchor_unreliable,8.55292880103727,2.9806382504090547,13.343760218914028,1.1992562017264885,7.515004397104019,4750.0,0.21463536556963872,574.6676041758705,1773.904289173342,2600.3164224260927,13,,0.33164941522942115,0.2690679487506258,0.6401358353354846,0.4742268041237113,0.38144329896907214,97,True,88.80498287007558,2.9806382504090547,8.55292880103727,0.2690679487506258,0.4742268041237113,,5514.179316471137,,1,,,0,-10.32382351852592,-12.371534341380876,4.293289735359779,10,3.7217896929826466,1,,0,,0,3.7217896929826466,1,,0
s02_B_natural_F001.wav,3.3,126.99112359930469,115.18215076029009,30.62764514249677,95.00145560032934,178.88060713642892,10.955705597016816,75.6739085785855,222.956285091837,116,0.0792875657237811,0.009910945715472637,0.35,114.22027790812156,0.5930845705965435,0.0,4,2,35.69230769230769,period_doubling_present,8.605866744723183,2.807940781824946,15.967387512532651,1.2503315020242698,6.97118873718694,4750.0,0.23105990725945028,548.0554462250166,1579.0950951003617,2657.4116026526717,13,,0.3441587624920931,0.29712937044465326,0.6660127795981436,0.53,0.43,100,True,95.00145560032934,2.807940781824946,8.605866744723183,0.29712937044465326,0.53,multiply_pulsed,,,0,3871.279753553719,,1,-5.076034520078792,-7.080634929274221,4.548772950467661,8,,0,,0,,0,,0,,0
s02_B_natural_F002.wav,3.19,120.16596666383218,110.1449753928815,29.035991124919367,89.89839334447393,173.2934860624163,11.36220226327557,76.49642152756302,199.73869397292748,163,0.07843504153770244,0.009804380192212804,0.35,109.97675410082368,0.8571409849826164,0.006172839506172839,1,1,51.257861635220124,period_doubling_present,9.073542076532906,2.9889119058501854,15.260646706977909,1.3951341438190468,8.638592441700045,5000.0,0.2070371786482781,487.9793515625762,1762.3681224457112,2618.030099912796,13,,0.38897565204383244,0.33782044792795923,0.7803235305281864,0.5652173913043478,0.46956521739130436,115,True,89.89839334447393,2.9889119058501854,9.073542076532906,0.33782044792795923,0.5652173913043478,multiply_pulsed,,,0,,,0,-7.337419156810798,-9.952745309669941,-3.6309496565511727,10,,0,,0,,0,,0,,0
s02_B_natural_F003.wav,3.18,128.9463471420997,124.27519130499826,24.93596094974301,103.60060988425818,171.9371742754359,8.770188065100436,62.46528700341103,297.30852249286363,141,0.09605334879310423,0.012006668599138029,0.35,124.3090030218215,0.7665423481764316,0.007142857142857143,4,2,54.86381322957198,,9.366509716187844,1.973182086275788,16.190494043462436,1.4722609792781973,9.463401692959492,5000.0,0.18621895390182622,534.3899847895711,1587.3372638666617,2631.1805192324073,13,,0.25551952505871783,0.21147303809334084,0.4512507442678368,0.23595505617977527,0.14606741573033707,89,True,103.60060988425818,1.973182086275788,9.366509716187844,0.21147303809334084,0.23595505617977527,,,,0,,,0,-9.160619959780531,-19.440431542948733,0.4385414085072175,8,3.3234077377548576,1,,0,,0,3.3234077377548576,1,,0
s02_B_natural_F004.wav,2.02,150.93981969650915,132.5798166035778,31.255873709474063,122.53032602898753,199.12322899218017,8.406272071930779,95.27982895563649,270.7520634008515,120,0.0629724052379825,0.007871550654747813,0.35,132.36957255185905,0.8865192778973721,0.0,0,0,48.19277108433735,period_doubling_present,9.035501376642248,2.646008687034968,15.369970573981002,1.3190312825362782,9.314995302467029,5750.0,0.19984510562273072,534.1843842836356,1825.2053320028053,2631.0834288330625,13,,0.3385052599314716,0.25850758396601525,0.7662728843029827,0.4722222222222222,0.4166666666666667,72,True,122.53032602898753,2.646008687034968,9.035501376642248,0.25850758396601525,0.4722222222222222,,8249.015749483953,,1,,,0,-9.802919379991895,-14.797995066734378,-0.11206575958732179,8,,0,,0,,0,,0,,0
s02_B_natural_F005.wav,3.42,136.50226372096935,127.75067189657807,51.76991572300239,105.17132999769983,174.3142448545257,8.747387939677168,81.11102424932584,324.49659448900775,154,0.07397268195697664,0.00924658524462208,0.35,136.78096246714566,0.6149594593183589,0.013071895424836602,5,3,42.5414364640884,,11.085641389034338,2.1895439199546214,13.848579999299012,1.3465951672443168,8.710419222718157,6000.0,0.25107546759250965,663.6359263814447,2500.3188082769784,3676.972352753499,13,,0.2849611499818775,0.17500858919289816,0.7086260092180479,0.3181818181818182,0.2545454545454545,110,True,105.17132999769983,2.1895439199546214,11.085641389034338,0.17500858919289816,0.3181818181818182,,7034.56165433677,,1,,,0,-7.428028765230548,-12.252012866855475,6.3362462397667185,9,,0,,0,,0,,0,,0
s02_B_natural_F006.wav,2.26,123.85703932738397,124.88633131872598,23.633584987404365,91.73312254243702,158.8080777660313,9.501235713275655,73.93770574484978,210.8759110521419,80,0.040574696898936016,0.010143674224734004,0.35,124.30912664117706,0.6901153119034356,0.0,0,0,36.529680365296805,,6.225592945214049,1.7146921954758583,11.68441026125319,1.0459976561534132,8.425036950933096,4750.0,0.15799570856253758,612.1369160931177,1660.2519997390527,2606.621251419542,13,,0.3181716163225886,0.23996106754443516,0.6446153626894631,0.4444444444444444,0.2962962962962963,54,True,91.73312254243702,1.7146921954758583,6.225592945214049,0.23996106754443516,0.4444444444444444,,7566.668406410173,1137.7526934438738,4,,,0,-4.757249376753568,-6.018192922870005,2.1323104525510317,6,28.952692249195167,1,,0,,0,,0,28.952692249195167,1
s02_B_natural_F007.wav,3.14,116.50247048295563,104.49887346332564,23.95023731830969,90.44744626716135,151.07794895310525,8.881697136297557,53.83201127831221,199.78560266149583,98,0.11145784557407526,0.013932230696759407,0.35,108.77566890714866,0.6809232702936627,0.0,0,0,44.95412844036697,,7.6672908064856955,2.5542912456206475,15.213355893528997,1.3220875189103807,8.927994582679743,5250.0,0.22449451413773078,519.7741178632455,2014.5053038839737,2625.992527875371,13,,0.3453565261582338,0.23626133724197587,0.7505609250549058,0.44642857142857145,0.36607142857142855,112,True,90.44744626716135,2.5542912456206475,7.6672908064856955,0.23626133724197587,0.44642857142857145,,7987.118725164077,,1,4231.933948081223,,1,-7.446695043122108,-10.911718732820443,-7.970183292090143,11,,0,,0,,0,,0,,0
s02_B_natural_F008.wav,2.77,160.25148986166377,136.84779765469824,64.4459820496211,94.26548985874823,274.3019545265833,18.491559517343507,60.38160889376366,342.894286113897,94,0.04968400238023214,0.012421000595058036,0.8,135.56608245769306,0.3518380432801951,0.03225806451612903,0,0,42.72727272727273,anchor_unreliable;period_doubling_present,5.326391672727872,2.9765918740283173,15.234642553830252,1.4008370807499213,8.108179688946509,5000.0,0.1834780442779238,613.4372587262994,1868.649599831842,2630.5369885499404,13,,0.369990663090878,0.3198822382180987,0.680908061472197,0.5339805825242718,0.46601941747572817,103,True,94.26548985874823,2.9765918740283173,5.326391672727872,0.3198822382180987,0.5339805825242718,multiply_pulsed,7497.822018086363,975.5421163030794,4,,,0,-2.6427918057568047,-7.031537145795086,5.563710576576901,9,2.7563278046685014,2,,0,,0,2.7563278046685014,2,,0
s02_B_natural_F009.wav,2.4,139.35575038147232,132.73169818916165,33.7169211914285,101.5513470162228,193.1235342348755,11.12777528515702,63.291015983123515,222.95577333534686,102,0.04740009231009891,0.011850023077524727,0.35,133.79140114959404,0.6706130933600447,0.019801980198019802,2,1,51.256281407035175,,8.607085162805934,2.481195433127051,13.237572606532295,1.1079614474932256,9.48969878130173,4750.0,0.217810922402628,494.33355525110665,1666.7592435231722,2587.280051512869,13,,0.2955505351569634,0.19324730462873613,0.617560113923185,0.42718446601941745,0.3592233009708738,103,True,101.5513470162228,2.481195433127051,8.607085162805934,0.19324730462873613,0.42718446601941745,,,,0,,,0,-7.794299356856749,-11.109600220831647,1.3976903700173953,10,40.216069599120274,1,40.216069599120274,1,,0,,0,,0
s02_B_natural_F010.wav,3.3,130.94532795283618,120.97364091236138,30.79563712617173,98.03153336684109,177.25948024453962,10.254539926709054,75.55625384016051,237.87924186679865,95,0.07941103078896711,0.009926378848620888,0.8,128.29368895422647,0.0,0.010638297872340425,0,0,29.23076923076923,anchor_unreliable;period_doubling_present,7.098320038483207,2.7127363274381575,14.644897660526071,1.4515314319033237,7.363737761509236,5000.0,0.22511595614995614,576.6216852010502,1576.0571814537961,2610.9470658269056,13,,0.3875017059233674,0.364250193851438,0.7077983816825328,0.6185567010309279,0.5154639175257731,97,True,98.03153336684109,2.7127363274381575,7.098320038483207,0.364250193851438,0.6185567010309279,multiply_pulsed,6480.583101892001,,1,,,0,-6.257697701758859,-7.398789297491128,-0.8944498849986773,11,74.52125999211611,2,36.099299698497234,1,,0,112.94322028573501,1,,0
s02_B_natural_F011.wav,1.73,115.41950558385412,113.40734612995503,19.747724916070634,91.31677480707492,149.7595317868301,8.56435221767308,55.82639122900159,181.9185579347743,85,0.1074760497304548,0.01343450621630685,0.35,114.90918121340678,0.959482934553739,0.0,2,1,70.24793388429752,period_doubling_present,8.066513707695112,2.023213760733082,13.673710650710543,1.4002263742313632,11.44113436979478,4500.0,0.17105878986452636,499.50617210835674,1370.904579278721,2272.4531651517764,13,,0.32825939070701193,0.3102353979639771,0.6274886618709454,0.5431034482758621,0.45689655172413796,116,True,91.31677480707492,2.023213760733082,8.066513707695112,0.3102353979639771,0.5431034482758621,multiply_pulsed,,,0,,,0,-4.496417001447324,-4.896151785476833,-0.011019915242819422,8,,0,,0,,0,,0,,0
s02_B_natural_F012.wav,3.1,131.8601899331511,116.15576945314324,45.83272000066204,90.71878411048309,172.57084636593618,11.132586611338052,70.08107910852655,288.4699186566208,116,0.08561512003416052,0.010701890004270066,0.35,116.32044070066969,0.2737419089532084,0.034782608695652174,0,0,41.13475177304964,anchor_unreliable,7.412271119246716,3.2030702076867543,17.278046283213623,1.5177239512319711,7.65827842887458,6500.0,0.25731381863181485,648.7958477553818,2491.7286745698175,3573.76506430909,13,ceiling_at_search_edge,0.3303796383273699,0.2693120769605484,0.6212165350068358,0.4578313253012048,0.3132530120481928,83,True,90.71878411048309,3.2030702076867543,7.412271119246716,0.2693120769605484,0.4578313253012048,irregular_f0,8613.492666330698,182.44911600636138,2,,,0,-8.525476940738459,-9.6444047233859,-4.776218533044234,5,,0,,0,,0,,0,,0
s02_B_natural_F013.wav,2.34,119.09427903364015,112.37701631445188,28.031714349048755,89.02435580278102,164.3083586829599,10.609606544526823,51.90716828359032,195.59023532819208,84,0.057795485656427247,0.014448871414106812,0.8,127.60365668028831,0.637990810199587,0.0,3,2,53.164556962025316,octave_uncertain;period_doubling_present,6.518904485240611,2.5484600229021437,16.51201407858736,1.484779505098519,8.554610854170637,5000.0,0.1878743614811362,473.4936970522301,1907.0688427152704,2601.0089141145127,13,,0.35708963920159764,0.33614686438904673,0.6444373176669088,0.5638297872340425,0.48936170212765956,94,True,89.02435580278102,2.5484600229021437,6.518904485240611,0.33614686438904673,0.5638297872340425,multiply_pulsed,7875.909644359428,,1,,,0,-7.070631327091092,-8.336068332427148,4.04136183105235,7,,0,,0,,0,,0,,0
s02_B_natural_F014.wav,3.0,117.80923977974594,115.21753229372996,25.044665961651813,89.25980190928838,153.63235591025386,9.400794941213864,68.90706823268007,199.07972058100714,116,0.08707379596734058,0.010884224495917572,0.35,122.07077008764918,0.3626801085783815,0.0,0,0,43.28358208955224,anchor_unreliable;period_doubling_present,7.567281735872736,2.4848053654188145,13.474212898369325,1.1810797630838905,8.126724037501129,5250.0,0.24193415191475146,495.6315811357891,1677.3936991961189,2593.6920955303103,13,,0.3753978676117101,0.3057141017903623,0.7814807677513417,0.5514705882352942,0.40441176470588236,136,True,89.25980190928838,2.4848053654188145,7.567281735872736,0.3057141017903623,0.5514705882352942,multiply_pulsed,,,0,,,0,-7.321930223934803,-10.044148355800226,0.24306762094234655,10,,0,,0,,0,,0,,0
s02_B_natural_F015.wav,2.6,120.52394694988998,112.40239673844331,24.14393477956636,94.8462560346854,158.13753714131474,8.850205563774722,72.72021236790074,304.5568119400142,105,0.08250800987276058,0.010313501234095072,0.35,113.25964025219267,0.47299706435715383,0.0,0,0,42.857142857142854,anchor_unreliable;period_doubling_present,7.995241834701833,2.9784457260006025,14.61918025624214,1.3433944666701385,8.364434502803546,5500.0,0.22977258316826724,528.0339531802425,1759.0134534478516,2621.5003141197885,13,,0.37432821005669703,0.31958348106428314,0.7352244667516948,0.5504587155963303,0.44954128440366975,109,True,94.8462560346854,2.9784457260006025,7.995241834701833,0.31958348106428314,0.5504587155963303,multiply_pulsed,7017.795160490695,788.0340981568083,2,,,0,-6.94738634310109,-8.166780122018725,5.741348916663412,12,,0,,0,,0,,0,,0
s02_B_natural_F016.wav,2.47,128.9436330305373,120.4326725477933,22.85572204880641,108.57179484163963,163.44454088449953,7.081821933778468,78.93761700919636,291.63059287458697,122,0.07600938851879695,0.009501173564849618,0.8,122.54084546566368,0.7323836695003538,0.008264462809917356,0,0,48.41269841269841,,9.521098227013121,2.238305953108016,16.535043224797885,1.4428996082579504,9.881418763622893,6500.0,0.21207750545211715,681.4158056438723,2338.872628150247,3706.40137213538,13,ceiling_at_search_edge,0.3092605789212518,0.2192712247337519,0.6521344045795103,0.4044943820224719,0.34831460674157305,89,True,108.57179484163963,2.238305953108016,9.521098227013121,0.2192712247337519,0.4044943820224719,,8007.653487219029,,1,,,0,-7.4735709473001535,-8.22699484768853,3.5097528467881656,8,1.4785532308656535,1,,0,,0,1.4785532308656535,1,,0
s02_B_natural_F017.wav,2.645,150.44294464193712,131.10777615850077,53.16638446422474,103.08913183289367,254.98467968167668,15.678219877938815,76.85038555735528,303.72677393226894,134,0.07807377876487108,0.009759222345608885,0.8,132.10674829974374,0.2904547938410099,0.022556390977443608,0,0,50.75757575757576,anchor_unreliable,6.884001009053231,3.1674083230087073,16.85529174044375,1.5959513433968742,8.451096913936954,4750.0,0.20127987429596458,538.7747674162706,1533.8785933684971,2646.450399161085,13,,0.28672094871319426,0.19228448882315746,0.6462053682592352,0.3125,0.2708333333333333,48,True,103.08913183289367,3.1674083230087073,6.884001009053231,0.19228448882315746,0.3125,irregular_f0,,,0,5307.870684646721,,1,-3.298685798644913,-10.248696346419548,11.47190254166351,6,,0,,0,,0,,0,,0
s02_B_natural_F018.wav,3.35,133.24835531701686,132.9005533026489,30.573546673740154,93.74718699469739,172.07987994305844,10.51477340400629,56.58288657543338,238.94101864291616,92,0.10603912884509896,0.01325489110563737,0.35,132.8876035300491,0.449914719968624,0.0,0,0,37.55102040816327,anchor_unreliable,7.3131837626417315,2.9394218163913264,13.944900052253061,1.324234247332403,7.843724656307132,4750.0,0.20811627816339617,547.3027177360111,1591.224870771988,2607.6630944836124,13,,0.2628143321551932,0.20635918304692158,0.5358597242042584,0.37362637362637363,0.24175824175824176,91,True,93.74718699469739,2.9394218163913264,7.3131837626417315,0.20635918304692158,0.37362637362637363,,7550.584494451268,564.3366536887886,3,,,0,-4.409710423280979,-5.660620801309978,2.771043109611055,9,,0,,0,,0,,0,,0
s02_B_natural_F019.wav,2.5,137.02152876816015,129.33818811950064,35.712406498823086,96.78552528585469,185.79017317380027,11.28973187347457,61.40350000073711,241.8923816110924,104,0.048857149836149194,0.012214287459037299,0.8,128.85643128566025,0.6425922144950051,0.009708737864077669,8,4,51.74129353233831,,7.143324283252983,2.0085118984351564,11.99904545025879,1.1408158623583382,8.813472919754647,5000.0,0.19651367685636478,586.6284830974737,1786.3942793096244,2627.871034427304,13,,0.28230177768523657,0.16887474501263067,0.7029388822606615,0.3645833333333333,0.3125,96,True,96.78552528585469,2.0085118984351564,7.143324283252983,0.16887474501263067,0.3645833333333333,,7408.974244182709,837.5275926227648,2,,,0,-9.048504456188674,-14.412959066709968,-0.8274060111993418,9,0.9445029494403734,1,,0,,0,0.9445029494403734,1,,0
s02_B_natural_F020.wav,3.0,115.08526993105313,105.65811394374909,20.942431063444843,94.55896499640795,150.42415298485807,8.037001003569912,52.647218780218495,189.3980022571033,65,0.11396613418550462,0.014245766773188078,0.35,111.4670674247289,0.6056822284192884,0.03125,1,0,32.01970443349754,period_doubling_present,6.794071243468705,2.8756423306734105,12.33890448343851,1.1272621539614136,7.34453488769555,6000.0,0.17686497148575867,626.8327796824738,2239.646700798819,2806.6236086054696,13,,0.4062146017599278,0.37881750373432915,0.7604077515467359,0.6296296296296297,0.5432098765432098,81,True,94.55896499640795,2.8756423306734105,6.794071243468705,0.37881750373432915,0.6296296296296297,multiply_pulsed,8107.477285263566,,1,,,0,-7.611942477185062,-8.87225732553676,-5.244042080677797,7,,0,,0,,0,,0,,0
s02_B_natural_F021.wav,3.18,118.6735010497239,114.37416938599334,25.501129494526698,91.092448420401,149.85794621858037,8.618306644355782,52.61827902833862,264.1030650214534,86,0.11402881490610099,0.014253601863262624,0.35,115.76577529681444,0.39264137876200367,0.0,0,0,39.81481481481482,anchor_unreliable;period_doubling_present,6.108294028666746,2.5942300434086305,15.933362548467583,1.3902832141890373,8.280862667913377,4750.0,0.2154032757609364,558.4088388309628,1572.3152965744177,2572.2733802452694,13,,0.42040533288733345,0.3453672463853306,0.7782563078433467,0.6576576576576577,0.4954954954954955,111,True,91.092448420401,2.5942300434086305,6.108294028666746,0.3453672463853306,0.6576576576576577,multiply_pulsed,7219.2126722053345,,1,,,0,-6.651533650769241,-9.375469608189244,0.908293496293889,9,46.47512844030555,1,46.47512844030555,1,,0,,0,,0
s02_B_natural_F022.wav,2.94,116.36717815083081,105.27662544753203,24.50167674192681,95.16056741663273,160.7868625388857,9.080565039711644,54.225553537979664,181.31821768739223,97,0.11064893963318587,0.013831117454148233,0.35,105.22201199272385,0.6151726310461156,0.0,0,0,47.31707317073171,,7.146730286564722,2.7869348816090596,14.331177422579161,1.3022859134096663,8.393005923434737,5000.0,0.24333541410441892,561.2426164511642,1744.2256318908708,2601.6390723123895,13,,0.34133909148095304,0.2839649521933145,0.7191734692103005,0.5045045045045045,0.34234234234234234,111,True,95.16056741663273,2.7869348816090596,7.146730286564722,0.2839649521933145,0.5045045045045045,multiply_pulsed,7931.741683723493,,1,4615.302427003435,,1,-14.379452492307584,-15.08349647212334,-6.859045100198665,12,5.415004158587422,1,,0,,0,5.415004158587422,1,,0
s02_B_natural_F023.wav,3.1,132.57384773345265,119.8495897640441,45.254641183225594,90.86174119801026,194.1778085200743,13.14760170457066,52.50789231990703,317.7101562970837,99,0.11426853630773622,0.014283567038467027,0.35,130.36530040007545,0.44219208826614687,0.04081632653061224,0,0,47.142857142857146,anchor_unreliable,7.294775030083418,2.7158133362924883,15.204170817686723,1.3538442240855644,8.26250472554462,4750.0,0.1886154913933166,586.4411843336482,1677.6422401803677,2599.2941780533747,13,,0.3333191306678885,0.2824608541017532,0.6208041296207233,0.5,0.37962962962962965,108,True,90.86174119801026,2.7158133362924883,7.294775030083418,0.2824608541017532,0.5,multiply_pulsed,,,0,,,0,-1.550450190527878,-1.267923200110345,2.899373417637449,12,16.802171074589587,2,,0,,0,16.802171074589587,2,,0
s02_B_natural_F024.wav,2.81,136.67925772973274,126.04666620506178,34.020431364094556,102.09431324661814,198.75968034883076,11.533471414715734,84.74446524442001,250.3318876864388,144,0.0708010839727975,0.008850135496599687,0.35,125.70528466852252,0.8450197708361202,0.006993006993006993,6,3,46.45161290322581,period_doubling_present,6.63725167000981,3.511424638631194,16.887032834517445,1.512756420204509,7.779787350133804,5250.0,0.26130390107568496,584.3740021077215,1550.0318959169356,2649.810667021527,13,,0.4032420583558752,0.3472492027620666,0.7952285760947362,0.6666666666666666,0.5,96,True,102.09431324661814,3.511424638631194,6.63725167000981,0.3472492027620666,0.6666666666666666,multiply_pulsed;irregular_f0,6830.704966552352,460.33113245639134,2,3865.234121732323,,1,-3.593126956573902,-6.661541531333688,6.144868914421308,10,44.64541740714467,1,44.64541740714467,1,,0,,0,,0
s02_B_natural_F025.wav,2.42,124.73863078460006,117.43413488224647,33.12113219876458,89.33918530609017,171.77945709308722,11.318310154076613,70.44674393878766,210.25025422299518,111,0.04258536068901565,0.010646340172253913,0.8,116.64151023195843,0.709284947398796,0.0,4,2,49.55357142857143,period_doubling_present,7.655858870000615,3.2545629752193985,15.404121856813093,1.3856349872575293,8.415861386878804,4750.0,0.21754962259134955,554.3442945382872,1666.3758990116046,2635.2794176093225,13,,0.3842144723429538,0.32240025977121317,0.7853856875152972,0.6161616161616161,0.4444444444444444,99,True,89.33918530609017,3.2545629752193985,7.655858870000615,0.32240025977121317,0.6161616161616161,multiply_pulsed;irregular_f0,7274.628388825988,535.1448095967392,2,,,0,-5.250400186888046,-8.817764190731506,3.4453373971072776,9,,0,,0,,0,,0,,0
s02_C_creak_C001.wav,2.0,333.09965843652765,278.95288701107455,151.64829542629113,154.3227911812111,579.4870843915368,22.90590437467901,116.10626425395192,750.0,67,0.02583839915336772,0.00645959978834193,0.8,251.70714531172433,0.0,0.045454545454545456,10,0,21.895424836601308,anchor_unreliable;heavy_repair;period_doubling_present,2.1131596536514228,7.874904556980486,25.305855808206484,2.102647532612691,9.0267425408691,4250.0,0.2007481923342492,465.8793381359832,1392.5926587845397,2507.378790104277,13,,0.6173663653604374,0.5499431282215461,0.8495288219829659,1.0,1.0,25,True,154.3227911812111,7.874904556980486,2.1131596536514228,0.5499431282215461,1.0,multiply_pulsed;irregular_f0,5591.16118721523,3669.245608436156,2,,,0,16.019948198715948,33.79316398669875,15.390865184838034,8,,0,,0,,0,,0,,0
s02_C_creak_C002.wav,2.42,363.30123945492846,321.2398694702671,153.0703009542144,149.581417728123,583.1164974607975,23.55423812811421,107.85592248642598,712.4187493431841,103,0.05562976850673285,0.006953721063341607,0.35,119.67949923074411,0.0,0.049019607843137254,0,0,30.205278592375368,anchor_unreliable;period_doubling_present,4.311898913067327,7.1022786508520745,21.979323019144008,1.918259621837267,8.519249243923527,4500.0,0.17358077145709758,501.5572212234297,1488.7902069846373,2560.6492459539195,13,,0.562500654964277,0.5808200491445338,0.7683979998178199,0.9508196721311475,0.9016393442622951,61,True,149.581417728123,7.1022786508520745,4.311898913067327,0.5808200491445338,0.9508196721311475,multiply_pulsed;irregular_f0,7646.747927462486,1290.5053718756462,2,,,0,20.057365444713867,41.23325457259396,21.12594566621097,8,,0,,0,,0,,0,,0
s02_C_creak_C003.wav,2.66,305.4909564828287,305.47223925466164,221.58729038564334,81.11003608948947,592.81112441663,34.43544215339915,66.76833888081168,750.0,102,0.08986295152123844,0.011232868940154805,0.8,260.68578053596946,0.0,0.039603960396039604,0,0,44.54148471615721,anchor_unreliable;period_doubling_present,4.1333303450049215,5.162895996165561,23.685646303699045,1.8719179339130085,7.16643957647737,6500.0,0.18151749652160265,688.6957036003168,2489.710520046685,3764.0941441280656,13,ceiling_at_search_edge,0.5118730972085674,0.4879241215195891,0.7369722514742889,0.8924731182795699,0.8064516129032258,93,True,81.11003608948947,5.162895996165561,4.1333303450049215,0.4879241215195891,0.8924731182795699,multiply_pulsed;irregular_f0,8453.860302363291,,1,,,0,22.018912757055737,40.35990384778442,33.12835845888051,9,,0,,0,,0,,0,,0
s02_C_creak_C004.wav,2.14,66.23925672058596,67.64024356255328,17.853688715569923,44.31331369165605,92.42900152340854,12.727264614850817,42.1966198387331,139.06938353239968,24,0.1421914841267092,0.01777393551583865,0.8,94.86013084086882,0.0,0.08695652173913043,0,0,21.238938053097346,anchor_unreliable;jumpy;period_doubling_present,2.757391442672686,4.56727358071654,27.45273049556216,2.1882662093964087,5.117435863146042,5250.0,0.17416050130215807,502.6355177105031,1351.6510632735117,2665.7026474526524,13,,0.5657265550771469,0.5781214286358101,0.7480291494191075,0.98,0.86,50,True,44.31331369165605,4.56727358071654,2.757391442672686,0.5781214286358101,0.98,multiply_pulsed;irregular_f0,,,0,,,0,-3.7515447236082267,-4.556737807455043,-2.3828268968219763,5,,0,,0,,0,,0,,0
s02_C_creak_C005.wav,3.0,423.4608845670578,322.33435866158914,159.34401661658725,254.63083248135877,637.3931953689623,15.885317951664266,157.98285822314944,750.0,200,0.037978803950521334,0.004747350493815167,0.35,316.9502300942511,0.0,0.01507537688442211,0,0,32.05128205128205,anchor_unreliable;period_doubling_present,4.89197997074818,7.481736790008803,19.78667952087204,1.7071295161798212,6.230061074634223,5000.0,0.20722961954668442,577.6075022910757,1799.6731995740201,2584.632555062619,13,,0.5150907036445406,0.5494833466629558,0.720376606231395,0.8043478260869565,0.7717391304347826,92,True,254.63083248135877,7.481736790008803,4.89197997074818,0.5494833466629558,0.8043478260869565,multiply_pulsed;irregular_f0,,,0,,,0,22.46831580361829,53.7427138827893,15.139471747627505,10,,0,,0,,0,,0,,0
s02_C_creak_C006.wav,2.65,347.84005508326425,303.6016470880277,205.9320086600706,82.59394673478413,591.3678298516743,34.07937368784192,63.09187920761525,750.0,62,0.04754970112917317,0.011887425282293293,0.8,80.48665448087054,0.4,0.09836065573770492,9,0,28.310502283105023,anchor_unreliable;jumpy;heavy_repair;period_doubling_present,4.603130079977383,5.7833401398028315,22.81841364878407,1.7680823225606876,7.184351019505571,6500.0,0.20185095496813657,627.9349761671025,2543.193414381375,3857.97003640371,13,ceiling_at_search_edge,0.4466980737392507,0.40230701500992955,0.7131147862391355,0.7466666666666667,0.6,75,True,82.59394673478413,5.7833401398028315,4.603130079977383,0.40230701500992955,0.7466666666666667,multiply_pulsed;irregular_f0,,,0,,,0,11.040346386762748,20.029110767373115,21.91377855530321,8,2.953642896542874,1,,0,,0,2.953642896542874,1,,0
s02_C_creak_C007.wav,2.75,309.7862321418279,214.8614212819474,206.24989637418795,81.90367536359126,535.7050846582885,32.51326669502207,45.25587836037981,750.0,39,0.06628973094081876,0.01657243273520469,0.8,85.03613236652967,0.3887675227186217,0.10526315789473684,0,0,24.074074074074073,anchor_unreliable;jumpy;period_doubling_present,2.106126969171364,5.220972018026703,21.4781380391212,1.8090565136585894,8.011458326756008,4500.0,0.20040247082771426,529.4172728037404,1622.1173551764502,2580.6675887732686,13,,0.4424026032767054,0.40788140756331276,0.7307726238590628,0.8181818181818182,0.6136363636363636,44,True,81.90367536359126,5.220972018026703,2.106126969171364,0.40788140756331276,0.8181818181818182,multiply_pulsed;irregular_f0,7064.463392723918,163.74824815420777,2,,,0,-6.444417638062761,-16.436241104358388,-6.287898797241299,3,,0,,0,,0,,0,,0
s02_C_creak_C008.wav,2.62,415.0456677710276,491.75725054877864,229.33353109667598,83.13091963124792,640.2085297302962,35.341017865010194,62.3702060529899,750.0,90,0.04809988919150262,0.012024972297875655,0.8,86.53768315206172,0.4,0.11235955056179775,0,0,42.05607476635514,anchor_unreliable;jumpy;period_doubling_present,4.000345374365564,6.018938554535015,21.14258968882041,1.8127989530761515,7.993919822659067,3750.0,0.2111863286500876,476.89762894717313,1252.7286951385554,2075.2472853237496,13,,0.41816338822933385,0.4025826149203226,0.6349108131602056,0.8571428571428571,0.6233766233766234,77,True,83.13091963124792,6.018938554535015,4.000345374365564,0.4025826149203226,0.8571428571428571,multiply_pulsed;irregular_f0,5877.251767977337,,1,3050.4158506002896,,1,4.409318373922541,19.573461064216,13.028616794448551,7,,0,,0,,0,,0,,0
s02_C_creak_C009.wav,2.06,441.9626468817281,463.00005256132397,184.20876403544807,193.36664273191465,656.7296705059846,21.167528357517707,129.5651731118813,750.0,149,0.023154370329204584,0.005788592582301146,0.8,86.56308877384282,0.4,0.05405405405405406,4,0,42.32954545454545,anchor_unreliable;jumpy;period_doubling_present,4.784043511703045,7.537422714742162,26.007105460475334,1.9685883972854377,5.501200934242384,4250.0,0.2262904658604276,492.4477776115183,1377.7674737582038,2558.379804577829,13,,0.48915810297814444,0.456735546438723,0.7205381589339734,0.9661016949152542,0.864406779661017,59,True,193.36664273191465,7.537422714742162,4.784043511703045,0.456735546438723,0.9661016949152542,multiply_pulsed;irregular_f0,8517.319667861479,,1,,,0,14.541564665049263,32.49405860654278,19.81119181937384,4,,0,,0,,0,,0,,0
s02_C_creak_C010.wav,2.65,344.82019825487936,437.67187712879974,246.59503314228266,52.69557399871004,647.569805726553,43.43138425461565,49.988027247281806,750.0,41,0.06001437074440922,0.015003592686102305,0.35,80.79054072361313,0.4,0.075,0,0,23.69942196531792,anchor_unreliable;jumpy;period_doubling_present,1.584976314802296,6.5314438811209925,24.500695352655306,2.0319735452552927,7.815428076615369,4500.0,0.2092512940013986,506.7072917000104,1465.340111631979,2597.2619669213054,13,,0.5547670164450231,0.5483140164625965,0.7163441407764852,1.0,0.9777777777777777,45,True,52.69557399871004,6.5314438811209925,1.584976314802296,0.5483140164625965,1.0,multiply_pulsed;irregular_f0,7247.18121663264,,1,,,0,11.667882159246815,27.125946781552102,4.588433474448898,7,,0,,0,,0,,0,,0
s02_C_creak_C011.wav,1.97,224.88851614932855,83.05266407554566,228.61467537493377,67.55413919965271,599.9926069582871,37.809943793308754,40.0,745.8402765606489,20,0.075,0.01875,0.8,80.57771121504466,0.9294736246193656,0.10526315789473684,0,0,19.607843137254903,jumpy;period_doubling_present,2.8318680458794145,4.7206817827820355,23.412121715222906,1.711505962185536,7.6001534073241075,4500.0,0.21885106540650023,443.09126111476985,1492.9201840829342,2515.6949074790464,13,,0.5057067500089236,0.4255219553780249,0.7312643895843923,0.9574468085106383,0.851063829787234,47,True,67.55413919965271,4.7206817827820355,2.8318680458794145,0.4255219553780249,0.9574468085106383,multiply_pulsed;irregular_f0,7888.861025191123,,1,,,0,-19.366983028416158,-20.07159021280132,-17.807617127123592,6,3.4294371448708727,1,,0,,0,3.4294371448708727,1,,0
s02_C_creak_C012.wav,2.48,286.0187644010287,287.9800447015749,16.85920713465472,264.3951775951485,303.9181534611741,2.411843861170244,222.99043333041004,750.0,26,0.02690698390235272,0.00336337298779409,0.8,81.02692588733643,0.4,0.0,0,0,3.5616438356164384,anchor_unreliable;low_voicing;period_doubling_present,5.159927177592839,8.378338358034565,20.022837868237474,1.9683474077368173,7.3096532976598185,4500.0,0.20140614576875074,556.5614109270573,1499.3146684934682,2500.2993425973245,13,,0.5221724531076972,0.5083780871702354,0.6356919179833566,1.0,0.9473684210526315,19,True,264.3951775951485,8.378338358034565,5.159927177592839,0.5083780871702354,1.0,multiply_pulsed;irregular_f0,6989.87980156689,,1,,,0,6.865556036775464,7.569435669847955,24.332478762665126,6,,0,,0,,0,,0,,0
s02_C_creak_C013.wav,2.82,395.50364826082733,459.7733770917063,182.13292359272398,73.7109671636392,586.4709723127428,35.905302117315635,57.437664648536725,750.0,55,0.10446107161066227,0.013057633951332784,0.8,75.34465528705292,0.4,0.09259259259259259,13,0,26.442307692307693,anchor_unreliable;jumpy;heavy_repair;period_doubling_present,3.5030819229798946,6.2484217612274096,21.726073033741486,1.797132371801018,7.519551710355622,4500.0,0.2675097588375875,574.6990900556802,1557.802248627431,2574.0710034273284,13,,0.4516415256196401,0.43732767763284486,0.6227199400040425,0.85,0.65,40,True,73.7109671636392,6.2484217612274096,3.5030819229798946,0.43732767763284486,0.85,multiply_pulsed;irregular_f0,6448.308009517102,,1,3497.3353696615873,,1,7.911822371260644,15.886926998381773,11.517615504408857,6,,0,,0,,0,,0,,0
s02_C_creak_C014.wav,4.92,89.40302924310495,89.39632553399578,4.811913884528803,83.07126463841996,96.27895112343845,2.5544508895176894,43.39760777486218,136.86372465142728,29,0.1382564686774156,0.01728205858467695,0.8,91.20579224605585,0.438390342266168,0.0,0,0,10.469314079422382,anchor_unreliable;low_voicing;period_doubling_present,4.093991370194723,4.1112725216616415,14.495793841735466,1.319262378757751,4.627849558563044,6500.0,0.18954865733004855,745.861417695103,2527.919505021194,3915.042395788119,13,ceiling_at_search_edge,0.4129679188653696,0.3957994147729573,0.6550928980606773,0.6491228070175439,0.5789473684210527,57,True,83.07126463841996,4.1112725216616415,4.093991370194723,0.3957994147729573,0.6491228070175439,multiply_pulsed;irregular_f0,7414.718034619937,605.9019605615076,2,,,0,-8.966191450272378,-10.00207574651819,-2.5746302734967035,7,23.92412861085491,2,28.96325308769132,1,,0,,0,18.8850041340185,1
s02_C_creak_C015.wav,1.76,53.67801282779277,49.79633658914263,16.049109086544245,40.98752110229134,84.20628959830903,12.464919081279763,40.0,116.43865287221146,24,0.15,0.01875,0.35,84.05412829326919,0.4,0.043478260869565216,0,0,27.906976744186046,anchor_unreliable;period_doubling_present,1.8829056782581275,1.948559175037988,14.868820923217916,1.0609443975392003,3.494694083436306,4250.0,0.14467369554868256,582.3837396802019,1436.328061358337,2538.7273538599775,13,,0.690991617731368,0.6581422412151081,1.0033140098359468,0.9761904761904762,0.9285714285714286,42,True,40.98752110229134,1.948559175037988,1.8829056782581275,0.6581422412151081,0.9761904761904762,multiply_pulsed,7074.417225231704,125.43320560624002,3,,,0,-2.4615858050358703,-2.6213264261408753,-2.1702189985188554,4,,0,,0,,0,,0,,0
s02_C_creak_C016.wav,2.15,56.84925586790563,53.54658002102743,10.236553066074912,49.72865835662389,72.6553997680014,6.563910174196351,40.0,119.83537866244899,15,0.15,0.01875,0.8,62.35729965264172,0.3393495072728612,0.07142857142857142,0,0,14.018691588785046,anchor_unreliable;jumpy;low_voicing;period_doubling_present,2.5064089936020415,3.4070984180798876,19.348509839323143,1.2369640866886598,4.292647031916891,4500.0,0.21383335598547956,456.9153011862078,1514.4747294819035,2517.998172324651,13,,0.5775942562272657,0.5635493908421005,0.7758112021468697,1.0,0.9782608695652174,46,True,49.72865835662389,3.4070984180798876,2.5064089936020415,0.5635493908421005,1.0,multiply_pulsed;irregular_f0,7267.682044476133,707.8264551712814,3,,,0,-8.102160481030122,-8.792057891003004,-8.686004161640266,5,18.876253284659803,1,18.876253284659803,1,,0,,0,,0
s02_C_creak_C017.wav,2.22,313.47470207341513,154.33783720527487,243.92404189029745,65.97522537634475,635.180049710107,39.206031848863844,41.37172296031481,750.0,27,0.14502659233591522,0.018128324041989403,0.8,82.19337690653865,0.0,0.15384615384615385,3,0,23.47826086956522,anchor_unreliable;jumpy;heavy_repair;period_doubling_present,2.1305144785166052,6.197263572895849,22.86149280930975,1.715370371891738,8.320578224577346,3750.0,0.1881741077664848,482.0336050124406,1307.1620740469348,2288.2392119378715,13,,0.4707619116598954,0.43393390588482744,0.7574780757004681,0.8360655737704918,0.6721311475409836,61,True,65.97522537634475,6.197263572895849,2.1305144785166052,0.43393390588482744,0.8360655737704918,multiply_pulsed;irregular_f0,7715.420778435909,382.49927358686676,3,,,0,-6.628966302554389,-6.863343132308584,-2.4714431531151355,7,,0,,0,,0,,0,,0
s02_C_creak_C018.wav,2.9,361.7545066444126,445.12993810813134,229.7766863239087,52.120148792754925,646.9973093115933,43.6061592577633,40.0,750.0,62,0.15,0.01875,0.35,85.13457604931398,0.6351505744427319,0.13114754098360656,5,1,42.17687074829932,octave_disagreement;jumpy;heavy_repair;period_doubling_present,2.898518531056478,6.0511971487591145,22.46138896517608,1.8922005097691608,8.11068541649332,5250.0,0.20654899228466994,605.9052573716544,1573.9243869346992,2656.310309620074,13,,0.488777460702055,0.47612098942479214,0.6774643113136554,0.9139784946236559,0.8172043010752689,93,True,52.120148792754925,6.0511971487591145,2.898518531056478,0.47612098942479214,0.9139784946236559,multiply_pulsed;irregular_f0,7395.253943529986,613.5843400681903,2,,,0,5.339374591120447,7.04653818871846,8.94574515199461,7,,0,,0,,0,,0,,0
s02_C_creak_C019.wav,2.72,86.621551542343,81.7709794899443,19.861343494228464,63.59226778126708,111.19027772686019,9.6732886052873,40.0,124.98034173096381,22,0.15,0.01875,0.35,99.00076485134308,0.0,0.047619047619047616,0,0,15.942028985507246,anchor_unreliable;period_doubling_present,2.2897769396032137,3.274428176537124,23.791862314314727,1.4957492433993385,4.744605443625667,4250.0,0.2081002468329214,511.3106527301746,1439.7281354310799,2543.4445300823613,13,,0.5718342160359502,0.5617381351536623,0.8234112639670566,0.9423076923076923,0.8461538461538461,52,True,63.59226778126708,3.274428176537124,2.2897769396032137,0.5617381351536623,0.9423076923076923,multiply_pulsed;irregular_f0,8102.413387883396,470.91770491104836,2,,,0,-13.92285606413158,-17.734982811356417,-0.4439978839997849,6,,0,,0,,0,,0,,0
s02_C_creak_C020.wav,2.65,102.02920702840031,93.68779985821087,27.03646225122798,77.80929542779465,152.82845761856572,11.686785434260235,58.805022008739066,212.42769184679565,60,0.1020321019369457,0.012754012742118213,0.8,93.5165475825826,0.5306328326505969,0.03389830508474576,3,1,30.0,period_doubling_present,4.87495117342824,3.79356697478226,15.81505169707103,1.361567937444653,5.499530356583655,4250.0,0.182773060386108,491.378133453001,1675.2588216872964,2563.3313239418803,13,,0.5085539759267594,0.4751738470111276,0.8261496140947259,0.7702702702702703,0.7162162162162162,74,True,77.80929542779465,3.79356697478226,4.87495117342824,0.4751738470111276,0.7702702702702703,multiply_pulsed;irregular_f0,8565.919856271357,,1,,,0,-8.232006073243896,-11.725986860409815,2.0952839228226203,7,,0,,0,,0,,0,,0
s02_C_creak_C021.wav,2.36,525.1101485328066,514.8558767086464,90.90889837010346,421.9069602997783,641.0356111652773,7.241755394715071,236.66101685444966,750.0,101,0.012676358953722608,0.003169089738430652,0.8,82.18785288962965,0.4,0.0,0,0,13.630229419703104,anchor_unreliable;low_voicing;period_doubling_present,4.177053298039164,7.605038415352312,24.906988414724207,1.9672460448556564,3.097479683203007,4500.0,0.19464751857392515,594.8662331540802,1402.289299051086,2525.6488286555327,13,,0.4846307706175077,0.43001997783083357,0.7230004771226463,0.85,0.75,40,True,421.9069602997783,7.605038415352312,4.177053298039164,0.43001997783083357,0.85,multiply_pulsed;irregular_f0,6650.511931802527,,1,,,0,21.31650090951521,45.78883048101179,29.832182171912542,6,35.999691481866435,2,67.56703014279242,1,,0,4.432352820940455,1,,0
s02_C_creak_C022.wav,2.86,417.66621679608346,520.7430431726796,209.34649228877038,62.54044474309888,617.5182379599443,39.643444349545504,59.66904593022239,750.0,30,0.10055464950816313,0.012569331188520392,0.8,72.39820192475838,0.4,0.10344827586206896,12,0,13.636363636363637,anchor_unreliable;jumpy;heavy_repair;low_voicing;period_doubling_present,2.878314729213957,6.057599493495844,21.476571427165773,1.8312116217830179,7.561273399269177,5000.0,0.19893776283841547,595.5897002193387,1702.0051160467688,2647.858966059938,13,,0.5093306838768834,0.46085205366976933,0.7978141541938729,0.9104477611940298,0.7611940298507462,67,True,62.54044474309888,6.057599493495844,2.878314729213957,0.46085205366976933,0.9104477611940298,multiply_pulsed;irregular_f0,5477.951048020468,2206.1214951150796,2,,,0,23.261980126010712,48.30641965042821,17.70848959598317,8,,0,,0,,0,,0,,0
s02_C_creak_C023.wav,2.53,382.16097566633806,292.95830626061576,211.06488785018092,52.4766266251197,597.830346906906,42.11987095012789,40.0,750.0,21,0.15,0.01875,0.35,113.98058499637163,0.0,0.2,2,0,16.53543307086614,anchor_unreliable;jumpy;heavy_repair;period_doubling_present,1.6129183781146148,5.471381772373965,22.9121751636775,1.8322880001760153,7.685719154581011,6500.0,0.2044693952779447,672.916899093249,2510.458567972878,3893.1973108633533,13,ceiling_at_search_edge,0.604176389194463,0.5455745836089032,0.8304793060737425,0.9629629629629629,0.9259259259259259,27,True,52.4766266251197,5.471381772373965,1.6129183781146148,0.5455745836089032,0.9629629629629629,multiply_pulsed;irregular_f0,7472.957496797559,994.5704600998448,2,,,0,,,,5,,0,,0,,0,,0,,0
s02_C_creak_C024.wav,2.81,445.22717957417774,509.680913325822,191.09334514697562,82.1207503826615,636.2089613125974,35.44418373312968,40.0,750.0,28,0.075,0.01875,0.35,81.15673682391646,0.6193082779995658,0.07407407407407407,0,0,19.17808219178082,octave_disagreement;jumpy;period_doubling_present,2.070060866651799,8.293907678477273,22.947932674465278,1.7597141648160242,7.7567732398101255,4000.0,0.26317777211813587,473.9881721889533,1383.3017675226988,2350.364854595569,13,,0.5409605036963966,0.5363419746925248,0.7865498409592251,0.9310344827586207,0.8793103448275862,58,True,82.1207503826615,8.293907678477273,2.070060866651799,0.5363419746925248,0.9310344827586207,multiply_pulsed;irregular_f0,6812.202272070903,,1,,,0,-6.2786159740646665,-0.784407581806614,11.295892286098372,10,,0,,0,,0,,0,,0
s02_C_creak_C025.wav,1.29,301.54746147945735,266.92488116862825,206.4733660797383,75.86120387984238,610.8195227259989,36.111744021924196,64.2584316083356,750.0,48,0.09337296055669184,0.01167162006958648,0.8,91.42960902251119,0.4,0.0425531914893617,0,0,46.601941747572816,anchor_unreliable;period_doubling_present,3.789392210965655,7.224714526085009,25.25142130133773,2.011520324221889,9.377432476189934,5000.0,0.1244214367402794,467.826904769536,1344.2480184043575,2578.1918911355106,13,,0.5722995595236275,0.5361904248798527,0.8457849562401678,0.9411764705882353,0.8431372549019608,51,True,75.86120387984238,7.224714526085009,3.789392210965655,0.5361904248798527,0.9411764705882353,multiply_pulsed;irregular_f0,,,0,,,0,16.595252685238616,33.243879821915165,21.948598494928728,5,2.1815287089959057,1,,0,,0,2.1815287089959057,1,,0
s02_C_creak_C026.wav,3.08,285.66501061873134,98.75823190496456,251.08506964074178,51.490352043063375,626.3349148840476,43.25472317728842,49.22987305078426,750.0,80,0.060938609305477544,0.015234652326369386,0.35,97.11686440343674,0.43950885382044624,0.1518987341772152,1,0,40.20100502512563,anchor_unreliable;jumpy;period_doubling_present,3.742535532416228,5.680171376527682,24.33503658375074,1.937117872686642,7.857377602499532,6500.0,0.22915828172915623,616.6425174394166,2483.9420721897914,3642.3036465849937,13,ceiling_at_search_edge,0.5357988192795304,0.5162810569856053,0.6971984483069119,0.9873417721518988,0.9493670886075949,79,True,51.490352043063375,5.680171376527682,3.742535532416228,0.5162810569856053,0.9873417721518988,multiply_pulsed;irregular_f0,6858.831117923818,,1,3358.4498904999655,,1,16.99608861361273,41.219442025774995,30.628333814245657,8,,0,,0,,0,,0,,0
s02_C_creak_C027.wav,2.83,453.86331630137477,443.785239884883,159.91125358624262,280.98418943396416,652.9006537834618,14.596494380420944,87.36461422787144,750.0,72,0.034338845612883466,0.008584711403220866,0.8,286.519278590541,0.0,0.04225352112676056,1,0,22.085889570552148,anchor_unreliable;period_doubling_present,3.452935686320982,7.4416764637410395,21.635638274307286,1.8389859148048067,8.128041889505747,4500.0,0.18117295974703387,465.86504179140064,1657.0423118820804,2538.458435249967,13,,0.5519144874482128,0.5303564542421124,0.7811209465588624,0.9615384615384616,0.8461538461538461,78,True,280.98418943396416,7.4416764637410395,3.452935686320982,0.5303564542421124,0.9615384615384616,multiply_pulsed;irregular_f0,7287.539351151071,,1,,,0,7.913768363448061,16.74030378881795,9.031073574328337,10,,0,,0,,0,,0,,0
s02_C_creak_C028.wav,2.7,90.28761464001869,78.83539707002255,31.213136272532488,57.91294780119709,145.40202040366484,15.937073739349291,42.458140504955125,186.65489485163988,47,0.07065782825910338,0.017664457064775846,0.35,79.01629725898607,0.764702602816756,0.08695652173913043,10,3,31.543624161073826,jumpy;heavy_repair;period_doubling_present,4.516510685128754,6.017457357847208,20.1190553117392,1.7118808181323946,5.771902816250164,6500.0,0.1812647404786154,499.8659568887192,2509.215224259019,3769.372619365884,13,ceiling_at_search_edge,0.5714671346613304,0.5652931999545979,0.7887699398641662,0.9655172413793104,0.8793103448275862,58,True,57.91294780119709,6.017457357847208,4.516510685128754,0.5652931999545979,0.9655172413793104,multiply_pulsed;irregular_f0,7496.859625685075,,1,,,0,-9.779287530013958,-9.759651882342862,-4.783957282266984,4,,0,,0,,0,,0,,0
s02_C_creak_C029.wav,2.4,577.0818073179328,595.9103088687808,58.65394747559519,486.7342571895256,633.7467230910696,4.569264778435002,317.70598306368527,750.0,211,0.018885385607602105,0.002360673200950263,0.35,81.5027051359519,0.4,0.014285714285714285,1,0,20.911793855302278,anchor_unreliable;period_doubling_present,5.583451939003416,7.192269006046921,22.33704418505715,1.8758635441107288,4.419882436931905,4250.0,0.19128842795780499,558.5898709339153,1445.5098107091544,2527.4810881562435,13,,0.48010278321346783,0.45230946379645715,0.6644594744072922,0.90625,0.75,32,True,486.7342571895256,7.192269006046921,5.583451939003416,0.45230946379645715,0.90625,multiply_pulsed;irregular_f0,8422.304681798869,813.2368797406139,2,,,0,21.58238502296415,46.213645026474694,18.782309981381268,7,23.870811795955404,1,,0,,0,23.870811795955404,1,,0
s02_C_creak_C030.wav,2.43,365.2810423652243,287.0622097195992,226.78946554395688,84.99849322035897,628.7072637395878,34.642551114953704,63.44235280950204,750.0,33,0.047287023055530134,0.011821755763882533,0.8,182.67561354661382,0.0,0.09375,0,0,16.336633663366335,anchor_unreliable;jumpy;period_doubling_present,2.781574337981136,7.015991821963509,19.6399000887886,1.81318118317872,7.243666858992516,5500.0,0.1906108810606945,673.2599966202197,2254.939333230829,2954.6999183237467,13,,0.5663844111381319,0.532034547551337,0.7788870689625774,1.0,0.9354838709677419,31,True,84.99849322035897,7.015991821963509,2.781574337981136,0.532034547551337,1.0,multiply_pulsed;irregular_f0,6987.121691154001,694.8792671172947,2,,,0,16.150197499422134,31.234228395076396,10.811791353225196,4,,0,,0,,0,,0,,0
s02_C_creak_C031.wav,3.02,427.19017277454276,430.0459804637677,147.77700039483054,236.8582178892289,622.3383290107357,16.724104500213016,181.01348639560297,750.0,196,0.03314670149431334,0.004143337686789168,0.8,181.5562064904919,0.0,0.015384615384615385,0,0,27.184466019417474,anchor_unreliable;period_doubling_present,3.99911258368214,7.971773888743234,21.28438089167944,1.840329523621262,6.18941901998537,5750.0,0.2454478464201498,626.2086956376086,2189.655087181883,2982.7051903926076,13,,0.5594700153380072,0.5313302100624938,0.801772821049655,0.9420289855072463,0.8695652173913043,69,True,236.8582178892289,7.971773888743234,3.99911258368214,0.5313302100624938,0.9420289855072463,multiply_pulsed;irregular_f0,7449.6572518426865,1008.9304867212047,5,,,0,21.02764076572218,44.112992290080754,14.130121670326929,8,,0,,0,,0,,0,,0
s02_C_creak_C032.wav,2.84,352.8005715736901,396.7163226189635,238.40642260505882,73.79235590917123,641.2564486713449,37.43229776948682,67.31986706721082,750.0,50,0.04456336785402234,0.011140841963505585,0.8,234.33620018554618,0.0,0.10204081632653061,0,0,19.9203187250996,anchor_unreliable;jumpy;period_doubling_present,3.084973507098434,6.666915171483365,19.996341846967777,1.7620173059723379,8.206198246973523,4250.0,0.2005324713572988,523.1378788152017,1445.133662907639,2527.9080341177023,13,,0.5206105342070474,0.4944912871549717,0.7745831419682103,0.8108108108108109,0.7027027027027027,37,True,73.79235590917123,6.666915171483365,3.084973507098434,0.4944912871549717,0.8108108108108109,multiply_pulsed;irregular_f0,6155.152370038019,,1,3047.980477485637,,1,3.830525084245475,8.476930240120623,11.065090936169245,5,,0,,0,,0,,0,,0
s02_C_creak_C033.wav,2.23,519.1260608170496,524.1293475628003,106.8898381795472,394.06852583751856,650.0672114888874,8.665708344535776,242.60379991129344,750.0,107,0.012365840935290095,0.0030914602338225237,0.35,79.32130788166083,0.4,0.0,0,0,14.902506963788301,anchor_unreliable;low_voicing;period_doubling_present,4.052128546250606,7.642176352625701,20.537076376732347,1.8175778323375635,4.327311225724097,5000.0,0.17267472247921423,533.1131950773233,1504.4371796973428,2611.008730342535,13,,0.5021303589372655,0.45665578070361046,0.9014585638912532,0.8235294117647058,0.6176470588235294,34,True,394.06852583751856,7.642176352625701,4.052128546250606,0.45665578070361046,0.8235294117647058,multiply_pulsed;irregular_f0,7176.546084241894,709.6586119748277,2,,,0,6.717447659123176,10.957238555868088,7.392472588513987,4,,0,,0,,0,,0,,0
s02_C_creak_C034.wav,2.33,416.0866898300405,448.8070129528645,194.61550588133366,84.97249677038623,651.2325454870036,35.25725926405238,53.39739304876614,750.0,74,0.11236503614549855,0.014045629518187318,0.35,84.32222821886377,0.4,0.0821917808219178,9,0,46.835443037974684,anchor_unreliable;jumpy;heavy_repair;period_doubling_present,4.8764077328652204,7.239481279614244,22.50971736317937,1.8321212994240799,8.744606977182546,4500.0,0.15949535955731406,539.2819245031993,1374.0644793474576,2534.2962452248103,13,,0.5073290827650943,0.5131512712035227,0.7909282111755713,0.8888888888888888,0.7222222222222222,36,True,84.97249677038623,7.239481279614244,4.8764077328652204,0.5131512712035227,0.8888888888888888,multiply_pulsed;irregular_f0,,,0,2836.044624642201,,1,-3.7096298661805545,-13.35168720683144,6.961111628395274,4,,0,,0,,0,,0,,0
s02_C_creak_C035.wav,2.47,85.07167426159387,84.30763036055505,6.16926975615655,78.68295889169777,93.85636063267937,3.052839696980645,59.23884323833725,197.8664167190098,39,0.05064244735384211,0.012660611838460527,0.35,84.61903518315367,0.8577172383324014,0.0,2,1,20.3125,period_doubling_present,4.053768985100327,3.985666565902018,13.607018669032204,1.296598646315741,5.011835266462194,4250.0,0.20634073324364519,445.0507501754362,1427.5483657509612,2510.2903595213265,13,,0.45626442139284434,0.40946549839684165,0.6982492183009311,0.7962962962962963,0.6481481481481481,54,True,78.68295889169777,3.985666565902018,4.053768985100327,0.40946549839684165,0.7962962962962963,multiply_pulsed;irregular_f0,8037.1509507127375,443.379523012704,2,,,0,-3.9536060996605222,-6.218029979015472,4.170996901058509,8,,0,,0,,0,,0,,0
s02_C_creak_C036.wav,2.68,71.76490254921663,75.73378746716615,12.87311982130213,51.32793587769455,84.36887593517815,8.603599628068814,40.0,171.0409068554415,26,0.15,0.01875,0.8,76.62431424525985,0.8557821235602783,0.16,5,0,19.25925925925926,jumpy;heavy_repair;period_doubling_present,3.320088483936962,4.317529396246509,13.914007630258919,1.3338485629961316,4.713811830742643,4750.0,0.23725595133926303,490.7898815716748,1746.5412695748614,2605.348631619505,13,,0.5323750364626155,0.6012289516008105,0.7434038479073849,0.7796610169491526,0.7288135593220338,59,True,51.32793587769455,4.317529396246509,3.320088483936962,0.6012289516008105,0.7796610169491526,multiply_pulsed;irregular_f0,7719.722406553952,,1,,,0,-8.027769315987983,-8.773213732700274,-0.44984014196352834,6,29.5226926373382,1,,0,,0,29.5226926373382,1,,0
s02_C_creak_C037.wav,2.14,64.42224233745912,59.819455995878016,13.626189447327661,51.19749675824863,81.49182070275225,8.046983890776545,40.0,123.06778762237718,32,0.075,0.01875,0.35,79.51435873592577,0.0,0.06451612903225806,7,0,28.82882882882883,anchor_unreliable;jumpy;heavy_repair;period_doubling_present,4.379060495340089,3.0225498517753597,13.885182880285612,1.0924671959458145,5.389202902333742,6500.0,0.1887608068340885,666.7988087773188,2509.958029784373,3751.394513026211,13,ceiling_at_search_edge,0.42779295480707175,0.3530011183571588,0.7857771199591325,0.639344262295082,0.5081967213114754,61,True,51.19749675824863,3.0225498517753597,4.379060495340089,0.3530011183571588,0.639344262295082,multiply_pulsed;irregular_f0,8225.604740534936,1160.2614979186346,2,,,0,,,,8,,0,,0,,0,,0,,0
s02_C_creak_C038.wav,1.99,480.3419336514492,614.8047330676271,241.49711502390159,66.60224203340941,651.664406700218,39.485838596852474,48.64595731987582,750.0,52,0.12334015672764884,0.015417519590956105,0.35,110.23230389546343,0.0,0.0392156862745098,0,0,42.622950819672134,anchor_unreliable;period_doubling_present,3.715218089812833,6.8682819072752626,20.63469227229048,1.80575735108878,9.379150533074903,4500.0,0.16824235418861724,546.4026143765083,1308.7687818647344,2587.758940143366,13,,0.5490600557770995,0.475853518801402,0.8542434562208333,0.9375,0.8125,80,True,66.60224203340941,6.8682819072752626,3.715218089812833,0.475853518801402,0.9375,multiply_pulsed;irregular_f0,,,0,3404.049601817548,,1,1.5550947901816594,5.652152014544778,-0.8570064303414243,8,,0,,0,,0,,0,,0
s02_C_creak_C039.wav,1.99,89.00727752776803,85.70180192131582,11.212574819928228,79.74881020870184,107.27254522602634,5.132951847271693,58.730946331467294,134.0770126675497,50,0.10216079213396356,0.012770099016745445,0.35,86.74484221313122,0.7119329038315245,0.0,6,3,33.78378378378378,heavy_repair;period_doubling_present,4.422104903831243,3.9983579497460466,14.523122253007012,1.5323724148555695,5.787179237478832,4250.0,0.16353875222794442,513.5747896309304,1439.2831981195643,2540.6732929776826,13,,0.541730107737927,0.5585347607848375,0.8244392732914976,0.8,0.7571428571428571,70,True,79.74881020870184,3.9983579497460466,4.422104903831243,0.5585347607848375,0.8,multiply_pulsed;irregular_f0,7419.603206049055,544.8006428654884,2,,,0,-7.211882524398038,-8.232706828792441,1.5937882898441287,6,,0,,0,,0,,0,,0
s02_C_creak_C040.wav,2.38,217.34852621047733,287.418897205415,103.31111922705013,82.99570687718169,309.6460843206275,22.794139022283666,62.60989129822375,462.04265483508624,53,0.09583150322719408,0.01197893790339926,0.8,287.9531966375602,0.0,0.038461538461538464,0,0,27.74869109947644,anchor_unreliable;period_doubling_present,3.6565937910364026,5.8124906256896836,21.335872758623342,1.937399613398516,6.514400164925498,4500.0,0.20892349354954654,482.91767606903113,1630.688422157094,2581.04089194871,13,,0.4412808327405694,0.4693062072602998,0.7021184502209892,0.75,0.65625,64,True,82.99570687718169,5.8124906256896836,3.6565937910364026,0.4693062072602998,0.75,multiply_pulsed;irregular_f0,8515.232526085696,,1,,,0,-14.025025462294325,-27.65276106716729,-2.3246346148243493,6,,0,,0,,0,,0,,0
s02_C_creak_D001.wav,3.12,315.0838109157505,421.8414561082592,216.9164489454134,49.7264935430706,621.3143563644896,43.71884138183386,40.0,647.0539552058867,55,0.15,0.01875,0.35,83.01685417041787,0.40604370932150907,0.07407407407407407,0,0,34.59119496855346,anchor_unreliable;jumpy;period_doubling_present,4.143309134753655,6.659933922417285,22.601980153987274,1.817908921560343,6.4720256559574,4500.0,0.2126168023665441,438.24749878593593,1414.0994168026311,2510.3034592771046,13,,0.579011881767188,0.5469703283811789,0.8151344740915455,0.9888888888888889,0.9111111111111111,90,True,49.7264935430706,6.659933922417285,4.143309134753655,0.5469703283811789,0.9888888888888889,multiply_pulsed;irregular_f0,,,0,,,0,17.39514426018345,34.823192302468335,6.153449795899961,10,,0,,0,,0,,0,,0
s02_C_creak_D002.wav,3.58,311.74270363650606,83.22055091846103,254.59570140496646,63.51250386042236,645.7845337443882,40.151284051538,46.715409877841466,750.0,41,0.12843727617267428,0.016054659521584285,0.8,86.58047273021776,0.4962078076842064,0.075,0,0,19.069767441860463,anchor_unreliable;jumpy;period_doubling_present,2.9832151758559857,6.26697936066342,23.658491692932365,1.9018290693504545,8.075345574969445,3750.0,0.21844898836870638,486.9524793333228,1367.5914358396044,2245.1918968435148,13,,0.5336079709277319,0.4947180556474096,0.787311221283356,0.9493670886075949,0.8734177215189873,79,True,63.51250386042236,6.26697936066342,2.9832151758559857,0.4947180556474096,0.9493670886075949,multiply_pulsed;irregular_f0,6815.886011125186,,1,3406.912539577372,570.0829618637534,3,12.772241366980015,25.637733915477575,8.50886591177672,8,,0,,0,,0,,0,,0
s02_C_creak_D003.wav,3.08,64.93609475209861,56.42539235660846,18.878010440372552,43.76146779520298,85.07003467714918,11.50787896894927,40.0,121.96849490329106,45,0.15,0.01875,0.35,79.27208313767154,0.840342252734869,0.0,2,2,28.662420382165607,octave_disagreement;period_doubling_present,2.448094230844419,4.0952793887133,15.464284672468686,1.2155656667370505,4.4751427056892465,4750.0,0.2542066132347967,504.4607755190948,1549.8112974155779,2611.3611629578418,13,,0.5220562518974383,0.5426974063529204,0.7725763478667984,0.8522727272727273,0.7954545454545454,88,True,43.76146779520298,4.0952793887133,2.448094230844419,0.5426974063529204,0.8522727272727273,multiply_pulsed;irregular_f0,7818.774201983197,734.1946204900372,3,,,0,,,,11,,0,,0,,0,,0,,0
s02_C_creak_D004.wav,3.1,89.71784175418249,87.3326236668024,36.0482807483381,52.43423651329986,151.33386467851676,18.349846098542905,40.0,184.8414917221477,18,0.15,0.01875,0.8,83.87877021360933,0.742392316357726,0.23529411764705882,2,2,11.39240506329114,jumpy;heavy_repair;low_voicing;period_doubling_present,2.0881782039213923,5.904934732066457,13.384635557772537,1.3338345751770875,3.9909035031420865,4250.0,0.20353579265385044,481.8131087938016,1352.426377027402,2499.442380038966,13,,0.5624295173384297,0.6247306970397284,0.7406550032191038,0.9523809523809523,0.8333333333333334,42,True,52.43423651329986,5.904934732066457,2.0881782039213923,0.6247306970397284,0.9523809523809523,multiply_pulsed;irregular_f0,6721.673648839769,,1,,,0,,,,8,,0,,0,,0,,0,,0
s02_C_creak_D005.wav,2.87,333.1079808083041,417.0612647222867,274.56302084605915,49.28514502056414,667.651610317524,45.11844846005435,40.0,750.0,45,0.075,0.01875,0.35,82.28629923076846,0.4,0.09090909090909091,0,0,30.0,anchor_unreliable;jumpy;period_doubling_present,2.8803235056891765,5.818296510465661,23.32361445939906,1.7388947250494482,8.080199264725463,4250.0,0.1866388680686256,516.6878319984744,1453.861284564278,2526.428212563606,13,,0.5135880571111217,0.48132179020905325,0.8082252184221559,0.8734177215189873,0.7341772151898734,79,True,49.28514502056414,5.818296510465661,2.8803235056891765,0.48132179020905325,0.8734177215189873,multiply_pulsed;irregular_f0,7274.911153287011,476.0904192376968,3,,,0,15.631782793511782,37.07194695522859,20.581776695202922,8,,0,,0,,0,,0,,0
s02_C_creak_D006.wav,2.86,362.46895970357167,434.99058404535873,258.13934509577706,79.22636758937836,647.1949015595835,36.36177215013346,44.108167462769416,750.0,65,0.06801461435758409,0.017003653589396022,0.8,86.59689924255879,0.5867076314138363,0.109375,9,3,39.39393939393939,octave_disagreement;jumpy;heavy_repair;period_doubling_present,2.978595448449976,5.975759010832181,23.345537750407765,1.8852469807665526,8.412473614701215,4750.0,0.1779546828399556,545.4184164125825,1312.4249555980791,2580.9694847579767,13,,0.5071443860704183,0.46613587897269926,0.7723687200108627,0.9340659340659341,0.8571428571428571,91,True,79.22636758937836,5.975759010832181,2.978595448449976,0.46613587897269926,0.9340659340659341,multiply_pulsed;irregular_f0,6823.326541139428,,1,,,0,7.209421475411919,16.01335667973729,11.09478396062158,11,,0,,0,,0,,0,,0
s02_C_creak_D007.wav,3.02,473.94651941306313,483.00527960157854,121.23904739453043,313.6311065071563,629.9279953650021,12.073419281489716,190.6958583418642,750.0,106,0.015731857136728377,0.003932964284182094,0.8,80.55100626167753,0.4,0.009523809523809525,0,0,13.87434554973822,anchor_unreliable;low_voicing;period_doubling_present,4.928285058250418,7.126495039985049,22.042920541692663,1.8877307760972002,6.407169019658196,4000.0,0.2603229395542255,510.39520766586384,1273.441612438523,2352.671492040169,13,,0.5642237381599334,0.5406691128419372,0.7748802815906107,0.9649122807017544,0.9473684210526315,57,True,313.6311065071563,7.126495039985049,4.928285058250418,0.5406691128419372,0.9649122807017544,multiply_pulsed;irregular_f0,6850.441465218972,649.6575688263364,2,2811.096597257002,,1,3.235004255302248,9.41284137238039,9.402628555178321,7,,0,,0,,0,,0,,0
s02_C_creak_D008.wav,3.49,306.08078931752124,291.70995813071386,120.28342543764018,144.31097578819987,443.8915035425641,19.4523127702365,48.54803387908928,673.5609762167694,35,0.06179446952417504,0.01544861738104376,0.8,155.87123548711415,0.0,0.14705882352941177,12,0,15.765765765765765,anchor_unreliable;jumpy;heavy_repair;period_doubling_present,3.136450040323397,6.581264788750679,24.27297567541224,1.961504732650396,8.026234750253845,6500.0,0.27045255914525285,586.8524851071977,2570.3191521697854,3931.088597444571,13,ceiling_at_search_edge,0.5387590804127582,0.5335517913296013,0.786708264262997,0.946236559139785,0.8494623655913979,93,True,144.31097578819987,6.581264788750679,3.136450040323397,0.5335517913296013,0.946236559139785,multiply_pulsed;irregular_f0,7175.42717125889,,1,,,0,-4.324064391907866,-9.303426997341464,14.34540786912068,8,,0,,0,,0,,0,,0
s02_C_creak_D009.wav,3.32,442.95911912922514,533.1818847910035,228.46479039425296,92.8724651644863,639.6339411727973,33.407083925057094,62.043881666677166,750.0,28,0.09670574823532535,0.012088218529415669,0.8,158.76162812999561,0.0,0.037037037037037035,0,0,10.486891385767791,anchor_unreliable;low_voicing;period_doubling_present,2.1545297024388694,5.9841512643018815,21.113458797709573,1.845843919183032,7.808550241447471,4250.0,0.20057907044676626,562.7877491655179,1381.2553994781592,2522.201455273168,13,,0.5865675915243707,0.5825028248692449,0.7936994711877324,1.0,0.9230769230769231,65,True,92.8724651644863,5.9841512643018815,2.1545297024388694,0.5825028248692449,1.0,multiply_pulsed;irregular_f0,7312.421371960565,519.5421693672226,3,,,0,-4.612450441014319,-5.153120624877877,3.0966974657686013,8,,0,,0,,0,,0,,0
s02_C_creak_D010.wav,3.5,288.5339267034513,161.93041546439767,219.6528863119196,65.4065660762687,627.2385071829065,39.13808103894435,62.33358010240576,750.0,61,0.09625630342654473,0.012032037928318091,0.8,200.83504078625563,0.0,0.08333333333333333,12,0,21.554770318021202,anchor_unreliable;jumpy;heavy_repair;period_doubling_present,3.0457405503185475,6.220953752546751,24.941155047222953,1.8735120807031689,7.372266512269951,4250.0,0.22442734319411994,511.03916788045274,1339.8251389597385,2586.146775365976,13,,0.5530680722818312,0.5585580872724355,0.6959007755297545,1.0,0.9166666666666666,48,True,65.4065660762687,6.220953752546751,3.0457405503185475,0.5585580872724355,1.0,multiply_pulsed;irregular_f0,8377.701435573617,73.46218899652364,2,,,0,5.200318833449138,11.98480824529754,11.052928937955992,6,,0,,0,,0,,0,,0
s02_C_creak_D011.wav,3.46,161.41587170037033,80.27762973368354,142.39718763319937,51.48186667366964,423.7906769858049,36.4945869596482,46.68014133983206,638.6208770128275,48,0.06426715759406038,0.016066789398515094,0.8,85.53022130975124,0.0,0.0851063829787234,4,0,22.641509433962263,anchor_unreliable;jumpy;heavy_repair;period_doubling_present,2.93503719750938,5.425169387716392,19.01075579009737,1.8711471714889252,6.267234140026934,3500.0,0.2620392434454293,455.3010139881137,1282.0287278423398,2123.975169305417,13,ceiling_at_search_edge,0.5817293176633044,0.5270710350074164,0.91670212189348,0.9518072289156626,0.8674698795180723,83,True,51.48186667366964,5.425169387716392,2.93503719750938,0.5270710350074164,0.9518072289156626,multiply_pulsed;irregular_f0,6258.764215709512,,1,4357.583650159163,,1,39.14650283506826,76.23748418262133,20.355450095088244,10,,0,,0,,0,,0,,0
s02_C_creak_D012.wav,2.96,79.20431131014747,78.3021928648235,7.504087710590503,64.94188302999939,88.0975763589796,5.279437353972608,56.37901176318362,127.02170652051139,40,0.10642258195660843,0.013302822744576054,0.35,82.59665723997537,0.0,0.0,0,0,18.6046511627907,anchor_unreliable;period_doubling_present,2.2441310435733994,4.074171788428003,21.610380439060723,1.7067571833026518,5.020372685016689,6500.0,0.19970079672485105,785.3050922359613,2601.5574157999745,3946.8717829524317,13,ceiling_at_search_edge,0.6398295822425376,0.5894951479004235,0.9318914680620387,1.0,0.9777777777777777,45,True,64.94188302999939,4.074171788428003,2.2441310435733994,0.5894951479004235,1.0,multiply_pulsed;irregular_f0,6844.499544753626,404.70015947186124,2,,,0,-8.41434483279102,-8.525665628535076,2.112271512380559,4,,0,,0,,0,,0,,0
s02_C_creak_D013.wav,3.13,307.171957985298,94.5306905433554,259.274082485239,68.2267242117513,633.7765292402948,38.586784542723606,49.186677670844965,750.0,45,0.060992125145671865,0.015248031286417966,0.35,77.79609900311603,0.8910470319603206,0.06818181818181818,4,2,22.277227722772277,octave_uncertain;jumpy;heavy_repair;period_doubling_present,2.6183738514357042,5.9529097563940345,22.80985919824491,1.9364827777689881,7.639698474404752,4250.0,0.21842883045718728,513.2981627911837,1423.224734594935,2570.7613489117557,13,,0.6119692093410871,0.5855989798021373,0.7006118511096098,1.0,1.0,30,True,68.2267242117513,5.9529097563940345,2.6183738514357042,0.5855989798021373,1.0,multiply_pulsed;irregular_f0,7826.359832518563,,1,,,0,-6.442980277727294,-8.466486989828717,0.3024221340138098,6,,0,,0,,0,,0,,0
s02_C_creak_D014.wav,3.4,84.53765799442446,84.89590689560038,8.433570928928967,78.02139977481917,95.11919791046287,3.43040001361312,52.9704150212975,130.7838005417753,55,0.11327077572617877,0.014158846965772347,0.8,86.09998685235126,0.6912982587929405,0.0,2,1,23.605150214592275,period_doubling_present,3.7477782108871707,3.671936708315176,14.991336869442309,1.4361019887809414,5.524265585285128,4750.0,0.2217246800642224,561.2606301458839,1584.2151266465103,2558.1903071420074,13,,0.5454067749871752,0.553848524948241,0.8485682482173792,0.821917808219178,0.684931506849315,73,True,78.02139977481917,3.671936708315176,3.7477782108871707,0.553848524948241,0.821917808219178,multiply_pulsed;irregular_f0,,,0,,,0,-4.96707358853062,-5.820526460433246,0.9918864466642731,8,,0,,0,,0,,0,,0
s02_C_creak_D015.wav,3.3,554.2916978175322,540.3906341156106,68.07632320709148,466.5360929965128,643.8169124634918,5.575941333760054,283.22830542081783,750.0,297,0.0211843233362049,0.0026480404170256123,0.35,82.39321759644355,0.4,0.0033783783783783786,0,0,23.97094430992736,anchor_unreliable;period_doubling_present,5.9078846317503855,6.8025136920604234,21.301458674876052,1.8299837081770818,4.059818116461852,4500.0,0.21690950703198086,520.9535292943348,1481.0720977308602,2540.609674193419,13,,0.4675606538673661,0.4448200496193588,0.6902651321736317,0.8771929824561403,0.7894736842105263,57,True,466.5360929965128,6.8025136920604234,5.9078846317503855,0.4448200496193588,0.8771929824561403,multiply_pulsed;irregular_f0,8503.599490017343,150.67679151074447,2,3220.4828811385505,,1,26.08733439462581,51.872599188200844,15.260158138517118,9,4.8102688867837085,1,,0,,0,4.8102688867837085,1,,0
s02_C_creak_D016.wav,3.1,318.6695110908328,151.10804396681937,248.47817906644408,71.2327705848926,631.1554374049992,37.76858805521159,58.69377912156182,750.0,89,0.05111274218323278,0.012778185545808195,0.8,81.73809045706429,0.6440184183513529,0.06818181818181818,2,2,37.23849372384937,octave_disagreement;jumpy;period_doubling_present,4.38046570740831,4.688727120766853,20.62938534073398,1.7191475118721624,7.832712672320289,4250.0,0.2232119313201992,477.0419956487365,1399.7995990941909,2506.456646551455,13,,0.4532809227563061,0.42702314228250643,0.678654451199862,0.73,0.59,100,True,71.2327705848926,4.688727120766853,4.38046570740831,0.42702314228250643,0.73,multiply_pulsed;irregular_f0,,,0,,,0,8.742528106077215,22.025361020662032,14.928160288842179,9,,0,,0,,0,,0,,0
s02_C_creak_D017.wav,2.57,444.04746894854355,576.7854611921439,228.19190860152526,96.63505520443174,647.515967091339,32.93156675259846,53.73927321856212,750.0,44,0.11165018878460634,0.013956273598075792,0.35,94.92579622376002,0.4,0.06976744186046512,0,0,24.858757062146893,anchor_unreliable;jumpy;period_doubling_present,1.7685768933749448,6.575547975891964,20.502822323531348,1.7378046813154362,7.603288226101604,4750.0,0.21881116139099274,576.8558153492161,1522.7318544758123,2574.6171067759124,13,,0.4960014436023242,0.4918669359498214,0.6410069900048682,0.9298245614035088,0.9122807017543859,57,True,96.63505520443174,6.575547975891964,1.7685768933749448,0.4918669359498214,0.9298245614035088,multiply_pulsed;irregular_f0,8184.658646118136,1106.631778107982,2,,,0,15.448249477542568,33.19352898960264,10.662592849159855,7,18.68086763495297,2,18.68086763495297,2,,0,,0,,0
s02_C_creak_D018.wav,2.86,265.6316586647167,95.07353531415532,225.23988198798247,75.16805556568316,628.8756993086596,36.77499958490499,62.52369045636503,687.9225242831437,55,0.04798181262338769,0.011995453155846922,0.8,141.54320348288604,0.0,0.1111111111111111,6,0,23.404255319148938,anchor_unreliable;jumpy;heavy_repair;period_doubling_present,3.1119686204312775,6.001262954434542,24.018773562194408,1.962693589335827,7.523140150914505,4500.0,0.17196960673814363,461.96632548268417,1413.546154854073,2548.0498491814096,13,,0.555922778433232,0.5171825360848974,0.7805707250470257,0.9444444444444444,0.8888888888888888,72,True,75.16805556568316,6.001262954434542,3.1119686204312775,0.5171825360848974,0.9444444444444444,multiply_pulsed;irregular_f0,,,0,,,0,1.3899075286212046,11.074189625117961,6.806511929209207,8,24.119525717131385,3,,0,,0,24.119525717131385,3,,0
s02_C_creak_D019.wav,2.99,318.45143906983253,92.89396902733145,268.8775368548499,76.96088905392179,635.7238468586258,36.554434038239755,62.57143699169241,750.0,64,0.047945199027446164,0.011986299756861541,0.8,89.7346749611525,0.3225861111497989,0.047619047619047616,0,0,26.016260162601625,anchor_unreliable;period_doubling_present,2.8556347620386195,4.622993336218706,24.211455764898563,1.9470724078083297,8.212933988613397,4250.0,0.20289207959707234,507.0033749128488,1378.373314290207,2449.7298037046357,13,,0.4883279777047958,0.46868915385612253,0.7888142093141708,0.873015873015873,0.7301587301587301,63,True,76.96088905392179,4.622993336218706,2.8556347620386195,0.46868915385612253,0.873015873015873,multiply_pulsed;irregular_f0,6690.460387140323,,1,,,0,3.062657198638154,11.221183896522492,14.641288875831304,6,4.055290848477444,1,,0,,0,4.055290848477444,1,,0
s02_C_creak_D020.wav,3.29,376.7722137164212,477.6751012041816,252.10301187188062,78.973769625633,637.7024196214454,36.16125473340356,62.85660069820219,750.0,90,0.09545536878152576,0.01193192109769072,0.35,153.6328017011505,0.0,0.0449438202247191,0,0,33.582089552238806,anchor_unreliable;period_doubling_present,4.263736584085308,5.862558336941415,22.45962686693218,1.9389907861865183,8.077572208446451,4500.0,0.16157767210202087,475.28296110521,1727.1912624447905,2565.7602035531163,13,,0.5073500715751845,0.5114300656503477,0.734867557798019,0.8928571428571429,0.7767857142857143,112,True,78.973769625633,5.862558336941415,4.263736584085308,0.5114300656503477,0.8928571428571429,multiply_pulsed;irregular_f0,7317.115837474061,,1,,,0,0.9625188791497852,7.426241983230934,8.815746190578961,11,,0,,0,,0,,0,,0
s02_C_creak_D021.wav,3.63,361.2169114309692,519.6650059071095,249.9189692592101,57.84975080713002,614.179129702019,40.89932207150405,51.20218016614599,750.0,51,0.05859125510408537,0.014647813776021342,0.35,87.4272912049201,0.3887311480809736,0.08,0,0,20.901639344262296,anchor_unreliable;jumpy;period_doubling_present,2.678822163920043,7.457866665020744,22.06143778081601,1.8433303157910494,7.926668971196983,5000.0,0.26269648113980243,597.3232044759293,1600.1432743757427,2621.1813321925265,13,,0.6466750396148392,0.593007858187688,0.965277242239735,1.0,0.978494623655914,93,True,57.84975080713002,7.457866665020744,2.678822163920043,0.593007858187688,1.0,multiply_pulsed;irregular_f0,7465.492509616027,1082.0407366610746,2,,,0,1.517209827822055,11.845668531663408,4.092608321409089,11,,0,,0,,0,,0,,0
s02_C_creak_D022.wav,3.53,495.7316961573386,507.4534190395026,96.42765964029455,324.5891894977908,622.4305180677527,11.271574159510747,259.1573469807863,750.0,314,0.023151957951031327,0.002893994743878916,0.35,85.0156448559169,0.4,0.012779552715654952,0,0,25.90759075907591,anchor_unreliable;period_doubling_present,5.693487946039355,6.804748877007549,22.14081238678192,1.8510277575507743,4.313599802305259,4250.0,0.2134405702613776,526.2118235581801,1438.6859836409255,2513.4658131229635,13,,0.47584676818232335,0.4682611994027414,0.5942880177124068,0.9322033898305084,0.8983050847457628,59,True,324.5891894977908,6.804748877007549,5.693487946039355,0.4682611994027414,0.9322033898305084,multiply_pulsed;irregular_f0,6928.201804100216,635.5969696469107,4,,,0,23.641729279010093,45.46176728930963,13.918408164973828,9,,0,,0,,0,,0,,0
s02_C_creak_D023.wav,3.1,254.05311247424527,84.44952804117469,244.5066675096813,51.33409363254826,626.610499929449,43.314956722805945,48.41520931507007,750.0,98,0.06196399938038062,0.015490999845095155,0.8,79.63739086404394,0.699920537248366,0.10309278350515463,4,2,49.746192893401016,jumpy;period_doubling_present,5.246891370392465,6.014340308186905,22.126268096896094,1.7834502609241678,8.31989953294632,4000.0,0.24217749096498645,531.9127262066748,1228.6399526618968,2389.98220954578,13,,0.5498064447129081,0.4815464647936408,0.905137163147872,0.8837209302325582,0.8023255813953488,86,True,51.33409363254826,6.014340308186905,5.246891370392465,0.4815464647936408,0.8837209302325582,multiply_pulsed;irregular_f0,7408.375103836563,,1,2873.9148956459185,,1,12.772119271238742,25.476208575570354,17.0347609668237,9,,0,,0,,0,,0,,0
s02_C_creak_D024.wav,3.26,357.49507915685865,550.8823459720307,272.41993490218357,51.57183421069193,644.6274183969597,43.72572348279047,40.0,750.0,30,0.075,0.01875,0.8,133.66977329708945,0.0,0.06896551724137931,1,0,17.647058823529413,anchor_unreliable;jumpy;period_doubling_present,3.0931728326075763,5.658382027035625,23.81772909142838,1.905032377461092,7.532679456534682,4250.0,0.21924004942405587,578.4491155184987,1419.397477829852,2549.6905053203905,13,,0.5008548488273596,0.4595985267301885,0.7438189494989464,0.8791208791208791,0.7692307692307693,91,True,51.57183421069193,5.658382027035625,3.0931728326075763,0.4595985267301885,0.8791208791208791,multiply_pulsed;irregular_f0,8209.910507624216,626.9711534383418,2,,,0,2.008705372116032,4.234983920732436,7.718879701535694,10,,0,,0,,0,,0,,0
s02_C_creak_D025.wav,3.34,560.6073895348496,575.2815660471837,72.70990713707013,461.6403219216771,642.0579523110625,5.7112113566062295,49.5616427934461,750.0,49,0.060530681206489634,0.015132670301622408,0.8,81.57706225140998,0.4,0.041666666666666664,0,0,22.580645161290324,anchor_unreliable;period_doubling_present,2.373033723951894,6.705435797144453,22.701474666289137,1.85427767696623,7.764034750374513,4750.0,0.2346112862788522,489.0823474076835,1305.7424925276605,2581.706895764308,13,,0.5216749926371019,0.5137017380409367,0.7393688309890865,0.8910891089108911,0.8316831683168316,101,True,461.6403219216771,6.705435797144453,2.373033723951894,0.5137017380409367,0.8910891089108911,multiply_pulsed;irregular_f0,7778.66897264838,533.2630318118871,2,3465.2864790631497,,1,25.332277823291218,51.80985233325795,23.37764839902066,11,,0,,0,,0,,0,,0
s02_C_creak_D026.wav,2.68,605.6226213665633,604.0731158262763,29.305483304933354,565.2359474896905,643.2769351638683,2.23904089608345,47.42825513373689,749.5299204270233,14,0.12650686775386033,0.01581335846923254,0.8,133.73555721907223,0.0,0.0,0,0,8.641975308641975,anchor_unreliable;low_voicing;period_doubling_present,2.0095151509205103,7.572709019033265,22.851806745409267,1.9240281795440821,8.135737431381862,4000.0,0.217464613610974,492.4114315129949,1344.3516310562734,2460.767498378229,13,,0.5971816827292042,0.6189440975205699,0.7895543851790046,0.9367088607594937,0.8860759493670886,79,True,565.2359474896905,7.572709019033265,2.0095151509205103,0.6189440975205699,0.9367088607594937,multiply_pulsed;irregular_f0,7274.023922557367,889.5747785767736,3,,,0,8.419138137743428,26.04181811358245,13.07118355323036,10,40.777064592674165,1,,0,,0,40.777064592674165,1,,0
s02_C_creak_D027.wav,3.77,163.58228710568045,93.36039191642726,89.86062212129983,82.22069743175341,307.1182192007919,22.814647024101973,64.16373726264632,324.2123685352765,112,0.09351076255798103,0.01168884531974763,0.35,93.1761644057114,0.0,0.04504504504504504,0,0,35.55555555555556,anchor_unreliable;period_doubling_present,4.378768273382423,5.107488595384464,17.48395954390711,1.6019749688246632,5.236910184145787,4500.0,0.22574311234418812,469.87638329980814,1574.3713345619753,2576.5296031721396,13,,0.5056751873921658,0.5010993084444293,0.7314548388307782,0.9157894736842105,0.7684210526315789,95,True,82.22069743175341,5.107488595384464,4.378768273382423,0.5010993084444293,0.9157894736842105,multiply_pulsed;irregular_f0,6641.768358364713,,1,,,0,-8.005516520957121,-15.218911994021303,2.3441662766942435,10,,0,,0,,0,,0,,0
s02_C_creak_D028.wav,3.0,318.5524805546301,158.90510567898883,262.69758095019085,64.67364317957731,644.7348579006674,39.80947437926609,57.99770130130004,750.0,73,0.0517261879813977,0.012931546995349425,0.8,82.99959221375319,0.5875800591635381,0.05555555555555555,7,3,32.01754385964912,octave_disagreement;jumpy;heavy_repair;period_doubling_present,3.309477213086681,6.093691407709041,20.63459779970504,1.8205381885608671,7.503937119332052,4250.0,0.2154546734904724,502.59661243780147,1348.2765826438242,2581.034848567847,13,,0.5134547647307117,0.5179294129980401,0.8600949747646995,0.7741935483870968,0.7258064516129032,62,True,64.67364317957731,6.093691407709041,3.309477213086681,0.5179294129980401,0.7741935483870968,multiply_pulsed;irregular_f0,7607.669835221281,630.1514611477045,2,,,0,-3.244230252395569,-1.9173039817578623,5.836045426792668,6,,0,,0,,0,,0,,0
s02_C_creak_D029.wav,2.98,286.3998629240167,96.56189448159111,240.05440231205068,53.20899588607966,611.928137155421,42.28344184634153,44.0395996790363,750.0,65,0.06812051021953448,0.01703012755488362,0.35,90.65077014420305,0.5399818303903834,0.046875,2,1,38.01169590643275,period_doubling_present,4.11668335958101,4.779383691612743,23.063354760034404,1.8452120683306104,8.319471163024165,5250.0,0.23547073768239601,546.7302164186664,1655.4395218139894,2611.7336964958727,13,,0.43610029482412016,0.3771148363015074,0.7082670625798,0.6944444444444444,0.5277777777777778,72,True,53.20899588607966,4.779383691612743,4.11668335958101,0.3771148363015074,0.6944444444444444,multiply_pulsed;irregular_f0,7193.558098427365,,1,,,0,8.010183901237179,22.114617956108795,12.653921702982128,6,,0,,0,,0,,0,,0
s02_C_creak_D030.wav,3.3,362.87397447076546,531.6319674940928,279.2867016398969,50.62692664250478,644.2298684199492,44.03518485751937,40.0,750.0,73,0.15,0.01875,0.35,91.90999056444689,0.0,0.125,0,0,43.19526627218935,anchor_unreliable;jumpy;period_doubling_present,3.620020634437373,5.822761095857455,22.160374298342997,1.7949910547837482,7.725492281253589,5250.0,0.21459442465270304,529.4099888745491,1772.0527281243703,2647.6976280388126,13,,0.4312887124379507,0.3799737485255277,0.6530809743196069,0.8488372093023255,0.627906976744186,86,True,50.62692664250478,5.822761095857455,3.620020634437373,0.3799737485255277,0.8488372093023255,multiply_pulsed;irregular_f0,8118.587795824886,269.46119802086287,2,3202.5809647057404,,1,23.502985547006034,48.62584744968513,15.23496377723514,7,,0,,0,,0,,0,,0
s02_C_creak_D031.wav,3.58,468.61722811406673,519.3023920143208,175.9712522086375,160.0264396301854,658.4866567041876,24.490127030114955,84.84259433962748,750.0,145,0.03535959765670188,0.00883989941417547,0.35,81.04822912713793,0.4,0.041666666666666664,10,0,36.15960099750623,anchor_unreliable;period_doubling_present,3.89094408683934,7.895889917717579,22.428831957113953,1.8569555190667546,7.797911310107493,6500.0,0.1982095161475772,666.1426824240439,2538.7087408676825,3908.164268668983,13,ceiling_at_search_edge,0.5372413518246489,0.5033506357411053,0.7675210240479424,0.9651162790697675,0.8604651162790697,86,True,160.0264396301854,7.895889917717579,3.89094408683934,0.5033506357411053,0.9651162790697675,multiply_pulsed;irregular_f0,7747.564020019157,,1,,,0,10.844147612267802,15.921450398623842,19.254364839605298,8,,0,,0,,0,,0,,0
s02_C_creak_D032.wav,3.2,79.26725811763313,75.93205756193233,30.90138148544758,46.44695378867469,136.4479121739216,18.65633320405699,40.0,174.22380254351148,57,0.075,0.01875,0.8,80.93477247587956,0.7511686036556185,0.14285714285714285,13,5,34.131736526946106,jumpy;heavy_repair;period_doubling_present,3.1188425766736754,3.6537871530621033,21.401653243935375,1.6494961001190758,5.126973850781396,4250.0,0.22900010100566273,432.5758826200721,1469.5800154159574,2488.992390694091,13,,0.5184826172423818,0.5014001227976633,0.740304891875845,0.9076923076923077,0.8461538461538461,65,True,46.44695378867469,3.6537871530621033,3.1188425766736754,0.5014001227976633,0.9076923076923077,multiply_pulsed;irregular_f0,6564.977214831202,459.54076570272184,2,,,0,-5.594976813034339,-6.133886016323483,-1.2573335133782741,12,,0,,0,,0,,0,,0
s02_C_creak_D033.wav,3.64,72.68864303642599,78.48141863959299,13.975598050874376,53.43638024486971,87.62296929075485,8.561841847661578,40.0,115.43174436377639,22,0.075,0.01875,0.8,77.06195257969654,0.6452876726187258,0.047619047619047616,1,0,11.518324607329843,low_voicing;period_doubling_present,2.392177855311639,4.554544847942036,20.788265255100335,1.5048546633037372,4.13232013160516,4250.0,0.20975070524421813,517.6154457350312,1564.6227253494299,2562.1005616035463,13,,0.5181090771643677,0.5110648392375712,0.785551024463092,0.803030303030303,0.7424242424242424,66,True,53.43638024486971,4.554544847942036,2.392177855311639,0.5110648392375712,0.803030303030303,multiply_pulsed;irregular_f0,7045.723224165889,383.57751461401756,2,,,0,-3.150206832863354,-4.114904983869199,3.1440317032719918,8,122.7330357142855,1,122.7330357142855,1,,0,,0,,0
s02_C_creak_D034.wav,3.63,83.60876548431072,83.2858253838555,14.209301438381376,63.86424911566751,105.08223553559665,8.621260190151938,54.324663272715505,130.06102343102282,53,0.11044707207625698,0.013805884009532123,0.8,83.8604036150935,0.7644728749415742,0.0,6,3,20.784313725490197,heavy_repair;period_doubling_present,3.506327061972063,4.3367572593930035,17.336337567176262,1.486871556971445,4.848514881329069,4500.0,0.2641231673649856,413.05236806574806,1370.1501783969775,2531.994665399686,13,,0.5626352794450454,0.5776025138102976,0.8200706311844042,0.9090909090909091,0.8181818181818182,77,True,63.86424911566751,4.3367572593930035,3.506327061972063,0.5776025138102976,0.9090909090909091,multiply_pulsed;irregular_f0,6910.341061471624,761.6094421722403,2,,,0,-11.19351597681474,-12.385539904971388,1.7732926851323074,10,,0,,0,,0,,0,,0
s02_C_creak_D035.wav,3.32,80.68534095454552,80.86582237131995,1.7366479486859268,77.994479192785,82.54533767043267,0.9817766887146857,40.0,101.1093118295677,10,0.075,0.01875,0.8,87.92459627992253,0.3732328537827545,0.0,0,0,5.747126436781609,anchor_unreliable;low_voicing;period_doubling_present,1.9132202167911019,2.321009044607042,18.696941082204393,1.3563837690563474,4.225851193344872,3750.0,0.22899596199867134,492.0432873152288,1388.1677464562913,2270.7213195035843,13,,0.537249244745917,0.49989096769254643,0.8859002776167408,0.8723404255319149,0.7872340425531915,47,True,77.994479192785,2.321009044607042,1.9132202167911019,0.49989096769254643,0.8723404255319149,multiply_pulsed,7839.426310200916,,1,,,0,-9.390963344863337,-10.055932052109203,-8.4624626327059,5,,0,,0,,0,,0,,0
s02_C_creak_F001.wav,3.34,402.7177598003234,411.28066679669814,145.8681676184152,274.980033879758,641.8447724718822,14.674770724205107,40.0,657.931955420854,57,0.15,0.01875,0.35,173.73809465483916,0.0,0.14285714285714285,0,0,33.333333333333336,anchor_unreliable;jumpy;period_doubling_present,3.288530034388457,6.711189379590412,21.331331247345986,1.8155268598415284,7.316173178252497,4500.0,0.21763847344889234,449.13054780247876,1634.51648310102,2570.4473773718764,13,,0.596436167299079,0.5821545741720915,0.8236791960612516,0.9896907216494846,0.9484536082474226,97,True,274.980033879758,6.711189379590412,3.288530034388457,0.5821545741720915,0.9896907216494846,multiply_pulsed;irregular_f0,8586.407545174612,,1,3159.3644941274674,,1,14.46834644751379,29.311582857347588,11.819848451636531,11,,0,,0,,0,,0,,0
s02_C_creak_F002.wav,3.14,92.8139975639352,89.3715045277785,22.32180142172002,66.3184025061478,132.6064340155277,11.996035389695043,57.817638657832866,206.34716703219738,102,0.10377455979321888,0.01297181997415236,0.8,92.3315326022603,0.6858109293412293,0.0297029702970297,3,2,43.40425531914894,period_doubling_present,4.6411913678834775,4.152600695635473,18.123162700811942,1.5630018677182391,6.461873393667408,5000.0,0.2405276011818235,484.9729786673674,1480.9541875411355,2638.0433333908004,13,,0.5463173463986088,0.5085082041755513,0.8279839068148509,0.9550561797752809,0.7865168539325843,89,True,66.3184025061478,4.152600695635473,4.6411913678834775,0.5085082041755513,0.9550561797752809,multiply_pulsed;irregular_f0,,,0,,,0,-7.651229021801418,-10.140684944209372,-6.220295190130138,9,,0,,0,,0,,0,,0
s02_C_creak_F003.wav,3.76,343.86525750087145,444.89083180349843,246.28096535796823,65.16799032171318,638.5739272699551,39.5114188693691,58.83795755042921,750.0,94,0.050987493871260586,0.012746873467815147,0.8,80.60635007428482,0.4,0.053763440860215055,0,0,32.302405498281786,anchor_unreliable;jumpy;period_doubling_present,4.117055590793382,6.445062325443401,21.24473678391722,1.7535869949988396,7.597988893424138,5000.0,0.2352322346421827,518.0603369985708,1570.953395185441,2583.7040922066835,13,,0.48916073161930496,0.49711906786066795,0.7651078127979876,0.7571428571428571,0.7,70,True,65.16799032171318,6.445062325443401,4.117055590793382,0.49711906786066795,0.7571428571428571,multiply_pulsed;irregular_f0,,,0,,,0,23.119644585100332,45.312605748507785,20.972641804410294,9,66.55888765773588,1,,0,,0,66.55888765773588,1,,0
s02_C_creak_F004.wav,3.59,278.762877863445,267.2656953253942,194.73026152955575,49.1182809550006,532.5177918931502,41.261973032462,40.999797638893305,750.0,79,0.07317109285325189,0.018292773213312973,0.35,91.7391794841351,0.0,0.15384615384615385,11,0,40.932642487046635,anchor_unreliable;jumpy;heavy_repair;period_doubling_present,4.00920830770598,5.168733246026027,20.304330789574372,1.7171781239595485,8.603642039114359,4750.0,0.2253663699798433,472.63847158997,1630.100664319447,2581.658470987797,13,,0.5562395591341837,0.5362249319592968,0.8586389569554675,0.8736842105263158,0.7894736842105263,95,True,49.1182809550006,5.168733246026027,4.00920830770598,0.5362249319592968,0.8736842105263158,multiply_pulsed;irregular_f0,8571.816204597511,,1,,,0,-5.288290329847005,-5.418959650806176,-4.918317542793151,12,,0,,0,,0,,0,,0
s02_C_creak_F005.wav,3.21,343.9562315321467,145.48223373160562,244.89803432189976,87.94719839664769,619.9419504375188,33.80908327566836,64.93140785667933,750.0,40,0.046202602084676615,0.011550650521169154,0.8,196.18406079293388,0.0,0.05128205128205128,0,0,14.598540145985401,anchor_unreliable;jumpy;low_voicing;period_doubling_present,2.29303550242909,6.636375061479469,22.137809845418744,1.8231452278299733,7.831958487965151,4750.0,0.20603845989205893,474.3078443707596,1406.245878101563,2564.0231646623297,13,,0.539447534685579,0.5058045135931286,0.8515050063321998,0.9736842105263158,0.8947368421052632,76,True,87.94719839664769,6.636375061479469,2.29303550242909,0.5058045135931286,0.9736842105263158,multiply_pulsed;irregular_f0,6956.297303032828,,1,,,0,8.288685380778443,16.738422613004325,20.589071253824095,11,,0,,0,,0,,0,,0
s02_C_creak_F006.wav,2.48,374.13416791064077,517.1357782741063,272.3989893192062,67.74234797017877,665.6790577439136,39.56036261692202,62.53193923073516,750.0,55,0.09595096639911867,0.011993870799889833,0.8,88.35413010345174,0.42682677332114827,0.05555555555555555,0,0,27.63819095477387,anchor_unreliable;jumpy;period_doubling_present,2.953524739148671,4.8109700773548,20.96068330752064,1.7678434735579138,7.2794346258606515,4750.0,0.19995128619345173,552.1439835434005,1611.2618891993939,2583.704406050952,13,,0.4201150035632621,0.37768246319118365,0.599793439058059,0.8805970149253731,0.6417910447761194,67,True,67.74234797017877,4.8109700773548,2.953524739148671,0.37768246319118365,0.8805970149253731,multiply_pulsed;irregular_f0,7506.448823863232,998.9670189693879,4,,,0,7.501804980227829,18.108761934952266,10.683661030241867,7,20.553546720878835,1,,0,,0,,0,20.553546720878835,1
s02_C_creak_F007.wav,4.44,436.0180824071794,458.8434485638446,186.12498409865157,141.20558085877798,640.3360645390542,26.172385888674253,104.98272253697647,739.9938792267253,98,0.02857613069563285,0.007144032673908213,0.35,198.91880544910427,0.0,0.05154639175257732,8,0,15.857605177993527,anchor_unreliable;jumpy;heavy_repair;period_doubling_present,3.3737367697399896,6.605249296786204,22.510111219774924,1.9278118240005269,8.52950904721414,6000.0,0.23642090971646804,598.458321921638,2358.7427084625842,3311.9769254536513,13,,0.5697096601248035,0.5670398147704709,0.7446524203497539,0.975,0.95,80,True,141.20558085877798,6.605249296786204,3.3737367697399896,0.5670398147704709,0.975,multiply_pulsed;irregular_f0,7784.192769512599,,1,3316.505657084638,,1,5.826347451542806,14.181489208187418,12.964348533022505,9,,0,,0,,0,,0,,0
s02_C_creak_F008.wav,3.63,52.27677566334912,49.07992528728788,9.850780928176333,43.783002343834006,65.84446521062995,7.06429543813222,40.0,91.84990033331786,49,0.075,0.01875,0.35,78.77961437090423,0.7517770494728647,0.020833333333333332,2,1,25.789473684210527,octave_disagreement;period_doubling_present,2.3012450548725636,3.9836423853262812,24.527206000524256,1.1714927192495774,3.9162240002107978,4500.0,0.2468813846571963,592.543472571457,1545.7968938027389,2576.9209965319324,13,,0.5955182736039872,0.5357946640050484,0.9241825639162796,0.983739837398374,0.967479674796748,123,True,43.783002343834006,3.9836423853262812,2.3012450548725636,0.5357946640050484,0.983739837398374,multiply_pulsed;irregular_f0,7642.977257998876,790.7429619978707,4,,,0,-8.4130173594153,-8.843369191534139,-10.394520749334383,10,21.36573811642728,2,,0,,0,21.36573811642728,2,,0
s02_C_creak_F009.wav,2.92,368.1603762496082,443.0090492489815,209.87693916038208,85.86475772477652,639.6168162931804,34.764838204209,66.82760771469677,750.0,75,0.04489162641894539,0.011222906604736347,0.35,183.74785403794502,0.0,0.06756756756756757,0,0,29.182879377431906,anchor_unreliable;jumpy;period_doubling_present,3.322044543722021,6.635711057601691,22.17997284961817,1.8244158201413767,7.454994260087879,4250.0,0.22225428764498345,437.8943883857989,1369.7076714407897,2487.347046533013,13,,0.5294695510086201,0.5407693187554854,0.7614772096475177,0.8695652173913043,0.7717391304347826,92,True,85.86475772477652,6.635711057601691,3.322044543722021,0.5407693187554854,0.8695652173913043,multiply_pulsed;irregular_f0,,,0,,,0,4.396784359732428,12.645002422054588,12.962553538222044,10,31.35131166522043,1,,0,,0,31.35131166522043,1,,0
s02_C_creak_F010.wav,3.58,466.2843610119999,540.3241231225089,206.16923172197764,96.61863834083626,648.8051120551723,32.96894113110244,72.1953850905919,750.0,147,0.04155390259689803,0.010388475649224507,0.35,81.39959915446288,0.4,0.06164383561643835,4,0,43.10850439882698,anchor_unreliable;jumpy;period_doubling_present,4.200918176597438,7.396016286474029,22.24037438668205,1.8371065941576585,7.882702673894403,4250.0,0.26275335410998824,475.6034606002171,1394.9707735824645,2529.6378961344453,13,,0.5416655381084994,0.525507908531748,0.7503066075046239,0.9791666666666666,0.8645833333333334,96,True,96.61863834083626,7.396016286474029,4.200918176597438,0.525507908531748,0.9791666666666666,multiply_pulsed;irregular_f0,6741.035856746636,,1,,,0,13.26990503656858,27.133801636164417,13.988953181303563,9,,0,,0,,0,,0,,0
s02_C_creak_F011.wav,2.35,67.7197066590497,71.11521324274713,16.15488976462064,47.773873313732686,86.47584629795071,10.272904538010923,40.0,96.20576508948247,38,0.15,0.01875,0.8,81.70460622277498,0.8125849950904092,0.02702702702702703,4,3,32.20338983050848,octave_uncertain;heavy_repair;period_doubling_present,3.493982402173781,3.2871037703239394,18.09207565109607,1.850097842204454,5.051994760179335,5000.0,0.1834595618422624,496.6377357049204,1354.9035020426795,2552.050196276865,13,,0.5433190725440794,0.5080060782294998,0.8718087692996788,0.9122807017543859,0.868421052631579,114,True,47.773873313732686,3.2871037703239394,3.493982402173781,0.5080060782294998,0.9122807017543859,multiply_pulsed;irregular_f0,,,0,,,0,-6.752796541807511,-6.994730138260643,-10.237167793776605,10,,0,,0,,0,,0,,0
s02_C_creak_F012.wav,2.75,268.085425336818,289.584635249528,70.13673920016384,98.00851063531192,315.60050001447877,20.245446646494266,40.0,433.5842265985912,30,0.15,0.01875,0.8,259.8602167520051,0.0,0.034482758620689655,0,0,21.58273381294964,anchor_unreliable;period_doubling_present,2.2386238724877328,6.596318377978501,24.801030209981512,2.030856679833278,6.073249085143556,5500.0,0.24402923165419566,506.90242261189474,1824.820823142044,2635.7960996379898,13,,0.541804335689687,0.5126087361148595,0.7799046049297033,0.9733333333333334,0.92,75,True,98.00851063531192,6.596318377978501,2.2386238724877328,0.5126087361148595,0.9733333333333334,multiply_pulsed;irregular_f0,7518.784698379883,1126.3450957691282,2,,,0,-1.1892786791260903,-13.805403185250398,10.444607517188352,9,,0,,0,,0,,0,,0
s02_C_creak_F013.wav,3.3,460.2951458077785,455.98913141646716,112.3244536954645,285.4894872686425,622.7105532431573,13.501489292691684,233.4801301675868,750.0,302,0.025698118275389578,0.0032122647844236973,0.35,82.06417867299467,0.4,0.009966777408637873,0,0,29.607843137254903,anchor_unreliable;period_doubling_present,5.072832542985279,7.78633492930753,19.62397801966037,1.7620773546744164,8.19565927964987,4500.0,0.23235185700120364,463.3049699924036,1640.4774865043921,2557.8943194109825,13,,0.5253412275434322,0.5253460761823471,0.6726261772004771,0.9661016949152542,0.9491525423728814,59,True,285.4894872686425,7.78633492930753,5.072832542985279,0.5253460761823471,0.9661016949152542,multiply_pulsed;irregular_f0,7843.76484221278,,1,,,0,11.132286885695303,20.788183480232185,5.4249395927377835,8,,0,,0,,0,,0,,0
s02_C_creak_F014.wav,2.67,63.006580106269325,55.89024415040896,22.326917666266628,49.54511874758071,80.24660210833531,8.348368526145194,40.0,134.79195450200626,53,0.15,0.01875,0.8,83.1293515349202,0.6607145371857441,0.057692307692307696,18,9,39.25925925925926,octave_disagreement;jumpy;heavy_repair;period_doubling_present,5.178840363227583,4.8378799917593955,15.673455799270371,1.3235104623661988,4.557929896047199,4750.0,0.21700191850349437,458.70257551072075,1503.519659264584,2548.406338094922,13,,0.6209657970616882,0.611382906584723,0.8724161561209549,0.8928571428571429,0.85,140,True,49.54511874758071,4.8378799917593955,5.178840363227583,0.611382906584723,0.8928571428571429,multiply_pulsed;irregular_f0,,,0,,,0,-5.0535891353227,-5.431288721875709,-2.3998909060223843,11,,0,,0,,0,,0,,0
s02_C_creak_F015.wav,3.46,305.2648091991731,256.42616212040724,229.9302552665662,53.28472182620817,630.2357745242862,42.769173741448675,40.0,750.0,60,0.075,0.01875,0.35,89.44254893926086,0.0,0.15254237288135594,7,0,33.149171270718234,anchor_unreliable;jumpy;heavy_repair;period_doubling_present,2.526407288670995,6.088214606204277,25.68464349766806,1.942210046173658,7.815908041396279,4500.0,0.20356642045306875,487.31032660737185,1527.2108770205275,2590.3355660404604,13,,0.5601355977222763,0.5253299607255503,0.7772660927663856,0.9636363636363636,0.9,110,True,53.28472182620817,6.088214606204277,2.526407288670995,0.5253299607255503,0.9636363636363636,multiply_pulsed;irregular_f0,6705.787813366813,356.84227623397373,2,,,0,15.606046328493989,31.83592530889035,3.8567001625356525,11,,0,,0,,0,,0,,0
s02_C_creak_F016.wav,3.36,403.1509797219928,538.8666454290076,239.64699888994244,78.88313967792683,640.9973126870167,36.27035314702558,67.99430323074675,750.0,98,0.0882426867385976,0.0110303358423247,0.8,81.38658709800819,0.4,0.041237113402061855,0,0,32.996632996633,anchor_unreliable;period_doubling_present,3.602793474487019,6.706007945321059,22.084453820303974,1.9018988328768602,7.637981508443113,4500.0,0.21463400467107727,585.4823625302233,1371.6718150578292,2556.028626017476,13,,0.4744783531834331,0.4659949130804652,0.7267318708171637,0.8648648648648649,0.7162162162162162,74,True,78.88313967792683,6.706007945321059,3.602793474487019,0.4659949130804652,0.8648648648648649,multiply_pulsed;irregular_f0,7680.358821060547,,1,,,0,6.167241971112014,8.848729372102216,11.68081936119725,8,,0,,0,,0,,0,,0
s02_C_creak_F017.wav,3.38,342.63768174693564,480.55759942948356,253.32236165369613,64.51406538477171,628.1109067309778,39.40000420867693,58.97594076669694,750.0,123,0.05086820084596373,0.012717050211490933,0.35,86.12166858558824,0.4518479559255554,0.04918032786885246,0,0,46.94656488549618,anchor_unreliable;period_doubling_present,4.404431906602697,5.5835669802541466,22.17763778079626,1.838614532726552,8.574930044193984,4500.0,0.23094926782068878,514.0019475179167,1588.613575841201,2607.311483538029,13,,0.5243361795185885,0.5092725558462239,0.7336223150379898,0.9166666666666666,0.8958333333333334,48,True,64.51406538477171,5.5835669802541466,4.404431906602697,0.5092725558462239,0.9166666666666666,multiply_pulsed;irregular_f0,,,0,4133.417037920448,,1,4.814007791580124,17.861374566039423,13.476712414771368,5,,0,,0,,0,,0,,0
s02_C_creak_F018.wav,3.42,430.0023563973161,467.0360937217573,195.64607946822753,74.58483221265304,659.2439717763709,37.72629958983036,45.17798088870818,750.0,79,0.06640403003822207,0.016601007509555517,0.35,188.411365209791,0.0,0.08974358974358974,0,0,38.916256157635466,anchor_unreliable;jumpy;period_doubling_present,3.586585813431085,7.024096899568633,23.461875896802592,1.8904417328360257,8.251171742253488,4250.0,0.17120463881182998,494.4829256774839,1453.7897845712996,2520.887921945702,13,,0.546382541438373,0.4839357490569149,0.8427949125149856,0.9553571428571429,0.8392857142857143,112,True,74.58483221265304,7.024096899568633,3.586585813431085,0.4839357490569149,0.9553571428571429,multiply_pulsed;irregular_f0,7098.711938761853,1260.9135790294124,2,,,0,2.9129940701433847,9.242470826648152,7.920342502816957,11,67.65364522935214,1,,0,,0,67.65364522935214,1,,0
s02_C_creak_F019.wav,3.24,321.9457700070449,88.84810976475254,272.9230929177901,56.505719632998705,644.9357899504173,42.152240635607384,47.9699947250293,750.0,35,0.12507818761275327,0.01563477345159416,0.8,91.85916325184994,0.6836235392938348,0.14705882352941177,2,0,17.5,jumpy;period_doubling_present,2.430063860180658,4.751002260475811,22.728616825452637,1.9113628272195444,7.33121257926199,5750.0,0.1804636322918468,603.573447078189,2240.8773204442177,2822.079217084447,13,,0.45661871358179473,0.46133475203785523,0.662964170418948,0.821917808219178,0.7397260273972602,73,True,56.505719632998705,4.751002260475811,2.430063860180658,0.46133475203785523,0.821917808219178,multiply_pulsed;irregular_f0,7174.279218211619,752.9813020215353,2,,,0,5.498546130812932,16.599270066769254,10.170626826464972,10,45.269734698377476,2,41.85082477213076,1,,0,48.68864462462419,1,,0
s02_C_creak_F020.wav,3.38,502.47642998098223,559.4078252083502,150.67758057184898,257.76376187829464,660.7357814924138,16.296288241643264,149.59194252358094,750.0,172,0.0401091121539129,0.005013639019239112,0.35,82.35206318537713,0.4,0.017543859649122806,0,0,25.787106446776612,anchor_unreliable;period_doubling_present,3.987297637645093,8.227802731353863,21.747888465588282,1.8256294707604404,5.469415909978212,6000.0,0.22052075222525894,634.6398778948762,2190.330008672769,2851.0944529695553,13,,0.464930836105769,0.4615618954273554,0.6438180991012032,0.9130434782608695,0.8115942028985508,69,True,257.76376187829464,8.227802731353863,3.987297637645093,0.4615618954273554,0.9130434782608695,multiply_pulsed;irregular_f0,7312.015298565117,,1,,,0,12.525156748220514,24.40135663142194,13.680657307167943,7,,0,,0,,0,,0,,0
s02_C_creak_F021.wav,3.75,349.58369623330145,422.4333587303354,209.4730094897621,75.76658988089554,613.6247807814287,36.212676298226675,60.89026254806181,750.0,110,0.049268961480204564,0.012317240370051141,0.35,189.31604454599588,0.0,0.05504587155963303,0,0,36.54485049833887,anchor_unreliable;jumpy;period_doubling_present,3.93804818279387,6.821531246906226,21.15278529330796,1.8463162324308469,8.049716076332668,5000.0,0.2239848210310673,459.1347837358014,1477.580741011739,2563.8385016938855,13,,0.5520529708134783,0.5332464160013618,0.7993492556303198,0.9347826086956522,0.8804347826086957,92,True,75.76658988089554,6.821531246906226,3.93804818279387,0.5332464160013618,0.9347826086956522,multiply_pulsed;irregular_f0,7202.397490269215,,1,,,0,26.88853416252953,56.86167113981392,18.340472422070352,8,,0,,0,,0,,0,,0
s02_C_creak_F022.wav,3.3,351.6673175941604,309.6053689379717,231.21124277933126,51.837762207855164,641.8242511012236,43.561235491302405,40.230203430115864,750.0,65,0.14914167686033797,0.018642709607542246,0.8,197.69008889211722,0.0,0.078125,12,0,38.23529411764706,anchor_unreliable;jumpy;heavy_repair;period_doubling_present,3.7005925867575673,6.040045848366956,21.373133887765484,1.7807208617283399,8.23749388222839,4500.0,0.1863084445581552,526.342466917451,1661.8948551341402,2580.4167969825503,13,,0.47670008411995346,0.4341027132317517,0.7058838571708425,0.8736842105263158,0.7473684210526316,95,True,51.837762207855164,6.040045848366956,3.7005925867575673,0.4341027132317517,0.8736842105263158,multiply_pulsed;irregular_f0,7344.472713989852,,1,3102.3031885793607,,1,5.947963857229407,9.366382025844036,22.54407532221533,13,,0,,0,,0,,0,,0
s02_C_creak_F023.wav,3.46,280.7350471987681,206.76900070799724,212.4427977739523,81.91914621913686,611.0441539370131,34.78804857922621,63.1925712100674,750.0,98,0.04747393471342184,0.01186848367835546,0.8,93.72607930954234,0.6259044573700225,0.09278350515463918,11,4,34.02777777777778,octave_disagreement;jumpy;heavy_repair;period_doubling_present,3.5486778513145443,5.6209558458926345,20.056602096130057,1.7976297195471576,7.735799047116833,4500.0,0.21428142514559453,524.8293012083031,1516.679968257052,2542.4400082953725,13,,0.5232482668238017,0.5087605011143018,0.7887265982297906,0.8877551020408163,0.7959183673469388,98,True,81.91914621913686,5.6209558458926345,3.5486778513145443,0.5087605011143018,0.8877551020408163,multiply_pulsed;irregular_f0,,,0,,,0,13.663126594546926,26.826696360969784,13.762085760369185,12,28.678009152430572,1,,0,,0,28.678009152430572,1,,0
s02_C_creak_F024.wav,3.08,66.65631730438658,67.10526674383539,15.548490396529367,48.79558959060034,93.40617580773363,11.241206229183115,40.0,109.21636263957839,26,0.075,0.01875,0.8,80.93588505099545,0.6069737896391623,0.04,4,2,16.149068322981368,octave_uncertain;heavy_repair;period_doubling_present,2.970645365124837,3.947485223341424,19.548509279542834,1.5041569949473663,4.334342463953391,5000.0,0.24178399653324367,551.3415615486682,1801.1908162506684,2627.988414905379,13,,0.6040052371792071,0.5870657732281879,0.8237057852630791,0.9871794871794872,0.9102564102564102,78,True,48.79558959060034,3.947485223341424,2.970645365124837,0.5870657732281879,0.9871794871794872,multiply_pulsed;irregular_f0,7466.300638410889,2063.1528457921345,2,3332.992154594451,,1,-12.736872726602465,-12.970738474815047,-9.207233177700825,12,46.32259949109763,1,46.32259949109763,1,,0,,0,,0
s02_C_creak_F025.wav,2.86,356.1669739673216,427.1311419583334,211.45849693026778,76.62325004056537,616.2584803135628,36.092177630329914,61.021018374504585,750.0,65,0.04916338795901579,0.012290846989753948,0.35,180.51586502945844,0.0,0.09375,1,0,28.38427947598253,anchor_unreliable;jumpy;period_doubling_present,3.3792351134142162,6.013869001872876,20.1330950276136,1.7494294796900136,7.791660928001037,4250.0,0.25219875041303735,487.5110522234953,1526.945864849735,2566.6463255557474,13,,0.4865541271285293,0.4485491915473027,0.6695043851190597,0.9195402298850575,0.735632183908046,87,True,76.62325004056537,6.013869001872876,3.3792351134142162,0.4485491915473027,0.9195402298850575,multiply_pulsed;irregular_f0,7049.5553729648045,22.908964709547067,2,,,0,5.675920623297836,12.685697023725368,11.008659341505158,13,,0,,0,,0,,0,,0
