utt_id,session,pass,verbatim_text,hypothesis,model_size,compute_type,elapsed_ms,substitutions,deletions,insertions,reference_length,wer,alignment
s01_A_modal_C002,s01,A_modal,Text Marcus that I'm running late.,Text Marcus that I'm running late.,large-v3,int8,57022.7,0,0,0,6,0.0,text marcus that i'm running late
s01_A_modal_C007,s01,A_modal,Add oat milk to my grocery list.,Add oat milk to my grocery list.,large-v3,int8,57067.0,0,0,0,7,0.0,add oat milk to my grocery list
s01_A_modal_C004,s01,A_modal,Play the new Noah Kahn album.,Play the new Noah Kahn album.,large-v3,int8,57415.8,0,0,0,6,0.0,play the new noah kahn album
s01_A_modal_C006,s01,A_modal,How long is the flight to Tokyo?,How long is the flight to Tokyo?,large-v3,int8,57773.7,0,0,0,7,0.0,how long is the flight to tokyo
s01_A_modal_C003,s01,A_modal,What's the weather in Newton tomorrow?,What's the weather in Newton tomorrow?,large-v3,int8,57779.3,0,0,0,6,0.0,what's the weather in newton tomorrow
s01_A_modal_C005,s01,A_modal,Remind me to email my advisor on Monday.,Remind me to email my advisor on Monday.,large-v3,int8,58051.2,0,0,0,8,0.0,remind me to email my advisor on monday
s01_A_modal_C008,s01,A_modal,Call the gelato shop on Orchard Street.,call the gelato shop on Orchard Street.,large-v3,int8,58489.0,0,0,0,7,0.0,call the gelato shop on orchard street
s01_A_modal_C001,s01,A_modal,Set a timer for twelve minutes.,Set a timer for 12 minutes.,large-v3,int8,58936.2,0,0,0,6,0.0,set a timer for twelve minutes
s01_A_modal_C009,s01,A_modal,Turn off the bedroom lights.,Turn off the bedroom lights.,large-v3,int8,58436.5,0,0,0,5,0.0,turn off the bedroom lights
s01_A_modal_C014,s01,A_modal,Convert eighty degrees Fahrenheit to Celsius.,Convert 80 degrees Fahrenheit to Celsius.,large-v3,int8,58091.0,0,0,0,6,0.0,convert eighty degrees fahrenheit to celsius
s01_A_modal_C010,s01,A_modal,What time does the library close today?,What time does the library close today?,large-v3,int8,59277.1,0,0,0,7,0.0,what time does the library close today
s01_A_modal_C012,s01,A_modal,Send a photo to the choir group chat.,Send a photo to the choir group chat.,large-v3,int8,58956.7,0,0,0,8,0.0,send a photo to the choir group chat
s01_A_modal_C013,s01,A_modal,Show me a calendar for next Thursday.,Show me a calendar for next Thursday.,large-v3,int8,59325.0,0,0,0,7,0.0,show me a calendar for next thursday
s01_A_modal_C011,s01,A_modal,Navigate to Grand Central Terminal.,Navigate to Grand Central Terminal.,large-v3,int8,60160.1,0,0,0,5,0.0,navigate to grand central terminal
s01_A_modal_C015,s01,A_modal,Skip to the next song.,to the next song.,large-v3,int8,59225.9,0,1,0,5,0.2,[-skip] to the next song
s01_A_modal_C016,s01,A_modal,What's the score of the Mets game?,What's the score of the Mets game?,large-v3,int8,61199.2,0,0,0,7,0.0,what's the score of the mets game
s01_A_modal_C017,s01,A_modal,Set an alarm for six forty-five.,Set an alarm for 645.,large-v3,int8,56220.8,0,0,1,7,0.1429,set an alarm for six [+hundred] forty five
s01_A_modal_C018,s01,A_modal,Find a ramen place open past midnight.,Find a ramen place open past midnight.,large-v3,int8,55610.0,0,0,0,7,0.0,find a ramen place open past midnight
s01_A_modal_C020,s01,A_modal,How do you say thank you in Japanese?,How do you say thank you in Japanese?,large-v3,int8,55887.3,0,0,0,8,0.0,how do you say thank you in japanese
s01_A_modal_C019,s01,A_modal,Read my last message from Anjali.,Read my last message from...,large-v3,int8,56545.2,0,1,0,6,0.1667,read my last message from [-anjali]
s01_A_modal_C021,s01,A_modal,Start a workout on my watch.,Start a workout on my watch.,large-v3,int8,56459.1,0,0,0,6,0.0,start a workout on my watch
s01_A_modal_C022,s01,A_modal,Cancel my reminder about the dentist.,Cancel my reminder about the dentist.,large-v3,int8,55974.0,0,0,0,6,0.0,cancel my reminder about the dentist
s01_A_modal_C023,s01,A_modal,Take a note about the pitch analysis.,take a note about the pitch analysis.,large-v3,int8,56879.8,0,0,0,7,0.0,take a note about the pitch analysis
s01_A_modal_C024,s01,A_modal,What is twenty percent of forty-three dollars?,What is 20% of $43?,large-v3,int8,56101.6,0,0,0,8,0.0,what is twenty percent of forty three dollars
s01_A_modal_C025,s01,A_modal,Turn the volume down a little.,Turn the volume down a little.,large-v3,int8,188074.4,0,0,0,6,0.0,turn the volume down a little
s01_A_modal_C027,s01,A_modal,Schedule a meeting for Friday afternoon.,Schedule a meeting for Friday afternoon.,large-v3,int8,187638.3,0,0,0,6,0.0,schedule a meeting for friday afternoon
s01_A_modal_C026,s01,A_modal,Open the Praat documentation in Safari.,open the Pratt documentation in Safari.,large-v3,int8,188928.9,1,0,0,6,0.1667,open the [praat->pratt] documentation in safari
s01_A_modal_C028,s01,A_modal,Is it going to rain this evening?,Is it going to rain this evening?,large-v3,int8,188110.0,0,0,0,7,0.0,is it going to rain this evening
s01_A_modal_C030,s01,A_modal,Delete the last voice memo.,Delete the last voice memo.,large-v3,int8,187858.6,0,0,0,5,0.0,delete the last voice memo
s01_A_modal_C029,s01,A_modal,Play something quiet while I study.,Play something quiet while I study.,large-v3,int8,187942.1,0,0,0,6,0.0,play something quiet while i study
s01_A_modal_C031,s01,A_modal,What's the fastest way to Morningside Heights?,What's the fastest way to Morningside Heights?,large-v3,int8,189154.1,0,0,0,7,0.0,what's the fastest way to morningside heights
s01_A_modal_C032,s01,A_modal,Add a wisteria trellis to my shopping list.,Add Wisteria Trellis to my shopping list.,large-v3,int8,189897.5,0,1,0,8,0.125,add [-a] wisteria trellis to my shopping list
s01_A_modal_C033,s01,A_modal,Tell me a joke about linguists.,Tell me a joke about linguists.,large-v3,int8,49849.1,0,0,0,6,0.0,tell me a joke about linguists
s01_A_modal_C034,s01,A_modal,Show me photos of Cape Caw.,Show me photos of Cape Cod.,large-v3,int8,49437.8,1,0,0,6,0.1667,show me photos of cape [caw->cod]
s01_A_modal_C035,s01,A_modal,How many days until September?,How many days until September 1st?,large-v3,int8,49840.3,0,0,1,5,0.2,how many days until september [+onest]
s01_A_modal_C037,s01,A_modal,Where is the nearest pharmacy?,But where is the nearest pharmacy?,large-v3,int8,49491.6,0,0,1,5,0.2,[+but] where is the nearest pharmacy
s01_A_modal_C036,s01,A_modal,Turn on do not disturb until noon.,Turn on Do Not Disturb until noon.,large-v3,int8,50119.2,0,0,0,7,0.0,turn on do not disturb until noon
s01_A_modal_C038,s01,A_modal,Email the lab about the annotation deadline.,Email the lab about the annotation deadline.,large-v3,int8,50695.6,0,0,0,7,0.0,email the lab about the annotation deadline
s01_A_modal_C039,s01,A_modal,What is my agenda this morning?,What is my agenda this morning?,large-v3,int8,50654.6,0,0,0,6,0.0,what is my agenda this morning
s01_A_modal_C040,s01,A_modal,Play white noise for thirty minutes.,Pissed. Play white noise for 30 minutes.,large-v3,int8,51664.6,0,0,1,6,0.1667,[+pissed] play white noise for thirty minutes
s01_A_modal_D002,s01,A_modal,She poured the vinegar into a shallow glass dish.,She poured the vinegar into a shallow glass dish.,large-v3,int8,52184.6,0,0,0,9,0.0,she poured the vinegar into a shallow glass dish
s01_A_modal_D003,s01,A_modal,Seven zebras wandered across the dusty road.,Seven zebras wandered across the dusty road.,large-v3,int8,51899.8,0,0,0,7,0.0,seven zebras wandered across the dusty road
s01_A_modal_D001,s01,A_modal,The old bridge groaned under the weight of the truck.,The old bridge groaned under the weight of the truck.,large-v3,int8,53091.4,0,0,0,10,0.0,the old bridge groaned under the weight of the truck
s01_A_modal_D004,s01,A_modal,My grandmother kept her thimbles in a wooden box.,My grandmother kept her thimbles in a wooden box.,large-v3,int8,52135.9,0,0,0,9,0.0,my grandmother kept her thimbles in a wooden box
s01_A_modal_D005,s01,A_modal,The judge asked for silence in the crowded room.,The judge asked for silence in the crowded room.,large-v3,int8,53275.6,0,0,0,9,0.0,the judge asked for silence in the crowded room
s01_A_modal_D006,s01,A_modal,Thick fog settled over the harbor before dawn.,Thick fog settled over the harbor before dawn.,large-v3,int8,52658.6,0,0,0,8,0.0,thick fog settled over the harbor before dawn
s01_A_modal_D007,s01,A_modal,He measured the flour twice and still got it wrong.,He measured the flower twice and still got it wrong.,large-v3,int8,54231.4,1,0,0,10,0.1,he measured the [flour->flower] twice and still got it wrong
s01_A_modal_D008,s01,A_modal,Purple thistles grew along the railway embankment.,Purple thistles grew along the railway embankment.,large-v3,int8,53149.2,0,0,0,7,0.0,purple thistles grew along the railway embankment
s01_A_modal_D009,s01,A_modal,The choir rehearsed the same passage eleven times.,The choir rehearsed the same passage 11 times.,large-v3,int8,51847.5,0,0,0,8,0.0,the choir rehearsed the same passage eleven times
s01_A_modal_D011,s01,A_modal,They shipped the equipment in reinforced crates.,They shipped the equipment in reinforced crates.,large-v3,int8,52208.0,0,0,0,7,0.0,they shipped the equipment in reinforced crates
s01_A_modal_D010,s01,A_modal,A single moth circled the porch light all evening.,A single moth circled the porch light all evening.,large-v3,int8,52765.8,0,0,0,9,0.0,a single moth circled the porch light all evening
s01_A_modal_D012,s01,A_modal,The tide pulled the small boat towards the rocks.,The tide pulled the small boat towards the rocks.,large-v3,int8,52927.8,0,0,0,9,0.0,the tide pulled the small boat towards the rocks
s01_A_modal_D013,s01,A_modal,Cinnamon and cloves filled the kitchen with warmth.,Cinnamon and cloves filled the kitchen with warmth.,large-v3,int8,52290.2,0,0,0,8,0.0,cinnamon and cloves filled the kitchen with warmth
s01_A_modal_D014,s01,A_modal,Nobody remembered who had locked the back door.,nobody remembered who had locked the back door.,large-v3,int8,52767.5,0,0,0,8,0.0,nobody remembered who had locked the back door
s01_A_modal_D015,s01,A_modal,The librarian stamped each card with quiet precision.,The librarian stamped each card with quiet precision.,large-v3,int8,52129.7,0,0,0,8,0.0,the librarian stamped each card with quiet precision
s01_A_modal_D016,s01,A_modal,Wet leaves clogged the gutter above the window.,Wet leaves clogged the gutter above the window.,large-v3,int8,53139.0,0,0,0,8,0.0,wet leaves clogged the gutter above the window
s01_A_modal_D018,s01,A_modal,The mountain village looked empty in the photograph.,The mountain village looked empty in the photograph.,large-v3,int8,52453.8,0,0,0,8,0.0,the mountain village looked empty in the photograph
s01_A_modal_D017,s01,A_modal,I bought a secondhand bicycle for forty dollars.,I bought a second-hand bicycle for $40.,large-v3,int8,53933.2,1,0,1,8,0.25,i bought a [+second] [secondhand->hand] bicycle for forty dollars
s01_A_modal_D019,s01,A_modal,Three sparrows fought over a crust of bread.,Three sparrows fought over a crust of bread.,large-v3,int8,53334.5,0,0,0,8,0.0,three sparrows fought over a crust of bread
s01_A_modal_D020,s01,A_modal,His youngest brother plays trumpet in the marching band.,His youngest brother plays the trumpet in the marching band.,large-v3,int8,53104.3,0,0,1,9,0.1111,his youngest brother plays [+the] trumpet in the marching band
s01_A_modal_D021,s01,A_modal,"The recipe called for saffron, which we could not find.","The recipe called for saffron, which we could not find.",large-v3,int8,53778.4,0,0,0,10,0.0,the recipe called for saffron which we could not find
s01_A_modal_D022,s01,A_modal,Snow buried the fence posts by early January.,Snow buried the fence posts by early January.,large-v3,int8,53055.3,0,0,0,8,0.0,snow buried the fence posts by early january
s01_A_modal_D023,s01,A_modal,She wrote the whole essay on a borrowed laptop.,She wrote the whole essay on a borrowed laptop.,large-v3,int8,53817.0,0,0,0,9,0.0,she wrote the whole essay on a borrowed laptop
s01_A_modal_D024,s01,A_modal,The engine coughed once and then went silent.,The engine coughed once and then went silent.,large-v3,int8,53956.0,0,0,0,8,0.0,the engine coughed once and then went silent
s01_A_modal_D025,s01,A_modal,Amber light spilled across the polished floorboards.,Amber light spilled across the polished floorboards.,large-v3,int8,51705.0,0,0,0,7,0.0,amber light spilled across the polished floorboards
s01_A_modal_D026,s01,A_modal,We watched the storm move east across the valley.,We watched the storm move east across the valley.,large-v3,int8,51640.6,0,0,0,9,0.0,we watched the storm move east across the valley
s01_A_modal_D027,s01,A_modal,The tailor pinned the hem with practiced fingers.,The tailor pinned the hem with practiced fingers.,large-v3,int8,51654.3,0,0,0,8,0.0,the tailor pinned the hem with practiced fingers
s01_A_modal_D029,s01,A_modal,Their apartment smelled faintly of turpentine.,Their apartment smelled faintly of turpentine.,large-v3,int8,52255.9,0,0,0,6,0.0,their apartment smelled faintly of turpentine
s01_A_modal_D028,s01,A_modal,Salt crusted the windows of the beach house.,Salt crusted the windows of the beach house.,large-v3,int8,53658.7,0,0,0,8,0.0,salt crusted the windows of the beach house
s01_A_modal_D030,s01,A_modal,A heron stood motionless at the edge of the pond.,A heron stood motionless at the edge of the pond.,large-v3,int8,52618.0,0,0,0,10,0.0,a heron stood motionless at the edge of the pond
s01_A_modal_D031,s01,A_modal,The clock in the hallway runs about four minutes fast.,The clock in the hallway runs about four minutes fast.,large-v3,int8,54163.6,0,0,0,10,0.0,the clock in the hallway runs about four minutes fast
s01_A_modal_D032,s01,A_modal,He folded the newspaper and set it on the table.,He folded the newspaper and set it on the table.,large-v3,int8,53223.1,0,0,0,10,0.0,he folded the newspaper and set it on the table
s01_A_modal_D033,s01,A_modal,Bright green algae covered the surface of the water.,Bright green algae covered the surface of the water.,large-v3,int8,53339.3,0,0,0,9,0.0,bright green algae covered the surface of the water
s01_A_modal_D034,s01,A_modal,The children traded sticks during the long bus ride.,The children traded sticks during the long bus ride.,large-v3,int8,53138.3,0,0,0,9,0.0,the children traded sticks during the long bus ride
s01_A_modal_D035,s01,A_modal,Rain hammered the tin roof for most of the night.,Rain hammered the tin roof for most of the night.,large-v3,int8,53224.7,0,0,0,10,0.0,rain hammered the tin roof for most of the night
s01_A_modal_F002,s01,A_modal,"We ended up walking the whole way home, anyway.",we ended up walking the whole way home anyway.,large-v3,int8,52498.9,0,0,0,9,0.0,we ended up walking the whole way home anyway
s01_A_modal_F003,s01,A_modal,It was one of those afternoons where nothing happened at all.,It was one of those afternoons where nothing happened at all.,large-v3,int8,53222.0,0,0,0,11,0.0,it was one of those afternoons where nothing happened at all
s01_A_modal_F001,s01,A_modal,"I don't really know what she was thinking, honestly.","I don't really know what she was thinking, honestly.",large-v3,int8,53876.2,0,0,0,9,0.0,i don't really know what she was thinking honestly
s01_A_modal_F004,s01,A_modal,"He said he'd call back, but he never really did.","He said he'd call back, but he never really did.",large-v3,int8,54573.2,0,0,0,10,0.0,he said he'd call back but he never really did
s01_A_modal_F005,s01,A_modal,"The whole thing fell apart before anyone noticed, apparently.","The whole thing fell apart before anyone noticed, apparently.",large-v3,int8,53533.1,0,0,0,9,0.0,the whole thing fell apart before anyone noticed apparently
s01_A_modal_F006,s01,A_modal,I guess that's just how it goes sometimes.,I guess that's just how it goes sometimes.,large-v3,int8,53059.8,0,0,0,8,0.0,i guess that's just how it goes sometimes
s01_A_modal_F007,s01,A_modal,She left the party early and nobody said anything.,She left the party early and nobody said anything.,large-v3,int8,53158.6,0,0,0,9,0.0,she left the party early and nobody said anything
s01_A_modal_F008,s01,A_modal,"It's not that I mind, it's just kind of strange.","It's not that I mind, it's just kind of strange.",large-v3,int8,54951.9,0,0,0,10,0.0,it's not that i mind it's just kind of strange
s01_A_modal_F009,s01,A_modal,They moved out to Oregon a couple years ago.,They moved out to Oregon a couple years ago.,large-v3,int8,53752.3,0,0,0,9,0.0,they moved out to oregon a couple years ago
s01_A_modal_F010,s01,A_modal,"Nothing about that story adds up, if you think about it.",Nothing about that story adds up if you think about it.,large-v3,int8,53363.0,0,0,0,11,0.0,nothing about that story adds up if you think about it
s01_A_modal_F011,s01,A_modal,I've been meaning to write back for a while now.,I've been meaning to write back for a while now.,large-v3,int8,54820.3,0,0,0,10,0.0,i've been meaning to write back for a while now
s01_A_modal_F012,s01,A_modal,We sat in the car for maybe 20 minute.,We sat in the car for maybe 20 minutes.,large-v3,int8,54768.8,1,0,0,9,0.1111,we sat in the car for maybe twenty [minute->minutes]
s01_A_modal_F013,s01,A_modal,He's been doing that same job for eleven years.,He's been doing that same job for 11 years.,large-v3,int8,54576.2,0,0,0,9,0.0,he's been doing that same job for eleven years
s01_A_modal_F015,s01,A_modal,"I never learned how to swim, which is embarrassing.","I never learned how to swim, which is embarrassing.",large-v3,int8,52666.2,0,0,0,9,0.0,i never learned how to swim which is embarrassing
s01_A_modal_F014,s01,A_modal,It rained the entire week we were on the island.,It rained the entire week we were on the island.,large-v3,int8,53402.1,0,0,0,10,0.0,it rained the entire week we were on the island
s01_A_modal_F016,s01,A_modal,That's pretty much all anyone talked about afterward.,That's pretty much all anyone talked about afterwards.,large-v3,int8,52176.5,1,0,0,8,0.125,that's pretty much all anyone talked about [afterward->afterwards]
s01_A_modal_F017,s01,A_modal,She kept apologizing even though it wasn't her fault.,She kept apologizing even though it wasn't her fault.,large-v3,int8,53637.5,0,0,0,9,0.0,she kept apologizing even though it wasn't her fault
s01_A_modal_F018,s01,A_modal,"The apartment was smaller than we expected, obviously.","The apartment was smaller than we expected, obviously.",large-v3,int8,53199.4,0,0,0,8,0.0,the apartment was smaller than we expected obviously
s01_A_modal_F019,s01,A_modal,I think I left my keys somewhere in the stairwell.,I think I left my keys somewhere in the stairwell.,large-v3,int8,54170.9,0,0,0,10,0.0,i think i left my keys somewhere in the stairwell
s01_A_modal_F020,s01,A_modal,"It turned out fine, more or less, in the end.","It turned out fine, more or less, in the end.",large-v3,int8,53452.4,0,0,0,10,0.0,it turned out fine more or less in the end
s01_A_modal_F021,s01,A_modal,Nobody warned us about the traffic on the way in.,Nobody warned us about the traffic on the way in.,large-v3,int8,53128.5,0,0,0,10,0.0,nobody warned us about the traffic on the way in
s01_A_modal_F022,s01,A_modal,He mentioned it once and then never brought it up again.,he mentioned it once and then never brought it up again,large-v3,int8,52990.1,0,0,0,11,0.0,he mentioned it once and then never brought it up again
s01_A_modal_F023,s01,A_modal,We were both too tired to argue about it anymore.,"day, we were both too tired to argue about it anymore.",large-v3,int8,54559.8,0,0,1,10,0.1,[+day] we were both too tired to argue about it anymore
s01_A_modal_F024,s01,A_modal,I've been putting that conversation off for months.,I've been putting that conversation off for months.,large-v3,int8,53167.4,0,0,0,8,0.0,i've been putting that conversation off for months
s01_B_natural_C001,s01,B_natural,Set a timer for twelve minutes.,Set a timer for 12 minutes.,large-v3,int8,51935.0,0,0,0,6,0.0,set a timer for twelve minutes
s01_A_modal_F025,s01,A_modal,It felt like the longest week of the entire summer.,It felt like the longest week of the entire summer.,large-v3,int8,53403.4,0,0,0,10,0.0,it felt like the longest week of the entire summer
s01_B_natural_C002,s01,B_natural,Text Marcus that I'm running late.,Text Marcus that I'm running late.,large-v3,int8,52703.8,0,0,0,6,0.0,text marcus that i'm running late
s01_B_natural_C003,s01,B_natural,What's the weather in Newton tomorrow?,What's the weather in Newton tomorrow?,large-v3,int8,53156.1,0,0,0,6,0.0,what's the weather in newton tomorrow
s01_B_natural_C004,s01,B_natural,Play the new Noah Kahn album.,Play the new Noah Kahn album.,large-v3,int8,54036.0,0,0,0,6,0.0,play the new noah kahn album
s01_B_natural_C005,s01,B_natural,Remind me to email my advisor on Monday.,Remind me to email my advisor on Monday.,large-v3,int8,52257.7,0,0,0,8,0.0,remind me to email my advisor on monday
s01_B_natural_C006,s01,B_natural,How long is the flight to Tokyo?,How long is the flight to Tokyo?,large-v3,int8,51364.3,0,0,0,7,0.0,how long is the flight to tokyo
s01_B_natural_C007,s01,B_natural,Add oat milk to.,Add oat milk to my,large-v3,int8,51552.1,0,0,1,4,0.25,add oat milk to [+my]
s01_B_natural_C009,s01,B_natural,Turn off the bedroom lights.,turn off the bedroom lights,large-v3,int8,51785.4,0,0,0,5,0.0,turn off the bedroom lights
s01_B_natural_C008,s01,B_natural,Call the gelato shop on Orchard Street.,Call the gelato shop on Orchard Street.,large-v3,int8,53685.6,0,0,0,7,0.0,call the gelato shop on orchard street
s01_B_natural_C010,s01,B_natural,What time does the library close today?,What time does the library close today?,large-v3,int8,52911.8,0,0,0,7,0.0,what time does the library close today
s01_B_natural_C011,s01,B_natural,Navigate to Grand Central Terminal.,Navigate to Grand Central Terminal.,large-v3,int8,53582.2,0,0,0,5,0.0,navigate to grand central terminal
s01_B_natural_C012,s01,B_natural,Send a photo to the choir group chat.,send a photo to the choir group chat.,large-v3,int8,52720.3,0,0,0,8,0.0,send a photo to the choir group chat
s01_B_natural_C013,s01,B_natural,Show me my calendar for next Thursday.,Show me my calendar for next Thursday.,large-v3,int8,55527.4,0,0,0,7,0.0,show me my calendar for next thursday
s01_B_natural_C015,s01,B_natural,Skip to the next song.,Skip to the next song.,large-v3,int8,54111.0,0,0,0,5,0.0,skip to the next song
s01_B_natural_C014,s01,B_natural,Convert eighty degrees Fahrenheit to Celsius.,Convert 80 degrees Fahrenheit to Celsius.,large-v3,int8,55058.2,0,0,0,6,0.0,convert eighty degrees fahrenheit to celsius
s01_B_natural_C017,s01,B_natural,Set an alarm for six forty-five.,Set an alarm for 645.,large-v3,int8,54814.3,0,0,1,7,0.1429,set an alarm for six [+hundred] forty five
s01_B_natural_C016,s01,B_natural,What's the score of the Mets game?,What's the score of the Mets game?,large-v3,int8,56075.2,0,0,0,7,0.0,what's the score of the mets game
s01_B_natural_C018,s01,B_natural,Find a ramen place open past midnight.,Find a ramen place open past midnight.,large-v3,int8,54869.2,0,0,0,7,0.0,find a ramen place open past midnight
s01_B_natural_C019,s01,B_natural,Read my last message from Anjali.,Read my last message from...,large-v3,int8,55156.4,0,1,0,6,0.1667,read my last message from [-anjali]
s01_B_natural_C020,s01,B_natural,How do you say thank you in Japanese?,How do you say thank you in Japanese?,large-v3,int8,55148.5,0,0,0,8,0.0,how do you say thank you in japanese
s01_B_natural_C021,s01,B_natural,Start a workout on my watch.,start a workout on my watch.,large-v3,int8,51308.3,0,0,0,6,0.0,start a workout on my watch
s01_B_natural_C022,s01,B_natural,Cancel my reminder about the dentist.,Cancel my reminder about the dentist.,large-v3,int8,51815.0,0,0,0,6,0.0,cancel my reminder about the dentist
s01_B_natural_C023,s01,B_natural,Take a note about the pitch analysis.,Take a note about the pitch analysis.,large-v3,int8,52475.6,0,0,0,7,0.0,take a note about the pitch analysis
s01_B_natural_C025,s01,B_natural,Turn the volume down a little.,Turn the volume down a little.,large-v3,int8,51706.7,0,0,0,6,0.0,turn the volume down a little
s01_B_natural_C024,s01,B_natural,What is twenty percent of forty-three dollars?,What is 20% of $43?,large-v3,int8,52703.9,0,0,0,8,0.0,what is twenty percent of forty three dollars
s01_B_natural_C026,s01,B_natural,Open the Praat documentation in Safari.,Open the Pratt documentation in Safari.,large-v3,int8,52957.0,1,0,0,6,0.1667,open the [praat->pratt] documentation in safari
s01_B_natural_C027,s01,B_natural,Schedule a meeting for Friday afternoon.,Schedule a meeting for Friday afternoon.,large-v3,int8,51784.2,0,0,0,6,0.0,schedule a meeting for friday afternoon
s01_B_natural_C028,s01,B_natural,Is it going to rain this evening?,Is it going to rain this evening?,large-v3,int8,52028.7,0,0,0,7,0.0,is it going to rain this evening
s01_B_natural_C030,s01,B_natural,Delete the last voice memo.,Delete the last voice memo.,large-v3,int8,50324.3,0,0,0,5,0.0,delete the last voice memo
s01_B_natural_C029,s01,B_natural,Play something quiet while I study.,Play something quiet while I study.,large-v3,int8,51368.0,0,0,0,6,0.0,play something quiet while i study
s01_B_natural_C031,s01,B_natural,What's the fastest way to Morningside Heights?,What's the fastest way to Morningside Heights?,large-v3,int8,53077.8,0,0,0,7,0.0,what's the fastest way to morningside heights
s01_B_natural_C032,s01,B_natural,Add a wisteria trellis to my shopping list.,Add Wisteria Trellis to my shopping list.,large-v3,int8,52598.3,0,1,0,8,0.125,add [-a] wisteria trellis to my shopping list
s01_B_natural_C033,s01,B_natural,Tell me a joke about linguists.,Tell me a joke about linguists.,large-v3,int8,52043.5,0,0,0,6,0.0,tell me a joke about linguists
s01_B_natural_C034,s01,B_natural,Show me photos of Cape Caw.,Show me photos of Cape Cod.,large-v3,int8,52378.0,1,0,0,6,0.1667,show me photos of cape [caw->cod]
s01_B_natural_C035,s01,B_natural,How many days until September first?,How many days until September 1st?,large-v3,int8,52057.0,1,0,0,6,0.1667,how many days until september [first->onest]
s01_B_natural_C036,s01,B_natural,Turn on do not disturb until noon.,Turn on Do Not Disturb until noon.,large-v3,int8,53446.9,0,0,0,7,0.0,turn on do not disturb until noon
s01_B_natural_C037,s01,B_natural,Where is the nearest pharmacy?,Where is the nearest pharmacy?,large-v3,int8,53715.2,0,0,0,5,0.0,where is the nearest pharmacy
s01_B_natural_C038,s01,B_natural,Email the lab about the annotation deadline.,Email the lab about the annotation deadline.,large-v3,int8,54158.9,0,0,0,7,0.0,email the lab about the annotation deadline
s01_B_natural_C039,s01,B_natural,What's on my agenda this morning?,What's on my agenda this morning?,large-v3,int8,53286.2,0,0,0,6,0.0,what's on my agenda this morning
s01_B_natural_C040,s01,B_natural,Play white noise for thirty minutes.,Play white noise for 30 minutes.,large-v3,int8,53633.1,0,0,0,6,0.0,play white noise for thirty minutes
s01_B_natural_D001,s01,B_natural,The old bridge groaned under the weight of the truck.,The old bridge groaned under the weight of the truck.,large-v3,int8,55595.8,0,0,0,10,0.0,the old bridge groaned under the weight of the truck
s01_B_natural_D002,s01,B_natural,She poured the vinegar into a shallow glass dish.,She poured the vinegar into a shallow glass dish.,large-v3,int8,54719.4,0,0,0,9,0.0,she poured the vinegar into a shallow glass dish
s01_B_natural_D003,s01,B_natural,Seven zebras wandered across the dusty road.,Seven zebras wandered across the dusty road.,large-v3,int8,55029.5,0,0,0,7,0.0,seven zebras wandered across the dusty road
s01_B_natural_D004,s01,B_natural,My grandmother kept her thimbles in a wooden box.,My grandmother kept her thimbles in a wooden box.,large-v3,int8,56392.8,0,0,0,9,0.0,my grandmother kept her thimbles in a wooden box
s01_B_natural_D005,s01,B_natural,The judge asked for silence in the crowded room.,The judge asked for silence in the crowded room.,large-v3,int8,53965.9,0,0,0,9,0.0,the judge asked for silence in the crowded room
s01_B_natural_D006,s01,B_natural,Thick fog settled over the harbor before dawn.,Thick fog settled over the harbor before dawn.,large-v3,int8,54538.5,0,0,0,8,0.0,thick fog settled over the harbor before dawn
s01_B_natural_D007,s01,B_natural,He measured the flour twice and still got it wrong.,He measured the flower twice and still got it wrong.,large-v3,int8,54083.3,1,0,0,10,0.1,he measured the [flour->flower] twice and still got it wrong
s01_B_natural_D008,s01,B_natural,Purple thistles grew along the railway embankment.,Purple thistles grew along the railway embankment.,large-v3,int8,54136.1,0,0,0,7,0.0,purple thistles grew along the railway embankment
s01_B_natural_D009,s01,B_natural,The choir rehearsed the same passage eleven times.,The choir rehearsed the same passage 11 times.,large-v3,int8,53627.2,0,0,0,8,0.0,the choir rehearsed the same passage eleven times
s01_B_natural_D010,s01,B_natural,A single moth circled the porch light all evening.,A single moth circled the porch light all evening.,large-v3,int8,53608.4,0,0,0,9,0.0,a single moth circled the porch light all evening
s01_B_natural_D011,s01,B_natural,They shipped the equipment in reinforced crates.,They shipped the equipment in reinforced crates.,large-v3,int8,53113.0,0,0,0,7,0.0,they shipped the equipment in reinforced crates
s01_B_natural_D012,s01,B_natural,The tide pulled the small boat towards the rocks.,The tide pulled the small boat towards the rocks.,large-v3,int8,53969.9,0,0,0,9,0.0,the tide pulled the small boat towards the rocks
s01_B_natural_D013,s01,B_natural,Cinnamon and cloves filled the kitchen with warmth.,Cinnamon and cloves filled the kitchen with warmth.,large-v3,int8,52415.6,0,0,0,8,0.0,cinnamon and cloves filled the kitchen with warmth
s01_B_natural_D014,s01,B_natural,Nobody remembered who had locked the back door.,Nobody remembered who had locked the back door.,large-v3,int8,52774.3,0,0,0,8,0.0,nobody remembered who had locked the back door
s01_B_natural_D015,s01,B_natural,The librarian stamped each card with quiet precision.,The librarian stamped each card with quiet precision.,large-v3,int8,52359.3,0,0,0,8,0.0,the librarian stamped each card with quiet precision
s01_B_natural_D016,s01,B_natural,Wet leaves clogged the gutter above the window.,Wet leaves clogged the gutter above the window.,large-v3,int8,53045.8,0,0,0,8,0.0,wet leaves clogged the gutter above the window
s01_B_natural_D017,s01,B_natural,I bought a secondhand bicycle for forty dollars.,I bought a secondhand bicycle for $40.,large-v3,int8,52698.9,0,0,0,8,0.0,i bought a secondhand bicycle for forty dollars
s01_B_natural_D018,s01,B_natural,The mountain village looked empty in the photograph.,The mountain village looked empty in the photograph.,large-v3,int8,52441.8,0,0,0,8,0.0,the mountain village looked empty in the photograph
s01_B_natural_D019,s01,B_natural,Three sparrows fought over a crust of bread.,Three sparrows fought over a crust of bread.,large-v3,int8,53113.5,0,0,0,8,0.0,three sparrows fought over a crust of bread
s01_B_natural_D020,s01,B_natural,His youngest brother plays trumpet in the marching band.,His youngest brother plays trumpet in the marching band.,large-v3,int8,52839.2,0,0,0,9,0.0,his youngest brother plays trumpet in the marching band
s01_B_natural_D022,s01,B_natural,Snow buried the fence posts by early January.,Snow buried the fence posts by early January.,large-v3,int8,52658.3,0,0,0,8,0.0,snow buried the fence posts by early january
s01_B_natural_D021,s01,B_natural,"The recipe called for saffron, which we could not find.","The recipe called for saffron, which we could not find.",large-v3,int8,54596.6,0,0,0,10,0.0,the recipe called for saffron which we could not find
s01_B_natural_D023,s01,B_natural,She wrote the whole essay on a borrowed laptop.,She wrote the whole essay on a borrowed laptop.,large-v3,int8,52420.7,0,0,0,9,0.0,she wrote the whole essay on a borrowed laptop
s01_B_natural_D024,s01,B_natural,The engine coughed once and then went silent.,The engine coughed once and then went silent.,large-v3,int8,53292.7,0,0,0,8,0.0,the engine coughed once and then went silent
s01_B_natural_D025,s01,B_natural,Amber light spilled across the polished floorboards.,Amber light spilled across the polished floorboards.,large-v3,int8,53856.8,0,0,0,7,0.0,amber light spilled across the polished floorboards
s01_B_natural_D026,s01,B_natural,We watched the storm move east across the valley.,We watched the storm move east across the valley.,large-v3,int8,52968.3,0,0,0,9,0.0,we watched the storm move east across the valley
s01_B_natural_D027,s01,B_natural,The tailor pinned the hem with practiced fingers.,The tailor pinned the hem with practiced fingers.,large-v3,int8,53066.2,0,0,0,8,0.0,the tailor pinned the hem with practiced fingers
s01_B_natural_D028,s01,B_natural,Salt crusted the windows of the beach house.,Salt crusted the windows of the beach house.,large-v3,int8,54313.6,0,0,0,8,0.0,salt crusted the windows of the beach house
s01_B_natural_D029,s01,B_natural,Their apartment smelled faintly of turpentine.,Their apartment smelled faintly of turpentine.,large-v3,int8,52898.0,0,0,0,6,0.0,their apartment smelled faintly of turpentine
s01_B_natural_D030,s01,B_natural,A heron stood motionless on the edge of the pond.,A heron stood motionless on the edge of the pond.,large-v3,int8,54885.5,0,0,0,10,0.0,a heron stood motionless on the edge of the pond
s01_B_natural_D031,s01,B_natural,The clock in the hallway runs about four minutes fast.,The clock in the hallway runs about four minutes fast.,large-v3,int8,53722.6,0,0,0,10,0.0,the clock in the hallway runs about four minutes fast
s01_B_natural_D032,s01,B_natural,He folded the newspaper and set it on the table.,He folded the newspaper and set it on the table.,large-v3,int8,54105.1,0,0,0,10,0.0,he folded the newspaper and set it on the table
s01_B_natural_D033,s01,B_natural,Bright green algae covered the surface of the water.,Bright green algae covered the surface of the water.,large-v3,int8,53527.7,0,0,0,9,0.0,bright green algae covered the surface of the water
s01_B_natural_D034,s01,B_natural,The children traded stickers during the long bus ride.,The children traded stickers during the long bus ride.,large-v3,int8,53609.8,0,0,0,9,0.0,the children traded stickers during the long bus ride
s01_B_natural_D035,s01,B_natural,Rain hammered the tin roof for most of the night.,Rain hammered the tin roof for most of the night.,large-v3,int8,54008.6,0,0,0,10,0.0,rain hammered the tin roof for most of the night
s01_B_natural_F001,s01,B_natural,"I don't really know what she was thinking, honestly.","I don't really know what she was thinking, honestly.",large-v3,int8,53860.2,0,0,0,9,0.0,i don't really know what she was thinking honestly
s01_B_natural_F002,s01,B_natural,"We ended up walking the whole way home, anyway.",We ended up walking the whole way home anyway.,large-v3,int8,52171.5,0,0,0,9,0.0,we ended up walking the whole way home anyway
s01_B_natural_F003,s01,B_natural,It was one of those afternoons where nothing happened at all.,It was one of those afternoons where nothing happened at all.,large-v3,int8,53377.7,0,0,0,11,0.0,it was one of those afternoons where nothing happened at all
s01_B_natural_F004,s01,B_natural,"He said he'd call back, but he never really did.","He said he'd call back, but he never really did.",large-v3,int8,53670.2,0,0,0,10,0.0,he said he'd call back but he never really did
s01_B_natural_F006,s01,B_natural,I guess that's just how it goes sometimes.,I guess that's just how it goes sometimes.,large-v3,int8,51697.8,0,0,0,8,0.0,i guess that's just how it goes sometimes
s01_B_natural_F005,s01,B_natural,"The whole thing fell apart before anyone noticed, apparently.","The whole thing fell apart before anyone noticed, apparently.",large-v3,int8,53241.4,0,0,0,9,0.0,the whole thing fell apart before anyone noticed apparently
s01_B_natural_F007,s01,B_natural,She left the party early and nobody said anything.,She left the party early and nobody said anything.,large-v3,int8,51769.0,0,0,0,9,0.0,she left the party early and nobody said anything
s01_B_natural_F008,s01,B_natural,"It's not that I mind, it's just kind of strange.","It's not that I mind, it's just kind of strange.",large-v3,int8,53899.6,0,0,0,10,0.0,it's not that i mind it's just kind of strange
s01_B_natural_F009,s01,B_natural,They moved out to Oregon a couple years ago.,They moved out to Oregon a couple years ago.,large-v3,int8,52343.4,0,0,0,9,0.0,they moved out to oregon a couple years ago
s01_B_natural_F010,s01,B_natural,"Nothing about that story adds up, if you think about it.",Nothing about that story adds up if you think about it.,large-v3,int8,53348.7,0,0,0,11,0.0,nothing about that story adds up if you think about it
s01_B_natural_F011,s01,B_natural,I've been meaning to write back for a while now.,I've been meaning to write back for a while now.,large-v3,int8,53056.4,0,0,0,10,0.0,i've been meaning to write back for a while now
s01_B_natural_F012,s01,B_natural,We sat there in the car for maybe twenty minutes.,We sat there in the car for maybe 20 minutes.,large-v3,int8,53169.3,0,0,0,10,0.0,we sat there in the car for maybe twenty minutes
s01_B_natural_F013,s01,B_natural,He's been doing that same job for eleven years.,He's been doing that same job for 11 years.,large-v3,int8,52809.3,0,0,0,9,0.0,he's been doing that same job for eleven years
s01_B_natural_F014,s01,B_natural,It rained the entire week we were on the island.,It rained the entire week we were on the island.,large-v3,int8,53011.8,0,0,0,10,0.0,it rained the entire week we were on the island
s01_B_natural_F015,s01,B_natural,"I never learned how to swim, which is embarrassing.","I never learned how to swim, which is embarrassing.",large-v3,int8,53319.3,0,0,0,9,0.0,i never learned how to swim which is embarrassing
s01_B_natural_F016,s01,B_natural,That's pretty much all anyone talked about afterward.,That's pretty much all anyone talked about afterwards.,large-v3,int8,53896.7,1,0,0,8,0.125,that's pretty much all anyone talked about [afterward->afterwards]
s01_B_natural_F017,s01,B_natural,She kept apologizing even though it wasn't her fault.,"She kept apologizing, even though it wasn't her fault.",large-v3,int8,53901.6,0,0,0,9,0.0,she kept apologizing even though it wasn't her fault
s01_B_natural_F018,s01,B_natural,"The apartment was smaller than we expected, obviously.","The apartment was smaller than we expected, obviously.",large-v3,int8,55339.0,0,0,0,8,0.0,the apartment was smaller than we expected obviously
s01_B_natural_F019,s01,B_natural,I think I left my keys somewhere in the stairwell.,I think I had left my keys somewhere in the stairwell.,large-v3,int8,55126.0,0,0,1,10,0.1,i think i [+had] left my keys somewhere in the stairwell
s01_B_natural_F020,s01,B_natural,"It turned out fine, more or less, in the end.","It turned out fine, more or less, in the end.",large-v3,int8,56420.0,0,0,0,10,0.0,it turned out fine more or less in the end
s01_B_natural_F021,s01,B_natural,Nobody warned us about the traffic on the way in.,Nobody warned us about the traffic on the way in.,large-v3,int8,54687.9,0,0,0,10,0.0,nobody warned us about the traffic on the way in
s01_B_natural_F022,s01,B_natural,He mentioned it once and then never brought it up again.,He mentioned it once and then never brought it up again.,large-v3,int8,55345.3,0,0,0,11,0.0,he mentioned it once and then never brought it up again
s01_B_natural_F023,s01,B_natural,We were both too tired to argue about it anymore.,We were both too tired to argue about it anymore.,large-v3,int8,54627.5,0,0,0,10,0.0,we were both too tired to argue about it anymore
s01_B_natural_F024,s01,B_natural,I've been putting that conversation off for months.,I've been putting that conversation off for months.,large-v3,int8,54930.9,0,0,0,8,0.0,i've been putting that conversation off for months
s01_B_natural_F025,s01,B_natural,It felt like the longest week of the entire summer.,it felt like the longest week of the entire summer,large-v3,int8,56304.1,0,0,0,10,0.0,it felt like the longest week of the entire summer
s01_C_creak_C001,s01,C_creak,Set a timer for twelve minutes.,Set a timer for 12 minutes.,large-v3,int8,52628.8,0,0,0,6,0.0,set a timer for twelve minutes
s01_C_creak_C002,s01,C_creak,Text Marcus that I'm running late.,Text Marcus that I'm running late.,large-v3,int8,53249.5,0,0,0,6,0.0,text marcus that i'm running late
s01_C_creak_C003,s01,C_creak,What's the weather in Newton tomorrow?,Or what's the weather in Newton tomorrow?,large-v3,int8,53741.3,0,0,1,6,0.1667,[+or] what's the weather in newton tomorrow
s01_C_creak_C004,s01,C_creak,Play the new Noah Kahn album,Play the new Noah Cotton album.,large-v3,int8,52802.3,1,0,0,6,0.1667,play the new noah [kahn->cotton] album
s01_C_creak_C005,s01,C_creak,Remind me to email my advisor on Monday.,And remind me to email my advisor on Monday.,large-v3,int8,54127.9,0,0,1,8,0.125,[+and] remind me to email my advisor on monday
s01_C_creak_C006,s01,C_creak,How long is the flight to Tokyo?,How long is the flight to Tokyo?,large-v3,int8,54024.9,0,0,0,7,0.0,how long is the flight to tokyo
s01_C_creak_C007,s01,C_creak,Add oat milk to my grocery list.,Add oat milk to my grocery list.,large-v3,int8,53997.3,0,0,0,7,0.0,add oat milk to my grocery list
s01_C_creak_C008,s01,C_creak,Call the gelato shop on Orchard Street.,call the gelato shop on Orchard Street.,large-v3,int8,54282.9,0,0,0,7,0.0,call the gelato shop on orchard street
s01_C_creak_C009,s01,C_creak,Turn off the bedroom lights.,Turn off the bedroom lights.,large-v3,int8,53605.5,0,0,0,5,0.0,turn off the bedroom lights
s01_C_creak_C010,s01,C_creak,What time does the library close today?,What time does the library close today?,large-v3,int8,54486.3,0,0,0,7,0.0,what time does the library close today
s01_C_creak_C011,s01,C_creak,Navigate to Grand Central Terminal.,navigate to Grand Central Terminal.,large-v3,int8,54378.7,0,0,0,5,0.0,navigate to grand central terminal
s01_C_creak_C012,s01,C_creak,Send a photo to the choir group chat.,Send a photo to the choir group chat.,large-v3,int8,53954.3,0,0,0,8,0.0,send a photo to the choir group chat
s01_C_creak_C013,s01,C_creak,Show me my calendar for next Thursday.,Show me my calendar for next Thursday.,large-v3,int8,53527.9,0,0,0,7,0.0,show me my calendar for next thursday
s01_C_creak_C014,s01,C_creak,Convert eighty degrees Fahrenheit to Celsius.,convert 80 degrees Fahrenheit to Celsius.,large-v3,int8,53974.7,0,0,0,6,0.0,convert eighty degrees fahrenheit to celsius
s01_C_creak_C015,s01,C_creak,Skip to the next song.,skipped in the next song.,large-v3,int8,53787.4,2,0,0,5,0.4,[skip->skipped] [to->in] the next song
s01_C_creak_C016,s01,C_creak,What's the score of the Mets game?,What's the score of the Mets game?,large-v3,int8,55102.2,0,0,0,7,0.0,what's the score of the mets game
s01_C_creak_C017,s01,C_creak,Set an alarm for six forty-five.,Set an alarm for 645.,large-v3,int8,53441.5,0,0,1,7,0.1429,set an alarm for six [+hundred] forty five
s01_C_creak_C018,s01,C_creak,Find a ramen place open past midnight.,Find a ramen place open past midnight,large-v3,int8,51665.8,0,0,0,7,0.0,find a ramen place open past midnight
s01_C_creak_C019,s01,C_creak,Read my last message from Anjali.,read my last message from Anjali,large-v3,int8,51988.5,0,0,0,6,0.0,read my last message from anjali
s01_C_creak_C020,s01,C_creak,How do you say thank you in Japanese?,how do you say thank you in Japanese?,large-v3,int8,53000.9,0,0,0,8,0.0,how do you say thank you in japanese
s01_C_creak_C021,s01,C_creak,Start a workout on my watch.,start a workout on my watch.,large-v3,int8,52160.6,0,0,0,6,0.0,start a workout on my watch
s01_C_creak_C022,s01,C_creak,Cancel my reminder about the dentist.,"Oh, cancel my reminder about the dentist.",large-v3,int8,53162.1,0,0,1,6,0.1667,[+oh] cancel my reminder about the dentist
s01_C_creak_C023,s01,C_creak,Take a note about the pitch analysis.,take a note about the pitch analysis.,large-v3,int8,53385.1,0,0,0,7,0.0,take a note about the pitch analysis
s01_C_creak_C024,s01,C_creak,What is twenty percent of forty-three dollars?,What is 20% of $43?,large-v3,int8,54775.9,0,0,0,8,0.0,what is twenty percent of forty three dollars
s01_C_creak_C025,s01,C_creak,Turn the volume down a little.,turn the volume down a little.,large-v3,int8,54137.0,0,0,0,6,0.0,turn the volume down a little
s01_C_creak_C026,s01,C_creak,Open the Praat documentation in Safari.,open the Pratt documentation in Safari.,large-v3,int8,54181.7,1,0,0,6,0.1667,open the [praat->pratt] documentation in safari
s01_C_creak_C027,s01,C_creak,Schedule a meeting for Friday afternoon.,scheduled a meeting for Friday afternoon.,large-v3,int8,53339.8,1,0,0,6,0.1667,[schedule->scheduled] a meeting for friday afternoon
s01_C_creak_C028,s01,C_creak,Is it going to rain this evening?,Is it going to rain this evening?,large-v3,int8,54169.6,0,0,0,7,0.0,is it going to rain this evening
s01_C_creak_C029,s01,C_creak,Play something quiet while I study.,play something quiet while I study.,large-v3,int8,54142.9,0,0,0,6,0.0,play something quiet while i study
s01_C_creak_C030,s01,C_creak,Delete the last voice memo.,delete the last voice memo.,large-v3,int8,52713.8,0,0,0,5,0.0,delete the last voice memo
s01_C_creak_C031,s01,C_creak,What's the fastest way to Morningside Heights?,what's the fastest way to Morningside Heights.,large-v3,int8,53802.4,0,0,0,7,0.0,what's the fastest way to morningside heights
s01_C_creak_C032,s01,C_creak,Add a wisteria trellis to my shopping list.,add wisteria trellis to my shopping list,large-v3,int8,53872.4,0,1,0,8,0.125,add [-a] wisteria trellis to my shopping list
s01_C_creak_C033,s01,C_creak,Tell me a joke about linguists.,Tell me a joke about linguists.,large-v3,int8,53001.6,0,0,0,6,0.0,tell me a joke about linguists
s01_C_creak_C034,s01,C_creak,Show me photos from Cape Cod.,Show me photos from Cape Cod.,large-v3,int8,55070.8,0,0,0,6,0.0,show me photos from cape cod
s01_C_creak_C035,s01,C_creak,How many days until September first?,How many days until September 1st?,large-v3,int8,53721.0,1,0,0,6,0.1667,how many days until september [first->onest]
s01_C_creak_C036,s01,C_creak,Turn on do not disturb until noon.,Turn on Do Not Disturb until noon.,large-v3,int8,53194.8,0,0,0,7,0.0,turn on do not disturb until noon
s01_C_creak_C037,s01,C_creak,Where is the nearest pharmacy?,Where is the nearest pharmacy?,large-v3,int8,52607.4,0,0,0,5,0.0,where is the nearest pharmacy
s01_C_creak_C038,s01,C_creak,Email the lab about the annotation deadline.,email the lab about the annotation deadlock.,large-v3,int8,54067.8,1,0,0,7,0.1429,email the lab about the annotation [deadline->deadlock]
s01_C_creak_C039,s01,C_creak,What's on my agenda this morning?,what's on my agenda this morning.,large-v3,int8,54145.3,0,0,0,6,0.0,what's on my agenda this morning
s01_C_creak_C040,s01,C_creak,Play white noise for thirty minutes.,Play white noise for 30 minutes.,large-v3,int8,53044.2,0,0,0,6,0.0,play white noise for thirty minutes
s01_C_creak_D001,s01,C_creak,The old bridge groaned under the weight of the truck.,The old bridge groaned under the weight of the truck.,large-v3,int8,54452.8,0,0,0,10,0.0,the old bridge groaned under the weight of the truck
s01_C_creak_D003,s01,C_creak,Seven zebras wandered across the dusty road.,Seven zebras wandered across the dusty road.,large-v3,int8,51252.7,0,0,0,7,0.0,seven zebras wandered across the dusty road
s01_C_creak_D002,s01,C_creak,She poured the vinegar into a shallow glass dish.,She poured the vinegar into a shallow glass dish.,large-v3,int8,51748.0,0,0,0,9,0.0,she poured the vinegar into a shallow glass dish
s01_C_creak_D005,s01,C_creak,The judge asked for silence in the crowded room.,The judge asked for silence in the crowded room.,large-v3,int8,52205.1,0,0,0,9,0.0,the judge asked for silence in the crowded room
s01_C_creak_D004,s01,C_creak,My grandmother kept her thimbles in a wooden box.,My grandmother kept her thimbles in a wooden box.,large-v3,int8,53068.1,0,0,0,9,0.0,my grandmother kept her thimbles in a wooden box
s01_C_creak_D006,s01,C_creak,Thick fog settled over the harbor before dawn.,and thick fog settled over the harbor before dawn.,large-v3,int8,53301.8,0,0,1,8,0.125,[+and] thick fog settled over the harbor before dawn
s01_C_creak_D007,s01,C_creak,He measured the flour twice and still got it wrong.,he measured the flower twice and still got it wrong.,large-v3,int8,52494.2,1,0,0,10,0.1,he measured the [flour->flower] twice and still got it wrong
s01_C_creak_D008,s01,C_creak,Purple thistles grew along the railway embankment.,Purple thistles grew along the railway embankment.,large-v3,int8,52884.5,0,0,0,7,0.0,purple thistles grew along the railway embankment
s01_C_creak_D009,s01,C_creak,The choir rehearsed the same passage eleven times.,The choir rehearsed with the same passage 11 times.,large-v3,int8,54846.4,0,0,1,8,0.125,the choir rehearsed [+with] the same passage eleven times
s01_C_creak_D011,s01,C_creak,They shipped the equipment in reinforced crate.,They shipped the equipment in reinforced crates.,large-v3,int8,53408.7,1,0,0,7,0.1429,they shipped the equipment in reinforced [crate->crates]
s01_C_creak_D010,s01,C_creak,A single moth circled the porch light all evening.,noon. A single moth circled the porch light all evening.,large-v3,int8,54625.0,0,0,1,9,0.1111,[+noon] a single moth circled the porch light all evening
s01_C_creak_D012,s01,C_creak,The tide pulled the small boat towards the rocks.,The tide pulled the small boat towards the rocks.,large-v3,int8,53518.3,0,0,0,9,0.0,the tide pulled the small boat towards the rocks
s01_C_creak_D013,s01,C_creak,Cinnamon and cloves filled the kitchen with warmth.,Cinnamon and cloves filled the kitchen with warmth.,large-v3,int8,53975.0,0,0,0,8,0.0,cinnamon and cloves filled the kitchen with warmth
s01_C_creak_D014,s01,C_creak,Nobody remembered who had locked the back doors.,Nobody remembered who had locked the back doors.,large-v3,int8,53252.1,0,0,0,8,0.0,nobody remembered who had locked the back doors
s01_C_creak_D015,s01,C_creak,The librarian stamped each card with quiet precision.,The librarian stabbed each card with quiet precision.,large-v3,int8,53979.9,1,0,0,8,0.125,the librarian [stamped->stabbed] each card with quiet precision
s01_C_creak_D016,s01,C_creak,Wet leaves clogged the gutter above the window.,wet leaves clogged the gutter above the window.,large-v3,int8,54244.7,0,0,0,8,0.0,wet leaves clogged the gutter above the window
s01_C_creak_D017,s01,C_creak,I bought a secondhand bicycle for forty dollars.,I brought a secondhand bicycle for $40.,large-v3,int8,53893.4,1,0,0,8,0.125,i [bought->brought] a secondhand bicycle for forty dollars
s01_C_creak_D018,s01,C_creak,The mountain village looked empty in the photograph.,The mountain village looked empty in the photograph.,large-v3,int8,53701.7,0,0,0,8,0.0,the mountain village looked empty in the photograph
s01_C_creak_D019,s01,C_creak,Three sparrows fought over a crust of bread.,three sparrows fought over a crust of bread.,large-v3,int8,54532.1,0,0,0,8,0.0,three sparrows fought over a crust of bread
s01_C_creak_D020,s01,C_creak,His youngest brother plays trumpet in the marching band.,his youngest brother plays trumpet in the marching band.,large-v3,int8,52952.8,0,0,0,9,0.0,his youngest brother plays trumpet in the marching band
s01_C_creak_D021,s01,C_creak,"The recipe calls for saffron, which we could not find.","The recipe calls for saffron, which we could not find.",large-v3,int8,53670.1,0,0,0,10,0.0,the recipe calls for saffron which we could not find
s01_C_creak_D022,s01,C_creak,Snow buried the fence posts by early January.,Snow buried the fence posts by early January.,large-v3,int8,53005.3,0,0,0,8,0.0,snow buried the fence posts by early january
s01_C_creak_D023,s01,C_creak,She wrote the whole essay on a borrowed laptop.,She wrote the whole essay on a borrowed laptop.,large-v3,int8,52981.3,0,0,0,9,0.0,she wrote the whole essay on a borrowed laptop
s01_C_creak_D024,s01,C_creak,The engine coughed once and then went silent.,The engine coughed once and then went silent.,large-v3,int8,53669.0,0,0,0,8,0.0,the engine coughed once and then went silent
s01_C_creak_D025,s01,C_creak,Amber light spilled across the polished floorboards.,amber light spilled across the polished floorboards.,large-v3,int8,52278.3,0,0,0,7,0.0,amber light spilled across the polished floorboards
s01_C_creak_D026,s01,C_creak,We watched the storm move east across the valley.,We watched the storm move east across the valley.,large-v3,int8,52140.8,0,0,0,9,0.0,we watched the storm move east across the valley
s01_C_creak_D027,s01,C_creak,The tailor pinned the hem with practiced fingers.,the dealer pin the hem with practice finger.,large-v3,int8,52788.5,4,0,0,8,0.5,the [tailor->dealer] [pinned->pin] the hem with [practiced->practice] [fingers->finger]
s01_C_creak_D028,s01,C_creak,Salt crusted the windows of the beach house.,salt crusted the windows of the beach house.,large-v3,int8,53479.3,0,0,0,8,0.0,salt crusted the windows of the beach house
s01_C_creak_D029,s01,C_creak,Their apartment smelled faintly of turpentine.,Their apartment smelled faintly of turpentine.,large-v3,int8,52158.1,0,0,0,6,0.0,their apartment smelled faintly of turpentine
s01_C_creak_D030,s01,C_creak,A heron stood motionless at the edge of the pond.,Herod stood motionless at the edge of the pond.,large-v3,int8,53759.2,1,1,0,10,0.2,[-a] [heron->herod] stood motionless at the edge of the pond
s01_C_creak_D031,s01,C_creak,The clock in the hallway runs about four minutes fast.,the clock in the hallway runs about four minutes fast.,large-v3,int8,53267.5,0,0,0,10,0.0,the clock in the hallway runs about four minutes fast
s01_C_creak_D032,s01,C_creak,He folded the newspapers and set it on the tape.,He folded the newspapers and set it on the table.,large-v3,int8,52795.6,1,0,0,10,0.1,he folded the newspapers and set it on the [tape->table]
s01_C_creak_D034,s01,C_creak,The children traded stickers during the long bus.,The children traded stickers during the long bus drive.,large-v3,int8,51977.9,0,0,1,8,0.125,the children traded stickers during the long bus [+drive]
s01_C_creak_D033,s01,C_creak,Bright green algae covered the surface of the water.,bright green algae covered the surface of the water.,large-v3,int8,52787.8,0,0,0,9,0.0,bright green algae covered the surface of the water
s01_C_creak_D035,s01,C_creak,Rain hammered the tin roof for most of the night.,Rain hammered the tin roof for most of the night.,large-v3,int8,52703.7,0,0,0,10,0.0,rain hammered the tin roof for most of the night
s01_C_creak_F002,s01,C_creak,"We ended up walking the whole way home, anyway.",We ended up walking the whole way home anyway.,large-v3,int8,51854.8,0,0,0,9,0.0,we ended up walking the whole way home anyway
s01_C_creak_F001,s01,C_creak,"I don't know what she was thinking, honest.","Honestly, I don't know what she was thinking, honestly.",large-v3,int8,52277.4,1,0,1,8,0.25,[+honestly] i don't know what she was thinking [honest->honestly]
s01_C_creak_F003,s01,C_creak,It was one of those afternoons where nothing happens at all.,it was one of those afternoons where nothing happens at all,large-v3,int8,53757.8,0,0,0,11,0.0,it was one of those afternoons where nothing happens at all
s01_C_creak_F004,s01,C_creak,"He said he'd call back, but he never really did.","He said he'd call back, but he never really did.",large-v3,int8,54863.2,0,0,0,10,0.0,he said he'd call back but he never really did
s01_C_creak_F005,s01,C_creak,"The whole thing fell apart before anyone noticed, apparently.",take the whole thing fell apart before anyone noticed apparently,large-v3,int8,55207.9,0,0,1,9,0.1111,[+take] the whole thing fell apart before anyone noticed apparently
s01_C_creak_F006,s01,C_creak,I guess that's just how it goes sometimes.,I guess that's just how it goes sometimes.,large-v3,int8,56333.4,0,0,0,8,0.0,i guess that's just how it goes sometimes
s01_C_creak_F007,s01,C_creak,She left the party early and nobody said anything.,word. She left the party early and nobody said anything.,large-v3,int8,56484.0,0,0,1,9,0.1111,[+word] she left the party early and nobody said anything
s01_C_creak_F009,s01,C_creak,They moved out to Oregon a couple of years ago.,They moved out to Oregon a couple of years ago.,large-v3,int8,56168.7,0,0,0,10,0.0,they moved out to oregon a couple of years ago
s01_C_creak_F008,s01,C_creak,"It's not that I mind, it's just kind of strange.",it's not that I mind it's just kind of strange,large-v3,int8,58050.1,0,0,0,10,0.0,it's not that i mind it's just kind of strange
s01_C_creak_F010,s01,C_creak,"Nothing about that story adds up, if you think about it.",Nothing about that story adds up if you think about it.,large-v3,int8,56765.7,0,0,0,11,0.0,nothing about that story adds up if you think about it
s01_C_creak_F011,s01,C_creak,I've been meaning to write back for a while now,I've been meaning to write back for a while now.,large-v3,int8,57238.7,0,0,0,10,0.0,i've been meaning to write back for a while now
s01_C_creak_F012,s01,C_creak,We sat in the car for maybe 20 minutes.,We sat in the car for maybe 20 minutes.,large-v3,int8,57988.8,0,0,0,9,0.0,we sat in the car for maybe twenty minutes
s01_C_creak_F013,s01,C_creak,He's been doing that same job for eleven years.,he's been doing that same job for 11 years.,large-v3,int8,60030.8,0,0,0,9,0.0,he's been doing that same job for eleven years
s01_C_creak_F015,s01,C_creak,"I never learned how to swim, which is embarrassing.","I never learned how to swim, which is embarrassing.",large-v3,int8,63552.5,0,0,0,9,0.0,i never learned how to swim which is embarrassing
s01_C_creak_F014,s01,C_creak,It rained the entire week we were on the island.,right it rained the entire week we were on the island,large-v3,int8,64678.3,0,0,1,10,0.1,[+right] it rained the entire week we were on the island
s01_C_creak_F018,s01,C_creak,"The apartment was smaller than we expected, obviously.",the apartment was smaller than we expected obviously,large-v3,int8,62130.6,0,0,0,8,0.0,the apartment was smaller than we expected obviously
s01_C_creak_F016,s01,C_creak,That's pretty much all anyone talked about afterward.,So that's pretty much all anyone talked about afterwards.,large-v3,int8,63877.2,1,0,1,8,0.25,[+so] that's pretty much all anyone talked about [afterward->afterwards]
s01_C_creak_F017,s01,C_creak,She kept apologizing even though it wasn't her fault.,"She kept apologizing, even though it wasn't her fault.",large-v3,int8,63763.8,0,0,0,9,0.0,she kept apologizing even though it wasn't her fault
s01_C_creak_F019,s01,C_creak,I think I left my keys somewhere in the stairwell.,I think I left my keys somewhere in the stairwell.,large-v3,int8,65166.0,0,0,0,10,0.0,i think i left my keys somewhere in the stairwell
s01_C_creak_F020,s01,C_creak,"It turned out fine, more or less, in the end.","it turned out fine, more or less, in the end.",large-v3,int8,65363.4,0,0,0,10,0.0,it turned out fine more or less in the end
s01_C_creak_F021,s01,C_creak,Nobody warned us about the traffic on the way in.,Nobody warned us about the traffic on the way in.,large-v3,int8,63222.9,0,0,0,10,0.0,nobody warned us about the traffic on the way in
s01_C_creak_F022,s01,C_creak,He mentioned it once and then never brought it up again.,he mentioned it once and then never brought it up again.,large-v3,int8,61390.4,0,0,0,11,0.0,he mentioned it once and then never brought it up again
s01_C_creak_F023,s01,C_creak,We were both too tired to argue about it anymore.,We were both too tired to argue about it anymore.,large-v3,int8,60867.9,0,0,0,10,0.0,we were both too tired to argue about it anymore
s01_C_creak_F024,s01,C_creak,I've been putting that conversation off for months.,And I've been putting that conversation off for months.,large-v3,int8,60328.0,0,0,1,8,0.125,[+and] i've been putting that conversation off for months
s02_A_modal_C001,s02,A_modal,Set a timer for twelve minutes.,Set a timer for 12 minutes.,large-v3,int8,58890.5,0,0,0,6,0.0,set a timer for twelve minutes
s01_C_creak_F025,s01,C_creak,It felt like the longest week of the entire summer.,it felt like the longest week of the entire summer.,large-v3,int8,60262.4,0,0,0,10,0.0,it felt like the longest week of the entire summer
s02_A_modal_C002,s02,A_modal,Text Marcus that I'm running late.,Text Marcus that I'm running late.,large-v3,int8,58670.1,0,0,0,6,0.0,text marcus that i'm running late
s02_A_modal_C003,s02,A_modal,What's the weather in Newton tomorrow?,What's the weather in Newton tomorrow?,large-v3,int8,58046.7,0,0,0,6,0.0,what's the weather in newton tomorrow
s02_A_modal_C004,s02,A_modal,Play the new Noah Kahn album.,Play the new Noah Khan album.,large-v3,int8,56731.8,1,0,0,6,0.1667,play the new noah [kahn->khan] album
s02_A_modal_C006,s02,A_modal,How long is the flight to Tokyo?,How long is the flight to Tokyo?,large-v3,int8,52895.7,0,0,0,7,0.0,how long is the flight to tokyo
s02_A_modal_C005,s02,A_modal,Remind me to email my advisor on Monday.,Remind me to email my advisor on Monday.,large-v3,int8,53721.1,0,0,0,8,0.0,remind me to email my advisor on monday
s02_A_modal_C007,s02,A_modal,Add oat milk to my grocery list.,Add oat milk to my grocery list.,large-v3,int8,52945.3,0,0,0,7,0.0,add oat milk to my grocery list
s02_A_modal_C009,s02,A_modal,Turn off the bedroom lights.,Turn off the bedroom lights.,large-v3,int8,52810.5,0,0,0,5,0.0,turn off the bedroom lights
s02_A_modal_C008,s02,A_modal,Call the gelato shop on Orchard Street.,Call the gelato shop on Orchard Street.,large-v3,int8,54739.3,0,0,0,7,0.0,call the gelato shop on orchard street
s02_A_modal_C010,s02,A_modal,What time does the library close today?,What time does the library close today?,large-v3,int8,54743.7,0,0,0,7,0.0,what time does the library close today
s02_A_modal_C011,s02,A_modal,Navigate to Grand Central Terminal.,Navigate to Grand Central Terminal.,large-v3,int8,53922.7,0,0,0,5,0.0,navigate to grand central terminal
s02_A_modal_C012,s02,A_modal,Send a photo to the choir group chat.,Send a photo to the choir group chat.,large-v3,int8,52644.8,0,0,0,8,0.0,send a photo to the choir group chat
s02_A_modal_C013,s02,A_modal,Show me my calendar for next Thursday.,Show me my calendar for next Thursday.,large-v3,int8,51509.1,0,0,0,7,0.0,show me my calendar for next thursday
s02_A_modal_C014,s02,A_modal,Convert eighty degrees Fahrenheit to Celsius.,Convert 80 degrees Fahrenheit to Celsius.,large-v3,int8,50868.4,0,0,0,6,0.0,convert eighty degrees fahrenheit to celsius
s02_A_modal_C015,s02,A_modal,Skip to the next song.,Skip to the next song.,large-v3,int8,51101.9,0,0,0,5,0.0,skip to the next song
s02_A_modal_C016,s02,A_modal,What's the score of the Mets game?,What's the score of the Mets game?,large-v3,int8,52316.1,0,0,0,7,0.0,what's the score of the mets game
s02_A_modal_C017,s02,A_modal,Set an alarm for six forty-five.,Set an alarm for 645.,large-v3,int8,51387.6,0,0,1,7,0.1429,set an alarm for six [+hundred] forty five
s02_A_modal_C018,s02,A_modal,Find a ramen place open past midnight.,Find a ramen place open past midnight.,large-v3,int8,51717.4,0,0,0,7,0.0,find a ramen place open past midnight
s02_A_modal_C019,s02,A_modal,Read my last message from Anjali.,Read my last message from Anjali.,large-v3,int8,52150.5,0,0,0,6,0.0,read my last message from anjali
s02_A_modal_C020,s02,A_modal,How do you say thank you in Japanese?,How do you say thank you in Japanese?,large-v3,int8,53093.6,0,0,0,8,0.0,how do you say thank you in japanese
s02_A_modal_C021,s02,A_modal,Start a workout on my watch.,Start a workout on my watch.,large-v3,int8,51060.6,0,0,0,6,0.0,start a workout on my watch
s02_A_modal_C022,s02,A_modal,Cancel my reminder about the dentist.,Cancel my reminder about the dentist.,large-v3,int8,51574.9,0,0,0,6,0.0,cancel my reminder about the dentist
s02_A_modal_C023,s02,A_modal,Take a note about the pitch analysis.,Take a note about the pitch analysis.,large-v3,int8,51852.7,0,0,0,7,0.0,take a note about the pitch analysis
s02_A_modal_C025,s02,A_modal,Turn the volume down a little.,Turn the volume down a little bit.,large-v3,int8,51424.7,0,0,1,6,0.1667,turn the volume down a little [+bit]
s02_A_modal_C024,s02,A_modal,What is twenty percent of forty-three dollars?,What is 20% of $43?,large-v3,int8,51841.8,0,0,0,8,0.0,what is twenty percent of forty three dollars
s02_A_modal_C026,s02,A_modal,Open the Praat documentation in Safari.,open the Pratt documentation in Safari.,large-v3,int8,52340.2,1,0,0,6,0.1667,open the [praat->pratt] documentation in safari
s02_A_modal_C027,s02,A_modal,Schedule a meeting for Friday afternoon.,Schedule a meeting for Friday afternoon.,large-v3,int8,51375.7,0,0,0,6,0.0,schedule a meeting for friday afternoon
s02_A_modal_C028,s02,A_modal,Is it going to rain this evening?,Is it going to rain this evening?,large-v3,int8,51176.8,0,0,0,7,0.0,is it going to rain this evening
s02_A_modal_C029,s02,A_modal,Play something quiet while I study.,Play something quiet while I study.,large-v3,int8,52568.3,0,0,0,6,0.0,play something quiet while i study
s02_A_modal_C030,s02,A_modal,delete that last voice memo.,Delete that last voice memo.,large-v3,int8,53585.5,0,0,0,5,0.0,delete that last voice memo
s02_A_modal_C031,s02,A_modal,What's the fastest way to Morningside Heights?,What's the fastest way to Morningside Heights?,large-v3,int8,54632.8,0,0,0,7,0.0,what's the fastest way to morningside heights
s02_A_modal_C033,s02,A_modal,Tell me a joke about linguists.,Tell me a joke about linguists.,large-v3,int8,53649.9,0,0,0,6,0.0,tell me a joke about linguists
s02_A_modal_C032,s02,A_modal,Add a wisteria trellis to my shopping list.,Add Wisteria Trellis to my shopping list.,large-v3,int8,55160.5,0,1,0,8,0.125,add [-a] wisteria trellis to my shopping list
s02_A_modal_C034,s02,A_modal,Show me photos from Cape Cod.,Show me photos from Cape Cod.,large-v3,int8,54886.9,0,0,0,6,0.0,show me photos from cape cod
s02_A_modal_C035,s02,A_modal,How many days until September?,How many days until September 4th?,large-v3,int8,56068.1,0,0,1,5,0.2,how many days until september [+fourth]
s02_A_modal_C036,s02,A_modal,Turn on do not disturb until noon.,Turn on Do Not Disturb until noon.,large-v3,int8,56746.9,0,0,0,7,0.0,turn on do not disturb until noon
s02_A_modal_C037,s02,A_modal,What is the nearest pharmacy?,What is the nearest pharmacy?,large-v3,int8,60788.8,0,0,0,5,0.0,what is the nearest pharmacy
s02_A_modal_C038,s02,A_modal,Email the lab about the annotation deadline.,Email the lab about the annotation deadline.,large-v3,int8,59857.7,0,0,0,7,0.0,email the lab about the annotation deadline
s02_A_modal_C039,s02,A_modal,What's my agenda this morning?,What's my agenda this morning?,large-v3,int8,59158.8,0,0,0,5,0.0,what's my agenda this morning
s02_A_modal_C040,s02,A_modal,Play white noise for thirty minutes.,Play white noise for 30 minutes.,large-v3,int8,58816.3,0,0,0,6,0.0,play white noise for thirty minutes
s02_A_modal_D001,s02,A_modal,The old bridge groaned under the weight of the truck.,The old bridge groaned under the weight of the truck.,large-v3,int8,61310.0,0,0,0,10,0.0,the old bridge groaned under the weight of the truck
s02_A_modal_D002,s02,A_modal,She poured the vinegar into a shallow glass dish.,She poured the vinegar into a shallow glass dish.,large-v3,int8,60626.4,0,0,0,9,0.0,she poured the vinegar into a shallow glass dish
s02_A_modal_D003,s02,A_modal,Seven zebras wandered across the dusty road.,Seven zebras wandered across the dusty road.,large-v3,int8,62680.6,0,0,0,7,0.0,seven zebras wandered across the dusty road
s02_A_modal_D004,s02,A_modal,My grandmother kept her thimbles in a wooden box.,my grandmother kept her thimbles in a wooden box.,large-v3,int8,62557.3,0,0,0,9,0.0,my grandmother kept her thimbles in a wooden box
s02_A_modal_D005,s02,A_modal,The judge asked for silence in the crowded room.,The judge asked for silence in the crowded room.,large-v3,int8,60930.8,0,0,0,9,0.0,the judge asked for silence in the crowded room
s02_A_modal_D006,s02,A_modal,Thick fog settled over the harbor before dawn.,Thick fog settled over the harbor before dawn.,large-v3,int8,61487.2,0,0,0,8,0.0,thick fog settled over the harbor before dawn
s02_A_modal_D007,s02,A_modal,He measured the flour twice and got it wrong.,He measured the flower twice and got it wrong.,large-v3,int8,60481.4,1,0,0,9,0.1111,he measured the [flour->flower] twice and got it wrong
s02_A_modal_D008,s02,A_modal,Purple thistles grew along the railway embankment.,Purple thistles grew along the railway embankment.,large-v3,int8,60682.5,0,0,0,7,0.0,purple thistles grew along the railway embankment
s02_A_modal_D009,s02,A_modal,The choir rehearsed the same passage eleven times.,The choir rehearsed the same passage eleven times.,large-v3,int8,60674.4,0,0,0,8,0.0,the choir rehearsed the same passage eleven times
s02_A_modal_D010,s02,A_modal,A single moth circled the porch light all evening.,A single moth circled the porch light all evening.,large-v3,int8,61618.6,0,0,0,9,0.0,a single moth circled the porch light all evening
s02_A_modal_D011,s02,A_modal,They shipped the equipment in reinforced crate.,they shipped the equipment in reinforced crates.,large-v3,int8,61163.0,1,0,0,7,0.1429,they shipped the equipment in reinforced [crate->crates]
s02_A_modal_D012,s02,A_modal,The tide pulled the small boat towards the rocks.,The tide pulled the small boat towards the rocks.,large-v3,int8,61324.7,0,0,0,9,0.0,the tide pulled the small boat towards the rocks
s02_A_modal_D013,s02,A_modal,Cinnamon and cloves filled the kitchen with warmth.,Cinnamon and cloves filled the kitchen with warmth.,large-v3,int8,61264.2,0,0,0,8,0.0,cinnamon and cloves filled the kitchen with warmth
s02_A_modal_D014,s02,A_modal,Nobody remembered who had locked the back door.,Nobody remembered who had locked the back door.,large-v3,int8,61547.8,0,0,0,8,0.0,nobody remembered who had locked the back door
s02_A_modal_D015,s02,A_modal,The librarian stamped each card with quiet precision.,The librarian stamped each card with quiet precision.,large-v3,int8,61804.4,0,0,0,8,0.0,the librarian stamped each card with quiet precision
s02_A_modal_D016,s02,A_modal,Wet leaves clogged the gutter above the window.,Wet leaves clogged the gutter above the window.,large-v3,int8,62784.1,0,0,0,8,0.0,wet leaves clogged the gutter above the window
s02_A_modal_D017,s02,A_modal,I bought a secondhand bicycle for forty dollars.,I bought a secondhand bicycle for $40.,large-v3,int8,62331.6,0,0,0,8,0.0,i bought a secondhand bicycle for forty dollars
s02_A_modal_D018,s02,A_modal,The mountain village looked empty in the photograph.,The mountain village looked empty in the photograph.,large-v3,int8,62634.0,0,0,0,8,0.0,the mountain village looked empty in the photograph
s02_A_modal_D019,s02,A_modal,Three sparrows fought over a crust of bread.,three sparrows fought over a crust of bread.,large-v3,int8,62872.1,0,0,0,8,0.0,three sparrows fought over a crust of bread
s02_A_modal_D020,s02,A_modal,His youngest brother plays trumpet in the marching band.,His youngest brother plays the trumpet in the marching band.,large-v3,int8,63365.1,0,0,1,9,0.1111,his youngest brother plays [+the] trumpet in the marching band
s02_A_modal_D021,s02,A_modal,"The recipe called for saffron, which we could not find.","The recipe called for saffron, which we could not find.",large-v3,int8,63554.5,0,0,0,10,0.0,the recipe called for saffron which we could not find
s02_A_modal_D022,s02,A_modal,Snow buried the fence posts by early January.,Snow buried the fence posts by early January.,large-v3,int8,62284.6,0,0,0,8,0.0,snow buried the fence posts by early january
s02_A_modal_D023,s02,A_modal,She wrote a whole essay on a borrowed laptop.,She wrote a whole essay on a borrowed laptop.,large-v3,int8,62474.9,0,0,0,9,0.0,she wrote a whole essay on a borrowed laptop
s02_A_modal_D024,s02,A_modal,The engine coughed once and then went silent.,The engine coughed once and then went silent.,large-v3,int8,63106.0,0,0,0,8,0.0,the engine coughed once and then went silent
s02_A_modal_D025,s02,A_modal,Amber light spilled across the polished floorboards.,Amber light spilled across the polished floorboards.,large-v3,int8,62159.9,0,0,0,7,0.0,amber light spilled across the polished floorboards
s02_A_modal_D026,s02,A_modal,We watched the storm move east across the valley.,We watched the storm move east across the valley.,large-v3,int8,61522.7,0,0,0,9,0.0,we watched the storm move east across the valley
s02_A_modal_D027,s02,A_modal,The tailor pinned the hem with practiced fingers.,The tailor pinned the hem with practiced fingers.,large-v3,int8,61811.2,0,0,0,8,0.0,the tailor pinned the hem with practiced fingers
s02_A_modal_D028,s02,A_modal,Salt crusted the windows of the beach house.,Salt crusted the windows of the beach house.,large-v3,int8,61807.3,0,0,0,8,0.0,salt crusted the windows of the beach house
s02_A_modal_D029,s02,A_modal,Their apartment smelled faintly of turpentine.,their apartment smelled faintly of turpentine.,large-v3,int8,62065.9,0,0,0,6,0.0,their apartment smelled faintly of turpentine
s02_A_modal_D030,s02,A_modal,A heron stood motionless at the edge of the pond.,A heron stood motionless at the edge of the pond.,large-v3,int8,62492.0,0,0,0,10,0.0,a heron stood motionless at the edge of the pond
s02_A_modal_D031,s02,A_modal,The clock in the hallway runs about four minutes fast.,The clock in the hallway runs about 4 minutes fast.,large-v3,int8,61748.3,0,0,0,10,0.0,the clock in the hallway runs about four minutes fast
s02_A_modal_D032,s02,A_modal,He folded the newspaper and set it on the table.,He folded the newspaper and set it on the table.,large-v3,int8,61827.9,0,0,0,10,0.0,he folded the newspaper and set it on the table
s02_A_modal_D033,s02,A_modal,Bright green algae covered the surface of the water.,Bright green algae covered the surface of the water.,large-v3,int8,62655.3,0,0,0,9,0.0,bright green algae covered the surface of the water
s02_A_modal_D034,s02,A_modal,The children traded stickers during the long bus ride.,The children traded stickers during the long bus ride.,large-v3,int8,61704.0,0,0,0,9,0.0,the children traded stickers during the long bus ride
s02_A_modal_D035,s02,A_modal,Rain hammered the tin roof for most of the night.,Rain hammered the tin roof for most of the night.,large-v3,int8,62474.2,0,0,0,10,0.0,rain hammered the tin roof for most of the night
s02_A_modal_F001,s02,A_modal,"I don't really know what she was thinking, honestly.","I don't really know what she was thinking, honestly.",large-v3,int8,61266.7,0,0,0,9,0.0,i don't really know what she was thinking honestly
s02_A_modal_F002,s02,A_modal,"We ended up walking the whole way home, anyway.",We ended up walking the whole way home anyway.,large-v3,int8,61156.8,0,0,0,9,0.0,we ended up walking the whole way home anyway
s02_A_modal_F003,s02,A_modal,It was one of those afternoons where nothing happened at all.,It was one of those afternoons where nothing happened at all.,large-v3,int8,61999.8,0,0,0,11,0.0,it was one of those afternoons where nothing happened at all
s02_A_modal_F004,s02,A_modal,"He said he'd call back, but he never really did.","He said he'd call back, but he never really did.",large-v3,int8,62549.6,0,0,0,10,0.0,he said he'd call back but he never really did
s02_A_modal_F005,s02,A_modal,"The whole thing fell apart before anyone noticed, apparently.","The whole thing fell apart before anyone noticed, apparently.",large-v3,int8,61716.8,0,0,0,9,0.0,the whole thing fell apart before anyone noticed apparently
s02_A_modal_F006,s02,A_modal,I guess that's just how it goes sometimes.,I guess that's just how it goes sometimes.,large-v3,int8,61572.7,0,0,0,8,0.0,i guess that's just how it goes sometimes
s02_A_modal_F007,s02,A_modal,She left the party early and nobody said anything.,She left the party early and nobody said anything.,large-v3,int8,62231.1,0,0,0,9,0.0,she left the party early and nobody said anything
s02_A_modal_F008,s02,A_modal,"It's not that I mind, it's just kind of strange.","It's not that I might, it's just kind of strange.",large-v3,int8,63485.9,1,0,0,10,0.1,it's not that i [mind->might] it's just kind of strange
s02_A_modal_F009,s02,A_modal,They moved out to Oregon a couple years ago.,They moved out to Oregon a couple years ago.,large-v3,int8,62684.4,0,0,0,9,0.0,they moved out to oregon a couple years ago
s02_A_modal_F010,s02,A_modal,"Nothing about that story adds up, if you think about it.",Nothing about that story adds up if you think about it.,large-v3,int8,62040.9,0,0,0,11,0.0,nothing about that story adds up if you think about it
s02_A_modal_F011,s02,A_modal,I've been meaning to write back for a while now.,I've been meaning to write back for a while now.,large-v3,int8,62462.0,0,0,0,10,0.0,i've been meaning to write back for a while now
s02_A_modal_F012,s02,A_modal,We sat there in the car for maybe twenty minutes.,We sat there in the car for maybe 20 minutes.,large-v3,int8,61438.4,0,0,0,10,0.0,we sat there in the car for maybe twenty minutes
s02_A_modal_F013,s02,A_modal,He's been doing that same job for eleven years.,He's been doing that same job for 11 years.,large-v3,int8,62007.2,0,0,0,9,0.0,he's been doing that same job for eleven years
s02_A_modal_F014,s02,A_modal,It rained the entire week we were on the island.,It rained the entire week we were on the island.,large-v3,int8,60822.2,0,0,0,10,0.0,it rained the entire week we were on the island
s02_A_modal_F015,s02,A_modal,"I never learned how to swim, which is embarrassing.","I never learned how to swim, which is embarrassing.",large-v3,int8,60029.3,0,0,0,9,0.0,i never learned how to swim which is embarrassing
s02_A_modal_F016,s02,A_modal,That's pretty much all anyone talked about afterward.,That's pretty much all anyone talked about afterwards.,large-v3,int8,60105.5,1,0,0,8,0.125,that's pretty much all anyone talked about [afterward->afterwards]
s02_A_modal_F017,s02,A_modal,She kept apologizing even though it wasn't her fault.,She kept apologizing even though it wasn't her fault.,large-v3,int8,61237.9,0,0,0,9,0.0,she kept apologizing even though it wasn't her fault
s02_A_modal_F018,s02,A_modal,"The apartment was smaller than we expected, obviously.","The apartment was smaller than we expected, obviously.",large-v3,int8,59719.7,0,0,0,8,0.0,the apartment was smaller than we expected obviously
s02_A_modal_F019,s02,A_modal,I think I left my keys somewhere in the stairwell.,I think I left my keys somewhere in the stairwell.,large-v3,int8,60805.7,0,0,0,10,0.0,i think i left my keys somewhere in the stairwell
s02_A_modal_F020,s02,A_modal,"It turned out fine, more or less, in the end.","It turned out fine, more or less, in the end.",large-v3,int8,61086.5,0,0,0,10,0.0,it turned out fine more or less in the end
s02_A_modal_F021,s02,A_modal,Nobody warned us about the traffic on the way in.,Nobody warned us about the traffic on the way in.,large-v3,int8,60429.0,0,0,0,10,0.0,nobody warned us about the traffic on the way in
s02_A_modal_F022,s02,A_modal,He mentioned it once and then never brought it up again.,He mentioned it once and then never brought it up again.,large-v3,int8,61326.8,0,0,0,11,0.0,he mentioned it once and then never brought it up again
s02_A_modal_F023,s02,A_modal,We were both too tired to argue about it anymore.,We were both too tired to argue about it anymore.,large-v3,int8,60755.7,0,0,0,10,0.0,we were both too tired to argue about it anymore
s02_A_modal_F024,s02,A_modal,I've been putting that conversation off for months.,I've been putting that conversation off for months.,large-v3,int8,60589.6,0,0,0,8,0.0,i've been putting that conversation off for months
s02_A_modal_F025,s02,A_modal,It felt like the longest week of my entire summer.,It felt like the longest week of my entire summer.,large-v3,int8,60974.0,0,0,0,10,0.0,it felt like the longest week of my entire summer
s02_B_natural_C001,s02,B_natural,Set a timer for twelve minutes.,Set a timer for 12 minutes.,large-v3,int8,60209.8,0,0,0,6,0.0,set a timer for twelve minutes
s02_B_natural_C002,s02,B_natural,Text Marcus that I'm running late.,Text Marcus that I'm running late.,large-v3,int8,61009.2,0,0,0,6,0.0,text marcus that i'm running late
s02_B_natural_C003,s02,B_natural,What's the weather in Newton tomorrow?,What's the weather in Newton tomorrow?,large-v3,int8,61485.0,0,0,0,6,0.0,what's the weather in newton tomorrow
s02_B_natural_C004,s02,B_natural,Play the new Noah Kahn album.,Play the new Noah Kahn album.,large-v3,int8,61089.5,0,0,0,6,0.0,play the new noah kahn album
s02_B_natural_C005,s02,B_natural,Remind me to email my advisor on Monday.,Remind me to email my advisor on Monday.,large-v3,int8,62669.8,0,0,0,8,0.0,remind me to email my advisor on monday
s02_B_natural_C006,s02,B_natural,How long is the flight to Tokyo?,How long is the flight to Tokyo?,large-v3,int8,61747.8,0,0,0,7,0.0,how long is the flight to tokyo
s02_B_natural_C007,s02,B_natural,Add oat milk to my grocery list.,Add oat milk to my grocery list.,large-v3,int8,61828.5,0,0,0,7,0.0,add oat milk to my grocery list
s02_B_natural_C008,s02,B_natural,Call the gelato shop on Orchard Street.,Call the gelato shop on Orchard Street.,large-v3,int8,61916.1,0,0,0,7,0.0,call the gelato shop on orchard street
s02_B_natural_C009,s02,B_natural,Turn off the bedroom lights.,Turn off the bedroom lights.,large-v3,int8,58985.1,0,0,0,5,0.0,turn off the bedroom lights
s02_B_natural_C010,s02,B_natural,What time does the library close today?,What time does the library close today?,large-v3,int8,60310.6,0,0,0,7,0.0,what time does the library close today
s02_B_natural_C011,s02,B_natural,Navigate to Grand Central Terminal.,Navigate to Grand Central Terminal.,large-v3,int8,60803.6,0,0,0,5,0.0,navigate to grand central terminal
s02_B_natural_C012,s02,B_natural,Send a photo to the choir group chat.,Send a photo to the choir group chat.,large-v3,int8,60825.7,0,0,0,8,0.0,send a photo to the choir group chat
s02_B_natural_C013,s02,B_natural,Show me my calendar for next Thursday.,Show me my calendar for next Thursday.,large-v3,int8,59849.7,0,0,0,7,0.0,show me my calendar for next thursday
s02_B_natural_C014,s02,B_natural,Convert eighty degrees Fahrenheit to Celsius.,Convert 80 degrees Fahrenheit to Celsius.,large-v3,int8,59817.3,0,0,0,6,0.0,convert eighty degrees fahrenheit to celsius
s02_B_natural_C015,s02,B_natural,Skip to the next song.,skip to the next song,large-v3,int8,58563.3,0,0,0,5,0.0,skip to the next song
s02_B_natural_C016,s02,B_natural,What's the score of the Mets game?,What's the score of the Mets game?,large-v3,int8,59628.3,0,0,0,7,0.0,what's the score of the mets game
s02_B_natural_C017,s02,B_natural,Set an alarm for six forty-five.,Set an alarm for 645.,large-v3,int8,59378.7,0,0,1,7,0.1429,set an alarm for six [+hundred] forty five
s02_B_natural_C018,s02,B_natural,Find a ramen place open past midnight.,Find a ramen place open past midnight.,large-v3,int8,59386.9,0,0,0,7,0.0,find a ramen place open past midnight
s02_B_natural_C020,s02,B_natural,How do you say thank you in Japanese?,How do you say thank you in Japanese?,large-v3,int8,58501.4,0,0,0,8,0.0,how do you say thank you in japanese
s02_B_natural_C019,s02,B_natural,Read my last message from Anjali.,Read my last message from Anjali.,large-v3,int8,59758.1,0,0,0,6,0.0,read my last message from anjali
s02_B_natural_C021,s02,B_natural,Start a workout on my watch.,Start a workout on my watch.,large-v3,int8,59664.5,0,0,0,6,0.0,start a workout on my watch
s02_B_natural_C022,s02,B_natural,Cancel my reminder about the dentist.,Cancel my reminder about the dentist.,large-v3,int8,59566.8,0,0,0,6,0.0,cancel my reminder about the dentist
s02_B_natural_C023,s02,B_natural,Take a note about the pitch analysis.,Take a note about the pitch analysis.,large-v3,int8,59723.1,0,0,0,7,0.0,take a note about the pitch analysis
s02_B_natural_C024,s02,B_natural,What is twenty percent of forty-three dollars?,What is 20% of $43?,large-v3,int8,58630.2,0,0,0,8,0.0,what is twenty percent of forty three dollars
s02_B_natural_C025,s02,B_natural,Turn the volume down a little.,Turn the volume down a little.,large-v3,int8,59492.2,0,0,0,6,0.0,turn the volume down a little
s02_B_natural_C026,s02,B_natural,Open the Praat documentation in Safari.,Open the PRAT documentation in Safari.,large-v3,int8,61097.4,1,0,0,6,0.1667,open the [praat->prat] documentation in safari
s02_B_natural_C027,s02,B_natural,Schedule a meeting for Friday afternoon.,Schedule a meeting for Friday afternoon.,large-v3,int8,60429.2,0,0,0,6,0.0,schedule a meeting for friday afternoon
s02_B_natural_C028,s02,B_natural,Is it gonna rain this evening?,Is it going to rain this evening?,large-v3,int8,60346.2,1,0,1,6,0.3333,is it [+going] [gonna->to] rain this evening
s02_B_natural_C029,s02,B_natural,Play something quiet while I study.,Play something quiet while I study.,large-v3,int8,61251.4,0,0,0,6,0.0,play something quiet while i study
s02_B_natural_C030,s02,B_natural,Delete the last voice memo.,Delete the last voice memo.,large-v3,int8,61069.8,0,0,0,5,0.0,delete the last voice memo
s02_B_natural_C031,s02,B_natural,What's the fastest way to Morningside Heights?,What's the fastest way to Morningside Heights?,large-v3,int8,63021.7,0,0,0,7,0.0,what's the fastest way to morningside heights
s02_B_natural_C032,s02,B_natural,Add a wisteria trellis to my shopping list.,Add Wisteria Trellis to my shopping list.,large-v3,int8,62820.2,0,1,0,8,0.125,add [-a] wisteria trellis to my shopping list
s02_B_natural_C033,s02,B_natural,Tell me a joke about linguists.,Tell me a joke about linguists.,large-v3,int8,61205.9,0,0,0,6,0.0,tell me a joke about linguists
s02_B_natural_C034,s02,B_natural,Show me photos from Cape Cod.,Show me photos from Cape Cod.,large-v3,int8,60152.4,0,0,0,6,0.0,show me photos from cape cod
s02_B_natural_C035,s02,B_natural,How many days until September first?,How many days until September 4th?,large-v3,int8,59557.8,1,0,0,6,0.1667,how many days until september [first->fourth]
s02_B_natural_C036,s02,B_natural,Turn on do not disturb until noon.,Turn on Do Not Disturb until noon.,large-v3,int8,59687.4,0,0,0,7,0.0,turn on do not disturb until noon
s02_B_natural_C037,s02,B_natural,Where is the nearest pharmacy?,Where is the nearest pharmacy?,large-v3,int8,58943.6,0,0,0,5,0.0,where is the nearest pharmacy
s02_B_natural_C038,s02,B_natural,Email the lab about the annotation deadline.,Email the lab about the annotation deadline.,large-v3,int8,59414.5,0,0,0,7,0.0,email the lab about the annotation deadline
s02_B_natural_C039,s02,B_natural,What's on my agenda this morning?,What's on my agenda this morning?,large-v3,int8,59516.2,0,0,0,6,0.0,what's on my agenda this morning
s02_B_natural_C040,s02,B_natural,Play white noise for thirty minutes.,Play white noise for 30 minutes.,large-v3,int8,59115.9,0,0,0,6,0.0,play white noise for thirty minutes
s02_B_natural_D001,s02,B_natural,The old bridge groaned under the weight of the truck.,The old bridge groaned under the weight of the truck.,large-v3,int8,60741.3,0,0,0,10,0.0,the old bridge groaned under the weight of the truck
s02_B_natural_D003,s02,B_natural,Seven zebras wandered across the dusty road.,Seven zebras wandered across the dusty road.,large-v3,int8,58917.3,0,0,0,7,0.0,seven zebras wandered across the dusty road
s02_B_natural_D002,s02,B_natural,She poured the vinegar into a shallow glass dish.,She poured the vinegar into a shallow glass dish.,large-v3,int8,59558.8,0,0,0,9,0.0,she poured the vinegar into a shallow glass dish
s02_B_natural_D004,s02,B_natural,My grandmother kept her thimbles in a wooden box.,My grandmother kept our thimbles in a wooden box.,large-v3,int8,59817.7,1,0,0,9,0.1111,my grandmother kept [her->our] thimbles in a wooden box
s02_B_natural_D005,s02,B_natural,The judge asked for silence in the crowded room.,The judge asked for silence in the crowded room.,large-v3,int8,60519.3,0,0,0,9,0.0,the judge asked for silence in the crowded room
s02_B_natural_D006,s02,B_natural,Thick fog settled over the harbor before dawn.,Thick fog settled over the harbor before dawn.,large-v3,int8,60168.3,0,0,0,8,0.0,thick fog settled over the harbor before dawn
s02_B_natural_D007,s02,B_natural,He measured the flour twice and still got it wrong.,He measured the flour twice and still got it wrong.,large-v3,int8,60320.8,0,0,0,10,0.0,he measured the flour twice and still got it wrong
s02_B_natural_D008,s02,B_natural,Purple thistles grew along the railway embankment.,"Purple thistles grew along the railway embankment,",large-v3,int8,59616.2,0,0,0,7,0.0,purple thistles grew along the railway embankment
s02_B_natural_D009,s02,B_natural,The choir rehearsed the same passage eleven times.,The choir rehearsed the same passage 11 times.,large-v3,int8,59999.8,0,0,0,8,0.0,the choir rehearsed the same passage eleven times
s02_B_natural_D011,s02,B_natural,They shipped the equipment in reinforced crates.,They shipped the equipment in reinforced crates.,large-v3,int8,59027.3,0,0,0,7,0.0,they shipped the equipment in reinforced crates
s02_B_natural_D012,s02,B_natural,The tide pulled the small boat towards the rocks.,The tide pulled the small boat towards the rocks.,large-v3,int8,59839.6,0,0,0,9,0.0,the tide pulled the small boat towards the rocks
s02_B_natural_D010,s02,B_natural,A single moth circled the porch light all evening.,A single moth circled the porch light all evening.,large-v3,int8,62253.3,0,0,0,9,0.0,a single moth circled the porch light all evening
s02_B_natural_D013,s02,B_natural,Cinnamon and cloves filled the kitchen with warmth.,Cinnamon-enclosed filled the kitchen with warmth.,large-v3,int8,61258.5,1,1,0,8,0.25,cinnamon [-and] [cloves->enclosed] filled the kitchen with warmth
s02_B_natural_D014,s02,B_natural,Nobody remembered who had locked the back door.,Nobody remembered who had locked the back door.,large-v3,int8,61136.0,0,0,0,8,0.0,nobody remembered who had locked the back door
s02_B_natural_D015,s02,B_natural,The librarian stamped each card with quiet precision.,The librarian stamped each card with quiet precision.,large-v3,int8,61771.6,0,0,0,8,0.0,the librarian stamped each card with quiet precision
s02_B_natural_D016,s02,B_natural,Wet leaves clogged the gutter above the window.,Wet leaves clogged the gutter above the window.,large-v3,int8,62460.6,0,0,0,8,0.0,wet leaves clogged the gutter above the window
s02_B_natural_D017,s02,B_natural,I bought a secondhand bicycle for forty dollars.,I bought a secondhand bicycle for $40.,large-v3,int8,60872.2,0,0,0,8,0.0,i bought a secondhand bicycle for forty dollars
s02_B_natural_D018,s02,B_natural,The mountain village looked empty in the photograph.,The mountain village looked empty in the photograph.,large-v3,int8,60898.6,0,0,0,8,0.0,the mountain village looked empty in the photograph
s02_B_natural_D019,s02,B_natural,Three sparrows fought over a crust of bread.,Three sparrows fought over a crust of bread.,large-v3,int8,61670.1,0,0,0,8,0.0,three sparrows fought over a crust of bread
s02_B_natural_D020,s02,B_natural,His youngest brother plays trumpet in the marching band.,His youngest brother plays trumpet in the marching band.,large-v3,int8,60822.3,0,0,0,9,0.0,his youngest brother plays trumpet in the marching band
s02_B_natural_D021,s02,B_natural,"The recipe called for saffron, which we could not find.","The recipe called for saffron, which we could not find.",large-v3,int8,62112.1,0,0,0,10,0.0,the recipe called for saffron which we could not find
s02_B_natural_D022,s02,B_natural,Snow buried the fence posts by early January.,Snow buried the fence posts by early January.,large-v3,int8,60502.8,0,0,0,8,0.0,snow buried the fence posts by early january
s02_B_natural_D023,s02,B_natural,She wrote the whole essay on a borrowed laptop.,She wrote the whole essay on a borrowed laptop.,large-v3,int8,59641.3,0,0,0,9,0.0,she wrote the whole essay on a borrowed laptop
s02_B_natural_D024,s02,B_natural,The engine coughed once and then went silent.,The engine coughed once and then went silent.,large-v3,int8,59940.6,0,0,0,8,0.0,the engine coughed once and then went silent
s02_B_natural_D025,s02,B_natural,Amber light spilled across the polished floorboards.,Amber light spilled across the polished floorboards.,large-v3,int8,59609.9,0,0,0,7,0.0,amber light spilled across the polished floorboards
s02_B_natural_D026,s02,B_natural,We watched the storm move east across the val.,We watched the storm move east across the valley.,large-v3,int8,60538.4,1,0,0,9,0.1111,we watched the storm move east across the [val->valley]
s02_B_natural_D027,s02,B_natural,The tailor pinned the hem with practiced fingers.,The tailor pinned the hem with practiced fingers.,large-v3,int8,59686.9,0,0,0,8,0.0,the tailor pinned the hem with practiced fingers
s02_B_natural_D028,s02,B_natural,Salt crusted the windows of the beach house.,Salt crusted the windows of the beach house.,large-v3,int8,61101.7,0,0,0,8,0.0,salt crusted the windows of the beach house
s02_B_natural_D029,s02,B_natural,Their apartment smelled faintly of turpentine.,Their apartment smelled faintly of turpentine.,large-v3,int8,59997.2,0,0,0,6,0.0,their apartment smelled faintly of turpentine
s02_B_natural_D030,s02,B_natural,A heron stood motionless at the edge of the pond.,Heron stood motionless at the edge of the pond.,large-v3,int8,60806.8,0,1,0,10,0.1,[-a] heron stood motionless at the edge of the pond
s02_B_natural_D031,s02,B_natural,The clock in the hallway runs about four minutes fast.,The clock in the hallway runs about four minutes fast.,large-v3,int8,61010.2,0,0,0,10,0.0,the clock in the hallway runs about four minutes fast
s02_B_natural_D032,s02,B_natural,He folded the newspaper and set it on the table.,He folded the newspaper and set it on the table.,large-v3,int8,61004.0,0,0,0,10,0.0,he folded the newspaper and set it on the table
s02_B_natural_D033,s02,B_natural,Bright green algae covered the surface of the water.,Bright green algae cover the surface of the water.,large-v3,int8,60658.9,1,0,0,9,0.1111,bright green algae [covered->cover] the surface of the water
s02_B_natural_D035,s02,B_natural,Rain hammered the tin roof for most of the night.,Rain hammered the tin roof for most of the night.,large-v3,int8,61219.0,0,0,0,10,0.0,rain hammered the tin roof for most of the night
s02_B_natural_D034,s02,B_natural,The children traded stickers during the long bus ride.,The children traded sticks during the long bus ride. The children traded stickers during the long bus ride.,large-v3,int8,63892.9,0,0,9,9,1.0,[+the] [+children] [+traded] [+sticks] [+during] [+the] [+long] [+bus] [+ride] the children traded stickers during the long bus ride
s02_B_natural_F001,s02,B_natural,"I don't really know what she was thinking, honestly.","I don't really know what she was thinking, honestly.",large-v3,int8,62456.9,0,0,0,9,0.0,i don't really know what she was thinking honestly
s02_B_natural_F002,s02,B_natural,"We ended up walking the whole way home, anyway.","We ended up walking the whole way home, anyway.",large-v3,int8,61938.5,0,0,0,9,0.0,we ended up walking the whole way home anyway
s02_B_natural_F003,s02,B_natural,It was one of those afternoons where nothing happened at all.,It was one of those afternoons where nothing happened at all.,large-v3,int8,62706.0,0,0,0,11,0.0,it was one of those afternoons where nothing happened at all
s02_B_natural_F004,s02,B_natural,"He said he'd call back, but he never did.","He said he'd call back, but he never did.",large-v3,int8,62054.8,0,0,0,9,0.0,he said he'd call back but he never did
s02_B_natural_F005,s02,B_natural,"The whole thing fell apart before anyone noticed, apparently.",The whole thing fell apart before anyone noticed.,large-v3,int8,62082.2,0,1,0,9,0.1111,the whole thing fell apart before anyone noticed [-apparently]
s02_B_natural_F006,s02,B_natural,I guess that's just how it goes sometimes.,I guess that's just how it goes sometimes.,large-v3,int8,61400.2,0,0,0,8,0.0,i guess that's just how it goes sometimes
s02_B_natural_F007,s02,B_natural,She left the party early and nobody said anything.,She left the party early and nobody said anything.,large-v3,int8,61813.5,0,0,0,9,0.0,she left the party early and nobody said anything
s02_B_natural_F008,s02,B_natural,"It's not that I mind, it's just kind of strange.","It's not that I mind, it's just kind of strange.",large-v3,int8,63152.4,0,0,0,10,0.0,it's not that i mind it's just kind of strange
s02_B_natural_F009,s02,B_natural,They moved out to Oregon a couple years ago.,They moved out to Oregon a couple of years ago.,large-v3,int8,61682.9,0,0,1,9,0.1111,they moved out to oregon a couple [+of] years ago
s02_B_natural_F010,s02,B_natural,"Nothing about that story adds up, if you think about it.","Now think about that story adds up, if you think about it.",large-v3,int8,62669.8,1,0,1,11,0.1818,[+now] [nothing->think] about that story adds up if you think about it
s02_B_natural_F011,s02,B_natural,I've been meaning to write back for a while now.,I've been meaning to write back for a while now.,large-v3,int8,61468.5,0,0,0,10,0.0,i've been meaning to write back for a while now
s02_B_natural_F012,s02,B_natural,We sat in the car for maybe 20 minutes.,We sat in the car for maybe 20 minutes.,large-v3,int8,59510.3,0,0,0,9,0.0,we sat in the car for maybe twenty minutes
s02_B_natural_F013,s02,B_natural,He's been doing that same job for eleven years.,He's been doing that same job for 11 years.,large-v3,int8,60238.8,0,0,0,9,0.0,he's been doing that same job for eleven years
s02_B_natural_F014,s02,B_natural,It rained the entire week we were on the island.,It rained the entire week we were on the island.,large-v3,int8,60002.0,0,0,0,10,0.0,it rained the entire week we were on the island
s02_B_natural_F015,s02,B_natural,"I never learned how to swim, which is embarrassing.","I never learned how to swim, which is embarrassing.",large-v3,int8,60568.6,0,0,0,9,0.0,i never learned how to swim which is embarrassing
s02_B_natural_F016,s02,B_natural,That's pretty much all anyone talked about afterward.,That's pretty much all anyone talked about afterwards.,large-v3,int8,59605.0,1,0,0,8,0.125,that's pretty much all anyone talked about [afterward->afterwards]
s02_B_natural_F017,s02,B_natural,She kept apologizing even though it wasn't her fault.,She kept apologizing even though it wasn't her fault.,large-v3,int8,60167.8,0,0,0,9,0.0,she kept apologizing even though it wasn't her fault
s02_B_natural_F018,s02,B_natural,"The apartment was smaller than we expected, obviously.","The apartment was smaller than we expected, obviously.",large-v3,int8,60242.3,0,0,0,8,0.0,the apartment was smaller than we expected obviously
s02_B_natural_F019,s02,B_natural,I think I left my keys somewhere in the stairwell.,I think I left my keys somewhere in the stairwell.,large-v3,int8,60504.1,0,0,0,10,0.0,i think i left my keys somewhere in the stairwell
s02_B_natural_F020,s02,B_natural,"It turned out fine, more or less, in the end.","It turned out fine, more or less, in the end.",large-v3,int8,61294.0,0,0,0,10,0.0,it turned out fine more or less in the end
s02_B_natural_F021,s02,B_natural,Nobody warned us about the traffic on the way in.,Nobody warned us about the traffic on the way in.,large-v3,int8,60009.0,0,0,0,10,0.0,nobody warned us about the traffic on the way in
s02_B_natural_F022,s02,B_natural,He mentioned it once and then never brought it up again.,He mentioned it once and then never brought it up again.,large-v3,int8,60600.1,0,0,0,11,0.0,he mentioned it once and then never brought it up again
s02_B_natural_F023,s02,B_natural,We were both too tired to argue about it anymore.,We were both too tired to argue about it anymore.,large-v3,int8,60159.0,0,0,0,10,0.0,we were both too tired to argue about it anymore
s02_B_natural_F024,s02,B_natural,I've been putting that conversation off for months.,I've been putting that conversation off for months.,large-v3,int8,60758.0,0,0,0,8,0.0,i've been putting that conversation off for months
s02_B_natural_F025,s02,B_natural,It felt like the longest week of the entire summer.,It felt like the longest week of the entire summer.,large-v3,int8,59760.9,0,0,0,10,0.0,it felt like the longest week of the entire summer
s02_C_creak_C001,s02,C_creak,Set a timer for twelve minutes.,set a timer for 12 minutes.,large-v3,int8,59681.3,0,0,0,6,0.0,set a timer for twelve minutes
s02_C_creak_C002,s02,C_creak,Text Marcus that I'm running late.,text Marcus that I'm running late.,large-v3,int8,61059.3,0,0,0,6,0.0,text marcus that i'm running late
s02_C_creak_C003,s02,C_creak,What's the weather in Newton tomorrow?,What's the weather in Newton tomorrow?,large-v3,int8,61246.6,0,0,0,6,0.0,what's the weather in newton tomorrow
s02_C_creak_C004,s02,C_creak,Play the new Noah Kahn album.,Play the new Noah Kahn album.,large-v3,int8,61285.0,0,0,0,6,0.0,play the new noah kahn album
s02_C_creak_C005,s02,C_creak,Remind me to email my advisor on Monday.,And remind me to email my advisor on Monday.,large-v3,int8,62780.6,0,0,1,8,0.125,[+and] remind me to email my advisor on monday
s02_C_creak_C006,s02,C_creak,How long is the flight to Tokyo?,how long is the flight to Tokyo?,large-v3,int8,62707.3,0,0,0,7,0.0,how long is the flight to tokyo
s02_C_creak_C007,s02,C_creak,Add oat milk to my grocery list.,Add oat milk to my grocery list.,large-v3,int8,61258.6,0,0,0,7,0.0,add oat milk to my grocery list
s02_C_creak_C008,s02,C_creak,Call the gelato shop on Orchard Street.,called The Gelato Shop on Orchard Street.,large-v3,int8,62301.4,1,0,0,7,0.1429,[call->called] the gelato shop on orchard street
s02_C_creak_C009,s02,C_creak,Turn off the bedroom lights.,to turn off the bedroom lights.,large-v3,int8,61858.1,0,0,1,5,0.2,[+to] turn off the bedroom lights
s02_C_creak_C010,s02,C_creak,What time does the library close today?,What time does the library close today?,large-v3,int8,61951.8,0,0,0,7,0.0,what time does the library close today
s02_C_creak_C011,s02,C_creak,Navigate to Grand Central Terminal.,Navigate to Grand Central Terminal.,large-v3,int8,60750.1,0,0,0,5,0.0,navigate to grand central terminal
s02_C_creak_C012,s02,C_creak,Send a photo of the choir group chat.,send a photo of the choir group chat.,large-v3,int8,60285.6,0,0,0,8,0.0,send a photo of the choir group chat
s02_C_creak_C013,s02,C_creak,Show me my calendar for next Thursday.,Show me my calendar for next Thursday.,large-v3,int8,59062.6,0,0,0,7,0.0,show me my calendar for next thursday
s02_C_creak_C015,s02,C_creak,Skip to the next song.,Skip to the next song.,large-v3,int8,58428.3,0,0,0,5,0.0,skip to the next song
s02_C_creak_C014,s02,C_creak,Convert eighty degrees Fahrenheit to Celsius.,convert 80 degrees Fahrenheit to Celsius.,large-v3,int8,58924.2,0,0,0,6,0.0,convert eighty degrees fahrenheit to celsius
s02_C_creak_C016,s02,C_creak,What's the score of the Mets game?,What's the score of the Mets game?,large-v3,int8,60779.7,0,0,0,7,0.0,what's the score of the mets game
s02_C_creak_C017,s02,C_creak,Set an alarm for six forty-five.,Set an alarm for 645.,large-v3,int8,59203.7,0,0,1,7,0.1429,set an alarm for six [+hundred] forty five
s02_C_creak_C018,s02,C_creak,Find a ramen place open past midnight.,Find a ramen place open past midnight.,large-v3,int8,59883.5,0,0,0,7,0.0,find a ramen place open past midnight
s02_C_creak_C019,s02,C_creak,Read my last message from Anjali.,Read my last message from Anjali.,large-v3,int8,60302.5,0,0,0,6,0.0,read my last message from anjali
s02_C_creak_C020,s02,C_creak,How do you say thank you in Japanese?,how do you say thank you in Japanese,large-v3,int8,59563.0,0,0,0,8,0.0,how do you say thank you in japanese
s02_C_creak_C021,s02,C_creak,Start a workout on my watch.,start a workout on my watch.,large-v3,int8,59009.2,0,0,0,6,0.0,start a workout on my watch
s02_C_creak_C022,s02,C_creak,Cancel my reminder about the dentist.,So cancel my reminder about the dentist.,large-v3,int8,58301.0,0,0,1,6,0.1667,[+so] cancel my reminder about the dentist
s02_C_creak_C023,s02,C_creak,Take a note about the pitch analysis.,take a note about the pitch analysis.,large-v3,int8,58490.8,0,0,0,7,0.0,take a note about the pitch analysis
s02_C_creak_C024,s02,C_creak,What is twenty percent of forty-three dollars?,What is 20% of $43?,large-v3,int8,59507.7,0,0,0,8,0.0,what is twenty percent of forty three dollars
s02_C_creak_C025,s02,C_creak,Turn the volume down a little.,Turn the volume down a little.,large-v3,int8,60123.8,0,0,0,6,0.0,turn the volume down a little
s02_C_creak_C026,s02,C_creak,Open the Praat documentation in Safari.,open the Pratt documentation in Safari.,large-v3,int8,61729.9,1,0,0,6,0.1667,open the [praat->pratt] documentation in safari
s02_C_creak_C027,s02,C_creak,Schedule a meeting for Friday afternoon.,scheduled a meeting for Friday afternoon.,large-v3,int8,62437.9,1,0,0,6,0.1667,[schedule->scheduled] a meeting for friday afternoon
s02_C_creak_C028,s02,C_creak,Is it going to rain this evening?,is it going to rain this evening,large-v3,int8,62016.1,0,0,0,7,0.0,is it going to rain this evening
s02_C_creak_C029,s02,C_creak,Play something quiet while I study.,Or play something quiet while I study.,large-v3,int8,61832.7,0,0,1,6,0.1667,[+or] play something quiet while i study
s02_C_creak_C030,s02,C_creak,Delete the last voice memo.,delete the last voice memo.,large-v3,int8,60241.2,0,0,0,5,0.0,delete the last voice memo
s02_C_creak_C031,s02,C_creak,What's the fastest way to Morningside Heights?,What's the fastest way to Morningside Heights?,large-v3,int8,62559.8,0,0,0,7,0.0,what's the fastest way to morningside heights
s02_C_creak_C032,s02,C_creak,Add a wisteria trellis to my shopping list.,add wisteria trellis to my shopping list.,large-v3,int8,63233.2,0,1,0,8,0.125,add [-a] wisteria trellis to my shopping list
s02_C_creak_C033,s02,C_creak,Tell me a joke about linguists.,Tell me a joke about linguists.,large-v3,int8,61053.7,0,0,0,6,0.0,tell me a joke about linguists
s02_C_creak_C034,s02,C_creak,Show me photos from Cape Cod.,Show me photos from Cape Cod.,large-v3,int8,59577.9,0,0,0,6,0.0,show me photos from cape cod
s02_C_creak_C035,s02,C_creak,How many days until September first?,how many days until September 1st.,large-v3,int8,58756.8,1,0,0,6,0.1667,how many days until september [first->onest]
s02_C_creak_C036,s02,C_creak,Turn on do not disturb until noon.,Turn on Do Not Disturb until noon.,large-v3,int8,59235.9,0,0,0,7,0.0,turn on do not disturb until noon
s02_C_creak_C037,s02,C_creak,Where is the nearest pharmacy?,Where is the nearest pharmacy?,large-v3,int8,57328.3,0,0,0,5,0.0,where is the nearest pharmacy
s02_C_creak_C038,s02,C_creak,Mail the lab about the annotation deadline.,to the lab about the annotation deadline.,large-v3,int8,59134.0,1,0,0,7,0.1429,[mail->to] the lab about the annotation deadline
s02_C_creak_C039,s02,C_creak,What's on my agenda this morning?,What's on my agenda this morning?,large-v3,int8,58782.1,0,0,0,6,0.0,what's on my agenda this morning
s02_C_creak_C040,s02,C_creak,Play white noise for thirty minutes.,Play white noise for 30 minutes.,large-v3,int8,58511.1,0,0,0,6,0.0,play white noise for thirty minutes
s02_C_creak_D001,s02,C_creak,The old bridge groaned under the weight of the truck.,Up the old bridge groaned under the weight of the truck.,large-v3,int8,61360.4,0,0,1,10,0.1,[+up] the old bridge groaned under the weight of the truck
s02_C_creak_D002,s02,C_creak,She poured the vinegar into a shallow glass dish.,She poured the vinegar into a shallow glass dish.,large-v3,int8,59306.9,0,0,0,9,0.0,she poured the vinegar into a shallow glass dish
s02_C_creak_D003,s02,C_creak,Seven zebras wandered across the dusty road.,Seven zebras wandered across the dusty road.,large-v3,int8,58918.2,0,0,0,7,0.0,seven zebras wandered across the dusty road
s02_C_creak_D004,s02,C_creak,My grandmother kept her thimbles in a wooden box.,My grandmother kept her thimbles in a wooden box.,large-v3,int8,60422.6,0,0,0,9,0.0,my grandmother kept her thimbles in a wooden box
s02_C_creak_D005,s02,C_creak,The judge asked for silence in the crowded room.,The judge asked for silence in the crowded room.,large-v3,int8,59632.7,0,0,0,9,0.0,the judge asked for silence in the crowded room
s02_C_creak_D006,s02,C_creak,Thick fog settled over the harbor before dawn.,And thick fog settled over the harbor before dawn.,large-v3,int8,59472.6,0,0,1,8,0.125,[+and] thick fog settled over the harbor before dawn
s02_C_creak_D007,s02,C_creak,He measured the flour twice and still got it wrong.,he measured the flower twice and still got it wrong.,large-v3,int8,59900.4,1,0,0,10,0.1,he measured the [flour->flower] twice and still got it wrong
s02_C_creak_D008,s02,C_creak,Purple thistles grew along the railway embankment.,Purple thistles grew along the railway embankment.,large-v3,int8,60075.3,0,0,0,7,0.0,purple thistles grew along the railway embankment
s02_C_creak_D009,s02,C_creak,The choir rehearsed the same passage eleven times.,The choir rehearsed the same passage 11 times.,large-v3,int8,59923.4,0,0,0,8,0.0,the choir rehearsed the same passage eleven times
s02_C_creak_D010,s02,C_creak,A single moth circled the porch light all evening.,A single moth circled the porch light all evening.,large-v3,int8,61067.0,0,0,0,9,0.0,a single moth circled the porch light all evening
s02_C_creak_D011,s02,C_creak,They shipped the equipment in reinforced crate.,They shipped the equipment in reinforced crates.,large-v3,int8,61110.4,1,0,0,7,0.1429,they shipped the equipment in reinforced [crate->crates]
s02_C_creak_D012,s02,C_creak,The tide pulled the small boat towards the rocks.,The tide pulled the small boat towards the rocks.,large-v3,int8,61416.9,0,0,0,9,0.0,the tide pulled the small boat towards the rocks
s02_C_creak_D013,s02,C_creak,Cinnamon and cloves filled the kitchen with warmth.,Cinnamon and cloves filled the kitchen with warmth.,large-v3,int8,61021.2,0,0,0,8,0.0,cinnamon and cloves filled the kitchen with warmth
s02_C_creak_D014,s02,C_creak,Nobody remembered who had locked the back door.,Nobody remembered who had locked the back door.,large-v3,int8,60917.6,0,0,0,8,0.0,nobody remembered who had locked the back door
s02_C_creak_D015,s02,C_creak,The librarian stamped each card with quiet precision.,The librarian stamped each card with quiet precision.,large-v3,int8,60775.0,0,0,0,8,0.0,the librarian stamped each card with quiet precision
s02_C_creak_D016,s02,C_creak,Wet leaves clogged the gutter above the window.,wet leaves clogged the gutter above the window.,large-v3,int8,62486.7,0,0,0,8,0.0,wet leaves clogged the gutter above the window
s02_C_creak_D017,s02,C_creak,I bought a secondhand bicycle for forty dollars.,I bought a second hand bicycle for $40.,large-v3,int8,61413.2,1,0,1,8,0.25,i bought a [+second] [secondhand->hand] bicycle for forty dollars
s02_C_creak_D018,s02,C_creak,The mountain village looked empty in the photograph.,the mountain village looked empty in the photograph.,large-v3,int8,59626.3,0,0,0,8,0.0,the mountain village looked empty in the photograph
s02_C_creak_D019,s02,C_creak,Three sparrows fought over a crust of bread.,Three sparrows fought over a crust of bread.,large-v3,int8,59709.9,0,0,0,8,0.0,three sparrows fought over a crust of bread
s02_C_creak_D020,s02,C_creak,His youngest brother plays trumpet in the marching band.,His youngest brother plays trumpet in the marching band.,large-v3,int8,59768.0,0,0,0,9,0.0,his youngest brother plays trumpet in the marching band
s02_C_creak_D021,s02,C_creak,"The recipe called for saffron, which we could not find.","The recipe called for saffron, which we could not find.",large-v3,int8,60521.6,0,0,0,10,0.0,the recipe called for saffron which we could not find
s02_C_creak_D022,s02,C_creak,Snow buried the fence posts by early January.,Snow buried the fence post by early January.,large-v3,int8,59382.4,1,0,0,8,0.125,snow buried the fence [posts->post] by early january
s02_C_creak_D023,s02,C_creak,She wrote the whole essay on a borrowed laptop.,she wrote the whole essay on a borrowed laptop.,large-v3,int8,59537.9,0,0,0,9,0.0,she wrote the whole essay on a borrowed laptop
s02_C_creak_D024,s02,C_creak,The engine coughed once and then went silent.,the engine coughed once and then went silent,large-v3,int8,59406.1,0,0,0,8,0.0,the engine coughed once and then went silent
s02_C_creak_D025,s02,C_creak,Amber light spilled across the polished floorboards.,"Um, amber light spilled across the polished floorboards.",large-v3,int8,61145.7,0,0,1,7,0.1429,[+um] amber light spilled across the polished floorboards
s02_C_creak_D026,s02,C_creak,We watched the storm move east across the valley.,We watched the storm move east across the valley.,large-v3,int8,60997.9,0,0,0,9,0.0,we watched the storm move east across the valley
s02_C_creak_D027,s02,C_creak,Int the tailor pinned the hem with practiced fingers.,And the tailor pinned the hem with practice fingers.,large-v3,int8,60682.5,2,0,0,9,0.2222,[int->and] the tailor pinned the hem with [practiced->practice] fingers
s02_C_creak_D028,s02,C_creak,Salt crusted the windows of the beach house.,Salt crusted the windows of the beach house.,large-v3,int8,60349.4,0,0,0,8,0.0,salt crusted the windows of the beach house
s02_C_creak_D029,s02,C_creak,Their apartment smelled faintly of turpentine.,Their apartment smelled faintly of turpentine.,large-v3,int8,60783.8,0,0,0,6,0.0,their apartment smelled faintly of turpentine
s02_C_creak_D030,s02,C_creak,A heron stood motionless at the edge of the pond.,a heron stood motionless at the edge of the pond,large-v3,int8,61838.9,0,0,0,10,0.0,a heron stood motionless at the edge of the pond
s02_C_creak_D031,s02,C_creak,The clock in the hallway runs about four minutes fast.,The clock in the hallway runs about four minutes fast.,large-v3,int8,60453.4,0,0,0,10,0.0,the clock in the hallway runs about four minutes fast
s02_C_creak_D032,s02,C_creak,He folded the newspaper and set it on the table.,He folded the newspaper and set it on the table.,large-v3,int8,60736.2,0,0,0,10,0.0,he folded the newspaper and set it on the table
s02_C_creak_D033,s02,C_creak,Bright green algae covered the surface of the water.,bright green algae covered the surface of the water.,large-v3,int8,60138.8,0,0,0,9,0.0,bright green algae covered the surface of the water
s02_C_creak_D034,s02,C_creak,The children traded stickers during the long bus ride.,"See, the children traded stickers during the long bus ride.",large-v3,int8,60897.3,0,0,1,9,0.1111,[+see] the children traded stickers during the long bus ride
s02_C_creak_D035,s02,C_creak,Rain hammered the tin roof for most of the night.,rain hammered the tin roof for most of the night.,large-v3,int8,61876.8,0,0,0,10,0.0,rain hammered the tin roof for most of the night
s02_C_creak_F001,s02,C_creak,"I don't really know what she was thinking, honestly.","I don't really know what she was thinking, honestly.",large-v3,int8,62664.1,0,0,0,9,0.0,i don't really know what she was thinking honestly
s02_C_creak_F002,s02,C_creak,"We ended up walking the whole way home, anyway.",We ended up walking the whole way home anyway.,large-v3,int8,61194.9,0,0,0,9,0.0,we ended up walking the whole way home anyway
s02_C_creak_F003,s02,C_creak,It was one of those afternoons where nothing happened at all.,It was one of those afternoons where nothing happened at all.,large-v3,int8,62608.4,0,0,0,11,0.0,it was one of those afternoons where nothing happened at all
s02_C_creak_F004,s02,C_creak,"He said that he'd call back, but he never really did.","He said that he'd call back, but he never really did.",large-v3,int8,62386.3,0,0,0,11,0.0,he said that he'd call back but he never really did
s02_C_creak_F005,s02,C_creak,"The whole thing fell apart before anyone noticed, apparently.",The whole thing fell apart before anyone noticed apparently.,large-v3,int8,61290.0,0,0,0,9,0.0,the whole thing fell apart before anyone noticed apparently
s02_C_creak_F006,s02,C_creak,I guess that's just how it goes sometimes.,I guess that's just how it goes sometimes.,large-v3,int8,61445.2,0,0,0,8,0.0,i guess that's just how it goes sometimes
s02_C_creak_F007,s02,C_creak,She left the party early and nobody said anything.,she left the party early and nobody said anything,large-v3,int8,61219.9,0,0,0,9,0.0,she left the party early and nobody said anything
s02_C_creak_F008,s02,C_creak,"It's not that I mind, it's just kind of strange.",It's not that I mind. It's just kind of strange.,large-v3,int8,62071.2,0,0,0,10,0.0,it's not that i mind it's just kind of strange
s02_C_creak_F009,s02,C_creak,They moved out to Oregon a couple years ago.,they moved out to Oregon a couple of years ago.,large-v3,int8,59404.9,0,0,1,9,0.1111,they moved out to oregon a couple [+of] years ago
s02_C_creak_F010,s02,C_creak,"Nothing about that story adds up, if you think about it.",Sometimes nothing about that story adds up if you think about it.,large-v3,int8,60105.0,0,0,1,11,0.0909,[+sometimes] nothing about that story adds up if you think about it
s02_C_creak_F011,s02,C_creak,I've been meaning to write back for a while now.,I've been meaning to write back for a while now.,large-v3,int8,59600.7,0,0,0,10,0.0,i've been meaning to write back for a while now
s02_C_creak_F012,s02,C_creak,We sat in the car for maybe 20 minutes.,We sat in the car for maybe 20 minutes.,large-v3,int8,59358.9,0,0,0,9,0.0,we sat in the car for maybe twenty minutes
s02_C_creak_F013,s02,C_creak,He's been doing that same job for eleven years.,he's been doing that same job for 11 years.,large-v3,int8,59737.6,0,0,0,9,0.0,he's been doing that same job for eleven years
s02_C_creak_F014,s02,C_creak,It rained the entire week we were on the island.,It rained the entire week. We were on the island.,large-v3,int8,61159.3,0,0,0,10,0.0,it rained the entire week we were on the island
s02_C_creak_F015,s02,C_creak,"I never learned how to swim, which is embarrassing.","I never learned how to swim, which is embarrassing.",large-v3,int8,59379.1,0,0,0,9,0.0,i never learned how to swim which is embarrassing
s02_C_creak_F016,s02,C_creak,That's pretty much all anyone talked about afterward.,So that's pretty much all anyone talked about afterwards.,large-v3,int8,59719.5,1,0,1,8,0.25,[+so] that's pretty much all anyone talked about [afterward->afterwards]
s02_C_creak_F017,s02,C_creak,She kept apologizing even though it wasn't her fault.,she kept apologizing even though it wasn't her fault,large-v3,int8,60775.6,0,0,0,9,0.0,she kept apologizing even though it wasn't her fault
s02_C_creak_F018,s02,C_creak,"The apartment was smaller than we expected, obviously.",the apartment was smaller than we expected obviously,large-v3,int8,58919.7,0,0,0,8,0.0,the apartment was smaller than we expected obviously
s02_C_creak_F019,s02,C_creak,I think I left my keys somewhere in the stairwell.,I think I left my keys somewhere in the stairwell.,large-v3,int8,58728.2,0,0,0,10,0.0,i think i left my keys somewhere in the stairwell
s02_C_creak_F020,s02,C_creak,"It turned out fine, more or less, in the end.","it turned out fine, more or less, in the end.",large-v3,int8,59505.0,0,0,0,10,0.0,it turned out fine more or less in the end
s02_C_creak_F021,s02,C_creak,Nobody warned us about the traffic on the way in.,Nobody warned us about the traffic on the way in.,large-v3,int8,57427.1,0,0,0,10,0.0,nobody warned us about the traffic on the way in
s02_C_creak_F022,s02,C_creak,He mentioned it once and then never brought it up again.,He mentioned it once and then never brought it up again.,large-v3,int8,54915.7,0,0,0,11,0.0,he mentioned it once and then never brought it up again
s02_C_creak_F023,s02,C_creak,We were both too tired to argue about it anymore.,We were both too tired to argue about it anymore.,large-v3,int8,53829.8,0,0,0,10,0.0,we were both too tired to argue about it anymore
s02_C_creak_F024,s02,C_creak,I've been putting that conversation off for months.,And I've been putting that conversation off for months.,large-v3,int8,48288.3,0,0,1,8,0.125,[+and] i've been putting that conversation off for months
s02_C_creak_F025,s02,C_creak,It felt like the longest week of the entire summer.,it felt like the longest week of the entire summer.,large-v3,int8,45409.3,0,0,0,10,0.0,it felt like the longest week of the entire summer
